candidate_kc_key,candidate_kc_name,question_id,matched_routes,image_tokens,content,answer,analysis,type,options,all_kc_routes
402,直线和交点,1432,"[""拓展思维----组合模块----智巧趣题----点线排布----直线和交点""]","[""analysis_1432-image_0"", ""question_1432-image_0""]","图中共条直线个交点．
 question_1432-image_0","[""$$4$$"", ""$$5$$""]","如图，有$$4$$条直线，$$5$$个交点．
 analysis_1432-image_0",填空,{},"[""拓展思维----组合模块----智巧趣题----点线排布----直线和交点""]"
402,直线和交点,1547,"[""拓展思维----组合模块----智巧趣题----点线排布----直线和交点""]",[],同一个平面内的$$200$$条直线，最多有个不同的交点.,"[""$$19900$$""]",$$1+2+\ldots +199=19900$$（个）．,填空,{},"[""拓展思维----组合模块----智巧趣题----点线排布----直线和交点""]"
402,直线和交点,1771,"[""拓展思维----组合模块----智巧趣题----点线排布----直线和交点""]",[],平面上有$$100$$条直线，它们最多有个不同的交点．,"[""$$4950$$""]","题目条件里的直线太多，因此我们从简单情况出发，先考虑$$2$$条，$$3$$条$$\cdots \cdots $$直线的情况，



直线条数
交点最多的个数


$$2$$
$$1$$


$$3$$
$$3=1+2$$


$$4$$
$$6=1+2+3$$


$$5$$
$$10=1+2+3+4$$



从上面的简单情况可以看出，平面上$$n$$条直线最多有：$$[1+2+3+4+\cdots +(n-1)]$$个不同的交点，本题中是$$100$$条直线，因此最多有$$1+2+3+\cdots +99=4950$$（个）交点．",填空,{},"[""拓展思维----组合模块----智巧趣题----点线排布----直线和交点""]"
402,直线和交点,1853,"[""拓展思维----组合模块----智巧趣题----点线排布----直线和交点""]",[],同一平面上的$$13$$条直线最多可以有个交点 .,"[""$$78$$""]",$$12+11+\cdots +3+2+1=78$$.,填空,{},"[""拓展思维----组合模块----智巧趣题----点线排布----直线和交点""]"
402,直线和交点,1854,"[""拓展思维----组合模块----智巧趣题----点线排布----直线和交点""]","[""analysis_1854-image_0"", ""question_1854-image_0""]","图中共$$5$$条直线$$7$$个交点，如果只去掉直线$${{l}_{1}}$$还剩个交点，如果只去掉直线$${{l}_{2}}$$还剩个交点，如果只去掉直线$${{l}_{3}}$$还剩个交点，如果只去掉直线$${{l}_{4}}$$还剩个交点，如果只去掉直线$${{l}_{5}}$$还剩个交点．
 question_1854-image_0","[""$$6$$"", ""$$4$$"", ""$$5$$"", ""$$5$$"", ""$$3$$""]","只连接两条线的交点，去掉其中一条该交点就消失了，详见下图：
 analysis_1854-image_0",填空,{},"[""拓展思维----组合模块----智巧趣题----点线排布----直线和交点""]"
402,直线和交点,1855,"[""拓展思维----组合模块----智巧趣题----点线排布----直线和交点""]","[""analysis_1855-image_0"", ""question_1855-image_0""]","图中共$$4$$条直线$$3$$个交点，去掉号直线，能够让交点不发生改变．
 question_1855-image_0","[""$$3$$""]","如图，去掉$$3$$号线，交点不发生改变．
 analysis_1855-image_0",填空,{},"[""拓展思维----组合模块----智巧趣题----点线排布----直线和交点""]"
402,直线和交点,1856,"[""拓展思维----组合模块----智巧趣题----点线排布----直线和交点""]",[],同一平面上的$$30$$条直线最多可以有个交点．,"[""$$435$$""]",‍同一平面上的$$30$$条直线最多有$$1+2+3+4+5+6+7+8+9+\ldots\ldots+29=435$$个交点．,填空,{},"[""拓展思维----组合模块----智巧趣题----点线排布----直线和交点""]"
402,直线和交点,3069,"[""拓展思维----组合模块----智巧趣题----点线排布----直线和交点""]",[],同一平面上的$$15$$条直线最多可以有个交点．,"[""$$105$$""]",‍同一平面上的$$15$$条直线最多有$$1+2+3+4+5+6+7+8+9+\ldots\ldots+14=105$$个交点．,填空,{},"[""拓展思维----组合模块----智巧趣题----点线排布----直线和交点""]"
402,直线和交点,3070,"[""拓展思维----组合模块----智巧趣题----点线排布----直线和交点""]",[],同一平面上的$$10$$条直线最多可以有个交点 .,"[""$$45$$""]",$$9+\cdots +3+2+1=45$$.,填空,{},"[""拓展思维----组合模块----智巧趣题----点线排布----直线和交点""]"
402,直线和交点,3156,"[""拓展思维----组合模块----智巧趣题----点线排布----直线和交点""]","[""analysis_3156-image_0"", ""analysis_3156-image_1"", ""question_3156-image_0""]",下图中有条直线，个交点 question_3156-image_0 ​,"[""$$4$$"", ""$$4$$""]",同一平面内的两条直线有两种关系，平行或相交． 如果两条直线平行，则不会产生交点；如果两条直线相交，则能且只能产生一个交点$$.$$ 影响直线成交点个数的两个因素是：“平行”和“多线共点”.（$$1$$）平行原图有两组平行线，所以有下面两类情况，均会产生两个新的交点． analysis_3156-image_0 （$$2$$）多线共点新增线和原来的四条线不平行，一定相交，可以交于“老”点，也可以交于“新”点，两者择其一.观察发现本题图形每个“老”交点都关联两条直线，所以可以有以下三类情况：①不共用“老”点；②共用一个“老”点；③共用两个“老”点． analysis_3156-image_1,填空,{},"[""拓展思维----组合模块----智巧趣题----点线排布----直线和交点""]"
402,直线和交点,3157,"[""拓展思维----组合模块----智巧趣题----点线排布----直线和交点""]",[],请回答下列各题：同一平面上的$$3$$ 条直线最多可以有个交点．每条线上有个交点,"[""$$3$$"", ""$$2$$""]",$$3$$条直线最多有$$1+2=3$$个交点，每条线上有$$2$$个交点．,填空,{},"[""拓展思维----组合模块----智巧趣题----点线排布----直线和交点""]"
402,直线和交点,3158,"[""拓展思维----组合模块----智巧趣题----点线排布----直线和交点""]",[],请回答下列各题：同一平面上的$$4$$ 条直线最多可以有个交点．每条线上有个交点.,"[""$$6$$"", ""$$3$$""]",$$4$$条直线最多有$$1+2+3=6$$个交点，每条线上有$$3$$个交点．,填空,{},"[""拓展思维----组合模块----智巧趣题----点线排布----直线和交点""]"
402,直线和交点,3159,"[""拓展思维----组合模块----智巧趣题----点线排布----直线和交点""]",[],请回答下列各题：同一平面上的$$101$$ 条直线最多可以有个交点．每条线上有个交点.,"[""$$5050$$"", ""$$100$$""]",方法一：同一平面上，按照顺序添加第$$n$$条直线时，会增加$$n-1$$个交点，所以$$101$$条直线最多有$$1+2+3+\cdots +99+100=5050$$个交点，每条线上有$$100$$个交点．方法二：每条直线都与其他的直线有交点，所以每条直线上有$$100$$个交点，每个交点会被算两次，则有$$101\times 100\div 2=5050$$个交点．,填空,{},"[""拓展思维----组合模块----智巧趣题----点线排布----直线和交点""]"
402,直线和交点,3695,"[""拓展思维----组合模块----智巧趣题----点线排布----直线和交点""]",[],同一平面上的$$20$$ 条直线最多可以有个交点？,"[""$$190$$""]",平面上有$$20$$条直线，最多确定交点：$$1+2+\cdots +19=190$$（个）．,填空,{},"[""拓展思维----组合模块----智巧趣题----点线排布----直线和交点""]"
402,直线和交点,3771,"[""拓展思维----组合模块----智巧趣题----点线排布----直线和交点""]",[],请回答下列各题：同一平面上的$$4$$ 条直线最多可以有个交点，每条线上有个交点．,"[""$$6$$"", ""$$3$$""]",$$4$$条直线最多有$$1+2+3=6$$个交点，每条线上有$$3$$个交点．,填空,{},"[""拓展思维----组合模块----智巧趣题----点线排布----直线和交点""]"
402,直线和交点,3772,"[""拓展思维----组合模块----智巧趣题----点线排布----直线和交点""]",[],同一平面上的$$8$$条直线最多可以有个交点．,"[""$$28$$""]",同一平面上的$$8$$条直线最多有$$1+2+3+4+5+6+7=28$$个交点．,填空,{},"[""拓展思维----组合模块----智巧趣题----点线排布----直线和交点""]"
402,直线和交点,3773,"[""拓展思维----组合模块----智巧趣题----点线排布----直线和交点""]",[],请回答下列各题：同一平面上的$$101$$ 条直线最多可以有个交点，每条线上有个交点．,"[""$$5050$$"", ""$$100$$""]",方法一：同一平面上，按照顺序添加第$$n$$条直线时，会增加$$n-1$$个交点，所以$$101$$条直线最多有$$1+2+3+\cdots +99+100=5050$$个交点，每条线上有$$100$$个交点．方法二：每条直线都与其他的直线有交点，所以每条直线上有$$100$$个交点，每个交点会被算两次，则有$$101\times 100\div 2=5050$$个交点．,填空,{},"[""拓展思维----组合模块----智巧趣题----点线排布----直线和交点""]"
402,直线和交点,3774,"[""拓展思维----组合模块----智巧趣题----点线排布----直线和交点""]",[],请回答下列各题：同一平面上的$$3$$ 条直线最多可以有个交点，每条线上有个交点．,"[""$$3$$"", ""$$2$$""]",$$3$$条直线最多有$$1+2=3$$个交点，每条线上有$$2$$个交点．,填空,{},"[""拓展思维----组合模块----智巧趣题----点线排布----直线和交点""]"
402,直线和交点,4289,"[""拓展思维----组合模块----智巧趣题----点线排布----直线和交点""]","[""analysis_4289-image_0"", ""analysis_4289-image_1"", ""question_4289-image_0""]",图中共有$$6$$条直线，去掉一条直线，使得交点个数为$$7$$个，那么去掉的是 question_4289-image_0,"[""D""]",一个点如果只连接两条直线，那么去掉其中一条的话，这个点就不存在了$$.$$ 分析每一条直线上交点的情况，如果是$$2$$条直线交成的点，那么去掉这条线，相应的点就会消失，如果是$$3$$条及以上直线交成的点，去掉该线对于交点没有影响，详见下图： analysis_4289-image_0 我们发现交点变为$$6$$个的方法有三种$$.$$ 去完线之后的图形如下： analysis_4289-image_1,单选,"{""A"": ""$$l1$$"", ""B"": ""$$l2$$"", ""C"": ""$$l3$$"", ""D"": ""$$l4$$""}","[""拓展思维----组合模块----智巧趣题----点线排布----直线和交点""]"
402,直线和交点,4503,"[""拓展思维----组合模块----智巧趣题----点线排布----直线和交点""]","[""analysis_4503-image_0"", ""analysis_4503-image_1"", ""analysis_4503-image_2"", ""analysis_4503-image_3"", ""analysis_4503-image_4"", ""analysis_4503-image_5"", ""question_4503-image_0""]","在下图中添加一条直线，那么图中的交点数不可能变成（ ）个．
 question_4503-image_0","[""G""]","$$6$$、$$7$$、$$8$$、$$9$$、$$10$$、$$11$$均有可能，详见如图：
 analysis_4503-image_0 analysis_4503-image_1 analysis_4503-image_2 analysis_4503-image_3 analysis_4503-image_4 analysis_4503-image_5",单选,"{""A"": ""$$6$$"", ""B"": ""$$7$$"", ""C"": ""$$8$$"", ""D"": ""$$9$$"", ""E"": ""$$10$$"", ""F"": ""$$11$$"", ""G"": ""$$12$$""}","[""拓展思维----组合模块----智巧趣题----点线排布----直线和交点""]"
402,直线和交点,4504,"[""拓展思维----组合模块----智巧趣题----点线排布----直线和交点""]","[""analysis_4504-image_0"", ""question_4504-image_0""]","图中的$$5$$个点一共可以画出$$6$$条直线，如果在图中再增加一个点，新产生直线的数量一共有种情况.
 question_4504-image_0","[""$$4$$""]","$$4$$种情况：
 analysis_4504-image_0",填空,{},"[""拓展思维----组合模块----智巧趣题----点线排布----直线和交点""]"
402,直线和交点,4507,"[""拓展思维----组合模块----智巧趣题----点线排布----直线和交点""]",[],在同一平面上任给$$20$$个点，最多可以确定条直线．同一平面上的$$20$$ 条直线最多可以有个交点．,"[""$$190$$"", ""$$190$$""]",平面上有$$20$$个点，最多确定直线：$$19+18+\cdots +1=190$$（条）；平面上有$$20$$条直线，最多确定交点：$$1+2+\cdots +19=190$$（个）．,填空,{},"[""拓展思维----组合模块----智巧趣题----点线排布----直线和交点""]"
402,直线和交点,4663,"[""拓展思维----组合模块----智巧趣题----点线排布----直线和交点""]","[""analysis_4663-image_0"", ""question_4663-image_0""]","‍图中共$$5$$条直线$$5$$个交点，去掉号直线，能够让交点不发生改变．
 question_4663-image_0","[""$$4$$""]","如图，去掉$$4$$号直线，交点不发生改变．
 analysis_4663-image_0",填空,{},"[""拓展思维----组合模块----智巧趣题----点线排布----直线和交点""]"
402,直线和交点,4664,"[""拓展思维----组合模块----智巧趣题----点线排布----直线和交点""]",[],同一平面上的$$20$$条直线，最多可以有个交点．,"[""$$190$$""]",$$1+2+\cdots+19=190$$个．,填空,{},"[""拓展思维----组合模块----智巧趣题----点线排布----直线和交点""]"
402,直线和交点,4720,"[""拓展思维----组合模块----智巧趣题----点线排布----直线和交点""]","[""analysis_4720-image_0"", ""question_4720-image_0""]",下图中共有$$8$$条直线，位置如图，其中$${{l}_{1}}$$、$${{l}_{2}}$$、$${{l}_{3}}$$互相平行，$${{l}_{4}}$$、$${{l}_{5}}$$互相平行，那么：这些直线共有个交点 question_4720-image_0,"[""$$16$$""]",枚举数点，注意$${{l}_{4}}$$与$${{l}_{6}}$$的交点不在图中，容易遗漏． analysis_4720-image_0,填空,{},"[""拓展思维----组合模块----智巧趣题----点线排布----直线和交点""]"
402,直线和交点,4721,"[""拓展思维----组合模块----智巧趣题----点线排布----直线和交点""]","[""analysis_4721-image_0"", ""question_4721-image_0""]",下图中共有$$8$$条直线，位置如图，其中$${{l}_{1}}$$、$${{l}_{2}}$$、$${{l}_{3}}$$互相平行，$${{l}_{4}}$$、$${{l}_{5}}$$互相平行，如果在图中添加一条直线，交点数最多可以增加个交点． question_4721-image_0,"[""$$8$$""]",最多增加$$8$$个，即与每条直线均产生一个新交点． analysis_4721-image_0,填空,{},"[""拓展思维----组合模块----智巧趣题----点线排布----直线和交点""]"
402,直线和交点,4722,"[""拓展思维----组合模块----智巧趣题----点线排布----直线和交点""]","[""analysis_4722-image_0"", ""analysis_4722-image_1"", ""question_4722-image_0""]",下图中共有$$8$$条直线，位置如图，其中$${{l}_{1}}$$、$${{l}_{2}}$$、$${{l}_{3}}$$互相平行，$${{l}_{4}}$$、$${{l}_{5}}$$互相平行，那么：去掉一条直线最多可以减少个交点 question_4722-image_0,"[""$$5$$""]",如下图： analysis_4722-image_0 线去掉如下图所示： analysis_4722-image_1,填空,{},"[""拓展思维----组合模块----智巧趣题----点线排布----直线和交点""]"
402,直线和交点,4723,"[""拓展思维----组合模块----智巧趣题----点线排布----直线和交点""]",[],请回答下列各题：同一平面上的$$3$$ 条直线最多可以有个交点，每条线上有个交点．,"[""$$3$$"", ""$$2$$""]",$$3$$条直线最多有$$1+2=3$$个交点，每条线上有$$2$$个交点．,填空,{},"[""拓展思维----组合模块----智巧趣题----点线排布----直线和交点""]"
402,直线和交点,4724,"[""拓展思维----组合模块----智巧趣题----点线排布----直线和交点""]",[],请回答下列各题：同一平面上的$$4$$ 条直线最多可以有个交点，每条线上有个交点．,"[""$$6$$"", ""$$3$$""]",$$4$$条直线最多有$$1+2+3=6$$个交点，每条线上有$$3$$个交点．,填空,{},"[""拓展思维----组合模块----智巧趣题----点线排布----直线和交点""]"
402,直线和交点,4725,"[""拓展思维----组合模块----智巧趣题----点线排布----直线和交点""]",[],请回答下列各题：同一平面上的$$101$$ 条直线最多可以有个交点，每条线上有个交点．,"[""$$5050$$"", ""$$100$$""]",方法一：同一平面上，按照顺序添加第$$n$$条直线时，会增加$$n-1$$个交点，所以$$101$$条直线最多有$$1+2+3+\cdots +99+100=5050$$个交点，每条线上有$$100$$个交点．方法二：每条直线都与其他的直线有交点，所以每条直线上有$$100$$个交点，每个交点会被算两次，则有$$101\times 100\div 2=5050$$个交点．,填空,{},"[""拓展思维----组合模块----智巧趣题----点线排布----直线和交点""]"
402,直线和交点,4938,"[""拓展思维----组合模块----智巧趣题----点线排布----直线和交点""]","[""analysis_4938-image_0"", ""analysis_4938-image_1"", ""question_4938-image_0""]",下图中有条直线，个交点． question_4938-image_0,"[""$$4$$"", ""$$4$$""]",同一平面内的两条直线有两种关系，平行或相交． 如果两条直线平行，则不会产生交点；如果两条直线相交，则能且只能产生一个交点$$.$$ 影响直线成交点个数的两个因素是：“平行”和“多线共点”.（$$1$$）平行原图有两组平行线，所以有下面两类情况，均会产生两个新的交点． analysis_4938-image_0 （$$2$$）多线共点新增线和原来的四条线不平行，一定相交，可以交于“老”点，也可以交于“新”点，两者择其一.观察发现本题图形每个“老”交点都关联两条直线，所以可以有以下三类情况：①不共用“老”点；②共用一个“老”点；③共用两个“老”点． analysis_4938-image_1,填空,{},"[""拓展思维----组合模块----智巧趣题----点线排布----直线和交点""]"
402,直线和交点,4939,"[""拓展思维----组合模块----智巧趣题----点线排布----直线和交点""]","[""analysis_4939-image_0"", ""analysis_4939-image_1"", ""question_4939-image_0""]",如果在图中添加一条直线，可以新增个交点． question_4939-image_0,"[""C""]",同一平面内的两条直线有两种关系，平行或相交． 如果两条直线平行，则不会产生交点；如果两条直线相交，则能且只能产生一个交点$$.$$ 影响直线成交点个数的两个因素是：“平行”和“多线共点”.（$$1$$）平行原图有两组平行线，所以有下面两类情况，均会产生两个新的交点． analysis_4939-image_0 （$$2$$）多线共点新增线和原来的四条线不平行，一定相交，可以交于“老”点，也可以交于“新”点，两者择其一.观察发现本题图形每个“老”交点都关联两条直线，所以可以有以下三类情况：①不共用“老”点；②共用一个“老”点；③共用两个“老”点． analysis_4939-image_1,单选,"{""A"": ""0个，$$1$$个，$$2$$ 个"", ""B"": ""0个，$$2$$个，$$3$$个"", ""C"": ""0个，$$2$$个，$$4$$个""}","[""拓展思维----组合模块----智巧趣题----点线排布----直线和交点""]"
402,直线和交点,4940,"[""拓展思维----组合模块----智巧趣题----点线排布----直线和交点""]","[""analysis_4940-image_0"", ""analysis_4940-image_1"", ""question_4940-image_0""]",下图中有条直线，个交点 question_4940-image_0,"[""$$5$$"", ""$$6$$""]",同一平面内的两条直线有两种关系，平行或相交．如果两条直线平行，则不会产生交点；如果两条线相交，则有且只能产生一个交点．影响直线成交点个数的两个因素是：“平行”和“多线共点”．（$$1$$）平行原图有两组平行线，所以有下面两类情况． analysis_4940-image_0 （$$2$$）多线共点新增线和原来的五条线不平行，一定相交，可以交于“老”点，也可以交于“新”点，两者择其一，交于“老”点就意味着不再与“老”点连接的线产生点．观察发现本题图形每个“老”交点都关联两条直线，所以可以有以下三类情况：①不共用“老”点；②共用一个“老”点；③共用两个“老”点，无法共用更多． analysis_4940-image_1,填空,{},"[""拓展思维----组合模块----智巧趣题----点线排布----直线和交点""]"
402,直线和交点,5370,"[""拓展思维----组合模块----智巧趣题----点线排布----直线和交点""]",[],同一平面上的$$8$$条直线最多可以有个交点．,"[""$$28$$""]",同一平面上的$$8$$条直线最多有$$1+2+3+4+5+6+7=28$$个交点．,填空,{},"[""拓展思维----组合模块----智巧趣题----点线排布----直线和交点""]"
402,直线和交点,5464,"[""拓展思维----组合模块----智巧趣题----点线排布----直线和交点""]","[""question_5464-image_0""]","图中共$$6$$条直线$$11$$个交点，去掉$$1$$条直线，使交点个数减少$$5$$个．请问去掉的是编号为的直线．
 question_5464-image_0","[""$$6$$""]",如果是两条直线的交点，去掉其中一条线，交点就消失了；如果是三条及以上直线的交点，去掉其中一条线，对交点无影响$$.$$ 依次分析每条直线上交点的情况，只有去掉编号为$$6$$的这条直线可使交点个数减少$$5$$个．,填空,{},"[""拓展思维----组合模块----智巧趣题----点线排布----直线和交点""]"
402,直线和交点,5465,"[""拓展思维----组合模块----智巧趣题----点线排布----直线和交点""]","[""analysis_5465-image_0"", ""question_5465-image_0""]","图中有$$5$$个点可以画出$$6$$条直线，在图中再增加一个点，想要增加数量不同的直线，你能想到种情况．
 question_5465-image_0","[""$$4$$""]","$$4$$种情况：
 analysis_5465-image_0 
故答案为：$$4$$．",填空,{},"[""拓展思维----组合模块----智巧趣题----点线排布----直线和交点""]"
402,直线和交点,5749,"[""拓展思维----组合模块----智巧趣题----点线排布----直线和交点""]","[""analysis_5749-image_0"", ""question_5749-image_0""]","图中有$$5$$条直线$$9$$个交点，如果去掉直线$$e$$，还剩下个交点．
 question_5749-image_0","[""$$6$$""]","如图，去掉直线$$e$$可以减少$$3$$个交点，还剩下$$6$$个交点．
 analysis_5749-image_0",填空,{},"[""拓展思维----组合模块----智巧趣题----点线排布----直线和交点""]"
402,直线和交点,5767,"[""拓展思维----组合模块----智巧趣题----点线排布----直线和交点""]","[""analysis_5767-image_0"", ""analysis_5767-image_1"", ""question_5767-image_0""]",图中共有6条直线，去掉一条直线，使得交点个数为7个，那么去掉的是 question_5767-image_0,"[""D""]",一个点如果只连接两条直线，那么去掉其中一条的话，这个点就不存在了$$.$$ 分析每一条直线上交点的情况，如果是$$2$$条直线交成的点，那么去掉这条线，相应的点就会消失，如果是$$3$$条及以上直线交成的点，去掉该线对于交点没有影响，详见下图： analysis_5767-image_0 我们发现交点变为$$6$$个的方法有三种$$.$$ 去完线之后的图形如下： analysis_5767-image_1,单选,"{""A"": ""$$l1$$"", ""B"": ""$$l2$$"", ""C"": ""$$l3$$"", ""D"": ""$$l4$$""}","[""拓展思维----组合模块----智巧趣题----点线排布----直线和交点""]"
402,直线和交点,6065,"[""拓展思维----组合模块----智巧趣题----点线排布----直线和交点""]","[""analysis_6065-image_0"", ""analysis_6065-image_1"", ""question_6065-image_0""]",如果在图中添加一条直线，可以新增个交点． question_6065-image_0,"[""C""]",同一平面内的两条直线有两种关系，平行或相交． 如果两条直线平行，则不会产生交点；如果两条直线相交，则能且只能产生一个交点$$.$$ 影响直线成交点个数的两个因素是：“平行”和“多线共点”.（$$1$$）平行原图有两组平行线，所以有下面两类情况，均会产生两个新的交点． analysis_6065-image_0 （$$2$$）多线共点新增线和原来的四条线不平行，一定相交，可以交于“老”点，也可以交于“新”点，两者择其一.观察发现本题图形每个“老”交点都关联两条直线，所以可以有以下三类情况：①不共用“老”点；②共用一个“老”点；③共用两个“老”点． analysis_6065-image_1,单选,"{""A"": ""0个，$$1$$个，$$2$$ 个"", ""B"": ""0个，$$2$$个，$$3$$个"", ""C"": ""0个，$$2$$个，$$4$$个""}","[""拓展思维----组合模块----智巧趣题----点线排布----直线和交点""]"
402,直线和交点,6435,"[""拓展思维----组合模块----智巧趣题----点线排布----直线和交点""]","[""analysis_6435-image_0"", ""analysis_6435-image_1"", ""question_6435-image_0""]",下图中有条直线，个交点 question_6435-image_0,"[""$$5$$"", ""$$6$$""]",同一平面内的两条直线有两种关系，平行或相交．如果两条直线平行，则不会产生交点；如果两条线相交，则有且只能产生一个交点．影响直线成交点个数的两个因素是：“平行”和“多线共点”．（$$1$$）平行原图有两组平行线，所以有下面两类情况． analysis_6435-image_0 （$$2$$）多线共点新增线和原来的五条线不平行，一定相交，可以交于“老”点，也可以交于“新”点，两者择其一，交于“老”点就意味着不再与“老”点连接的线产生点．观察发现本题图形每个“老”交点都关联两条直线，所以可以有以下三类情况：①不共用“老”点；②共用一个“老”点；③共用两个“老”点，无法共用更多． analysis_6435-image_1,填空,{},"[""拓展思维----组合模块----智巧趣题----点线排布----直线和交点""]"
402,直线和交点,6687,"[""拓展思维----组合模块----智巧趣题----点线排布----直线和交点""]",[],平面上$$2$$个点可以确定$$1$$条直线．那么$$3$$个点可以确定（ ）条直线．,"[""D""]",$$3$$个点：$$3$$或$$1$$；①$$3$$点不共线：可以连$$3$$条；②$$3$$点共线：可以连$$1$$条．,单选,"{""A"": ""$$1$$"", ""B"": ""$$2$$"", ""C"": ""$$1$$或$$2$$"", ""D"": ""$$1$$或$$3$$""}","[""拓展思维----组合模块----智巧趣题----点线排布----直线和交点""]"
422,各点等价,1624,"[""拓展思维----组合模块----操作与策略----统筹规划----地点上的统筹----各点等价""]","[""question_1624-image_0""]",如图是$$A$$，$$B$$，$$C$$，$$D$$，$$E$$五个村之间的道路示意图，$$\bigcirc $$中的数是各村要上学的学生人数，道路上的数表示两村之间的距离（单位：千米）．现在要在五村之中选一个村建立一所小学．为使所有学生到学校的总距离最短，则小学应该建在（ ）． question_1624-image_0,"[""C""]","“支往干靠”，将$$B$$移至$$C$$；“小往大靠”，这时比较 $$C$$、$$D$$两点，若建在$$C$$点，共行走：$$40\times 3+20\times 2+35\times 4+50\times 9=750$$（千米）；
若建在$$D$$点，共行走：$$40\times 7+20\times 6+20\times 4+50\times 5=730$$（千米）；
经比较，小学应建在$$D$$点．
故选$$\text{C}$$．",单选,"{""A"": ""$$A$$村"", ""B"": ""$$C$$村"", ""C"": ""$$D$$村"", ""D"": ""$$E$$村""}","[""拓展思维----组合模块----操作与策略----统筹规划----地点上的统筹----各点等价""]"
422,各点等价,1668,"[""拓展思维----组合模块----操作与策略----统筹规划----地点上的统筹----各点等价"", ""知识点----组合模块----操作与策略----统筹规划----地点上的统筹----各点等价""]","[""question_1668-image_0""]",赵乡长下村召集甲、乙、丙、丁四个村的村干部会议，这四个村子每相邻两个村子都是相距$$5$$千米（如图）．参加会议的人数是甲村$$8$$人，乙村$$5$$人，丙村$$3$$人，丁村$$7$$人．问赵乡长应在哪个村子召集会议．能使所有参加会议的人所走路程的总和最小？（ ） question_1668-image_0,"[""B""]",本题逐一枚举即可,单选,"{""A"": ""甲村"", ""B"": ""乙村"", ""C"": ""丙村"", ""D"": ""丁村""}","[""拓展思维----组合模块----操作与策略----统筹规划----地点上的统筹----各点等价"", ""知识点----组合模块----操作与策略----统筹规划----地点上的统筹----各点等价""]"
422,各点等价,2171,"[""拓展思维----组合模块----操作与策略----统筹规划----地点上的统筹----各点等价""]","[""question_2171-image_0""]",（$$1$$）如图，在街道上有$$A$$、$$B$$、$$C$$、$$D$$、$$E$$五栋居民楼，每栋居民楼的人数一样多．现在设立一个公交站，为使五栋楼的居民到车站的距离之和最短，车站应位于何处？ question_2171-image_0,"[""C""]",（$$1$$）首先分析$$A$$、$$E$$两点，无论车站位于$$AE$$间的哪一点，$$A$$、$$E$$两点到达车站的距离之和总是线段$$AE$$；接着，为使$$B$$、$$C$$、$$D$$到车站的距离之和最短，车站应位于$$BD$$之间．同理，无论在$$BD$$间的哪一点，$$B$$、$$D$$两点到达车站的距离之和总是线段$$BD$$．最后，只需要考虑$$C$$点到车站的距离最近就行了．那么当然应把车站放在$$C$$点了．距离总和为$$AE+BD$$．,单选,"{""A"": ""$$A$$"", ""B"": ""$$B$$"", ""C"": ""$$C$$"", ""D"": ""$$D$$"", ""E"": ""$$E$$""}","[""拓展思维----组合模块----操作与策略----统筹规划----地点上的统筹----各点等价""]"
422,各点等价,2174,"[""拓展思维----组合模块----操作与策略----统筹规划----地点上的统筹----各点等价""]","[""analysis_2174-image_0"", ""question_2174-image_0""]",某乡共有六块甘蔗地，每块地的产量如下图所示．现在准备建设一座糖厂，问糖厂建于何处总运费最省？ question_2174-image_0,"[""C""]",$$D$$处$$7$$吨下移至$$C$$进入主干道，此时$$C$$处$$2+7=9$$，根据小往大靠的原则，$$A$$处$$3$$吨右移至$$B$$后跟$$B$$处的$$4$$吨一同移至$$C$$处，此时$$C$$处$$9+3+4>5+6$$，因此，将糖厂建于$$C$$处运费最省． analysis_2174-image_0,单选,"{""A"": ""$$A$$"", ""B"": ""$$B$$"", ""C"": ""$$C$$"", ""D"": ""$$D$$""}","[""拓展思维----组合模块----操作与策略----统筹规划----地点上的统筹----各点等价""]"
422,各点等价,2183,"[""拓展思维----组合模块----操作与策略----统筹规划----地点上的统筹----各点等价""]","[""question_2183-image_0""]",如图，某小区有张、王、李、孙、刘五户居民，各户之间的距离相等，政府准备在该小区建立一个取水站，方便居民用水；为使五户的居民到取水站的距离之和最短，水站应立于哪户居民旁边？ question_2183-image_0,"[""C""]",一共有$$5$$个点，那么应该选择$$5$$个点中最中间的位置，即选择李家的旁边．故选$$\text{C}$$．,单选,"{""A"": ""张家"", ""B"": ""王家"", ""C"": ""李家"", ""D"": ""孙家"", ""E"": ""刘家""}","[""拓展思维----组合模块----操作与策略----统筹规划----地点上的统筹----各点等价""]"
422,各点等价,3256,"[""拓展思维----组合模块----操作与策略----统筹规划----地点上的统筹----各点等价""]","[""question_3256-image_0""]",如图，在街道上有$$A$$、$$B$$、$$C$$、$$D$$、$$E$$、$$F$$、$$G$$七栋居民楼，每栋楼里每天都有$$80$$个人要坐车，现在设立一个公交站，要想使居民到达车站的距离之和最短，应该设在处． question_3256-image_0,"[""D""]",不考虑每栋楼里坐车的人数，应该把车站放在$$D$$点．因为每栋楼坐车的人数相同，那么数量不影响选择，所以应该把车站放在$$D$$点．,单选,"{""A"": ""$$A$$"", ""B"": ""$$B$$"", ""C"": ""$$C$$"", ""D"": ""$$D$$""}","[""拓展思维----组合模块----操作与策略----统筹规划----地点上的统筹----各点等价""]"
422,各点等价,3599,"[""拓展思维----组合模块----操作与策略----统筹规划----地点上的统筹----各点等价""]","[""question_3599-image_0""]",下图是$$A$$、$$B$$、$$C$$、$$D$$、$$E$$五个村之间的道路示意图，$$\bigcirc $$中的数是各村要上学的学生人数，道路上的数表示两村之间的距离（单位：千米）．现在要在五村之中选一个村建立一所小学．为使所有学生到学校的总距离最短，则小学应该建在． question_3599-image_0,"[""E""]",“支往干靠”，将$$B$$移至$$C$$；“小往大靠”，这时比较$$C$$、$$D$$两点，若建在$$C$$点，共行走：$$40\times 3+20\times 2+35\times 4+50\times 9=750$$（千米）；若建在$$D$$点，共行走：$$40\times 7+20\times 6+20\times 4+50\times 5=730$$（千米）；经比较，小学应建在$$D$$点．,单选,"{""A"": ""$$A$$点"", ""B"": ""$$B$$点"", ""C"": ""$$C$$点"", ""D"": ""$$D$$点"", ""E"": ""$$E$$点""}","[""拓展思维----组合模块----操作与策略----统筹规划----地点上的统筹----各点等价""]"
422,各点等价,3632,"[""拓展思维----组合模块----操作与策略----统筹规划----地点上的统筹----各点等价""]",[],路沿线有一些垃圾回收站点，现需要将每个回收站点的垃圾都运送到一个处理场(处理场也可以设在站点上)，希望所有站点到处理场的距离总和最短．若一共有$$59$$个回收站点，则这个处理场应设的位置是在第个回收站点．,"[""$$30$$""]",地点统筹中的选址问题，奇数个点，选中间点即可，一共$$59$$个垃圾回收站点，中间点是第$$\left( 59+1 \right)\div 2=30$$（个）．,填空,{},"[""拓展思维----组合模块----操作与策略----统筹规划----地点上的统筹----各点等价""]"
422,各点等价,4430,"[""拓展思维----组合模块----操作与策略----统筹规划----地点上的统筹----各点等价""]","[""question_4430-image_0""]","在一条公路上，每隔$$10$$千米有一座仓库，共有$$8$$座，图中的数表示各仓库库存货物的重量（单位：吨），其中$$C$$、$$G$$为空仓库．现在要把所有的货物集中存入一个仓库里，如果每吨货物运输$$1$$千米需要$$1$$元，那么最少需要元运费．
 question_4430-image_0","[""$$3350$$""]",根据“小往大靠”的原则，应集中到$$F$$点，运费为$$(10\times 50+30\times 40+20\times 20+5\times 10+60\times 20)\times1=3350$$（元）．,填空,{},"[""拓展思维----组合模块----操作与策略----统筹规划----地点上的统筹----各点等价""]"
422,各点等价,4557,"[""拓展思维----组合模块----操作与策略----统筹规划----地点上的统筹----各点等价""]","[""question_4557-image_0""]",去零食仓库的途中，艾迪和薇儿发现一群居民在讨论，原来是为了新建公交车站的位置，薇儿决定帮他们看看怎样建最合理．如图，在街道上有$$A$$、$$B$$、$$C$$、$$D$$、$$E$$五栋居民楼，每栋居民楼的人数一样多．现在要设立一个公交站，为使五栋楼的居民到车站的距离之和最短，车站应该设在（填大写字母）． question_4557-image_0,"[""C""]",首先分析$$A$$、$$E$$两点，无论车站位于$$A$$、$$E$$间的哪一点，$$A$$、$$E$$两点居民到达车站的距离之和总是线段$$AE$$；接着，为使$$B$$、$$D$$居民到车站的距离之和最短，车站应位于$$BD$$之间．同理，无论在$$BD$$间的哪一点，$$B$$、$$D$$两点居民到达车站的距离之和总是线段$$BD$$；最后，只需要考虑$$C$$点居民到车站的距离最近即可，应把车站放在$$C$$点．距离总和为$$AE+BD$$．,填空,{},"[""拓展思维----组合模块----操作与策略----统筹规划----地点上的统筹----各点等价""]"
422,各点等价,4769,"[""拓展思维----组合模块----操作与策略----统筹规划----地点上的统筹----各点等价"", ""知识点----组合模块----操作与策略----统筹规划----地点上的统筹----各点等价""]","[""analysis_4769-image_0"", ""analysis_4769-image_1"", ""question_4769-image_0""]",某地共有六块甘蔗地，每块地的产量如下图所示．现在准备建设一座糖厂，问糖厂建于何处总运费最省？ question_4769-image_0,"[""B""]",方法一：相邻两点比较，选出最优位置． analysis_4769-image_0 增加点$$G$$，两两比较可得$$B$$优于$$A$$，$$C$$优于$$B$$，$$C$$优于$$D$$，$$C$$优于$$G$$，$$G$$优于$$F$$，$$G$$优于$$E$$，所以最佳位置是$$C$$．方法二：对于有分支的图，先找到“主干”，按照“支往干靠”的原则将分支先并到主干上．如下图，将$$D$$、$$E$$移至主干，所以将$$D$$、$$E$$移至主干，$$A+B<{}C+E+F$$，将$$A$$、$$B$$移至$$C$$，$$A+B+C>E+F$$，将$$E$$、$$F$$移至$$C$$，易知糖厂应建于$$C$$处． analysis_4769-image_1,单选,"{""A"": ""$$A$$"", ""B"": ""$$C$$"", ""C"": ""$$D$$"", ""D"": ""$$F$$""}","[""拓展思维----组合模块----操作与策略----统筹规划----地点上的统筹----各点等价"", ""知识点----组合模块----操作与策略----统筹规划----地点上的统筹----各点等价""]"
422,各点等价,4988,"[""拓展思维----组合模块----操作与策略----统筹规划----地点上的统筹----各点等价""]","[""question_4988-image_0""]",在一条公路上，每隔$$10$$千米有一座仓库（如图），共有五座，图中数字表示各仓库库存货物的重量．现在要把所有的货物集中存放在一个仓库里，如果每吨货物运输$$1$$千米需要运费$$1$$元，那么集中到仓库运费最少，运费最少为元． question_4988-image_0,"[""B或C均可"", ""$$1600$$""]",$$A+B=C+D+E$$，所以$$B$$、$$C$$均可，运费为$$(20\times 20+50\times 10+30\times 10+20\times 20)\times 1=1600$$元．,填空,{},"[""拓展思维----组合模块----操作与策略----统筹规划----地点上的统筹----各点等价""]"
422,各点等价,5779,"[""拓展思维----组合模块----操作与策略----统筹规划----地点上的统筹----各点等价""]","[""question_5779-image_0""]",在一条路上有$$4$$个小区，每个小区分别由一些同学，人数如下图，现在打算把所有人集中到一个小区，为了让所有人走的路程和最短，应该在哪个小区集合？ question_5779-image_0,"[""B""]",小往大靠，少数服从多数．,单选,"{""A"": ""$$A$$小区"", ""B"": ""$$B$$小区"", ""C"": ""$$C$$小区"", ""D"": ""$$D$$小区""}","[""拓展思维----组合模块----操作与策略----统筹规划----地点上的统筹----各点等价""]"
425,最不利原则,1640,"[""拓展思维----组合模块----抽屉原理----最不利原则"", ""知识点----组合模块----抽屉原理----最不利原则""]",[],一副扑克牌共$$54$$张，其中有$$2$$张王牌，还有黑桃、红心、梅花和方块四种花色的牌各$$13$$张．（2）至少抽张，才能保证四种花色的牌都抽到.,"[""$$42$$""]",最坏的情况摸完了三种花色和两张王唯独没有摸最后一种，共摸$$41$$张，再摸一张才能保证有最后一种花色，即$$42$$张,填空,{},"[""拓展思维----组合模块----抽屉原理----最不利原则"", ""知识点----组合模块----抽屉原理----最不利原则"", ""拓展思维----组合模块----抽屉原理----简单抽屉原理"", ""知识点----组合模块----抽屉原理----简单抽屉原理""]"
425,最不利原则,1641,"[""拓展思维----组合模块----抽屉原理----最不利原则"", ""知识点----组合模块----抽屉原理----最不利原则""]",[],一副扑克牌共$$54$$张，其中有$$2$$张王牌，还有黑桃、红心、梅花和方块四种花色的牌各$$13$$张．（4）至少抽张，才能保证抽到的牌中有“一对”（两张王算一对）.,"[""$$15$$""]",从$$A$$到$$K$$以及王各摸一张，再摸一张才能保证有“一对”，即$$15$$张（注：两张王也算一对）．,填空,{},"[""拓展思维----组合模块----抽屉原理----最不利原则"", ""知识点----组合模块----抽屉原理----最不利原则"", ""拓展思维----组合模块----抽屉原理----简单抽屉原理"", ""知识点----组合模块----抽屉原理----简单抽屉原理""]"
425,最不利原则,1642,"[""拓展思维----组合模块----抽屉原理----最不利原则""]",[],一副扑克牌去掉大小王有$$52$$张，其中有黑桃、红心、梅花和方块四种花色，每种花色有点数为$$1$$~$$13$$的$$13$$张．至少抽几张，才能保证抽到的牌中有黑桃？（ ）,"[""B""]",最坏的情况是其他三种花色各抽$$13$$张，剩下的都是黑桃，再任意抽$$1$$张即可：$$13\times 3+1=40$$（张）．,单选,"{""A"": ""$$4$$"", ""B"": ""$$40$$"", ""C"": ""$$42$$"", ""D"": ""$$52$$""}","[""拓展思维----组合模块----抽屉原理----最不利原则""]"
425,最不利原则,1643,"[""拓展思维----组合模块----抽屉原理----最不利原则"", ""知识点----组合模块----抽屉原理----最不利原则""]",[],有黄色袜子$$9$$只，绿色袜子$$7$$只，白色袜子$$4$$只，红色袜子$$2$$只，黑色袜子$$1$$只，艾迪闭着眼睛摸袜子：(3)至少摸出只，才能保证凑出$$2$$双同色袜子.,"[""$$13$$""]",(3)最倒霉情况是$$2$$红$$1$$黑和其他颜色各$$3$$只，再拿一只即可满足要求．,填空,{},"[""拓展思维----组合模块----抽屉原理----最不利原则"", ""知识点----组合模块----抽屉原理----最不利原则""]"
425,最不利原则,1644,"[""拓展思维----组合模块----抽屉原理----最不利原则""]",[],将$$17$$个苹果放入$$3$$个抽屉，分到苹果最多的抽屉至少有个苹果．,"[""$$6$$""]",$$17\div 3=5$$（个）$$\cdots \cdots 2$$（个），分到苹果最多的抽屉至少有$$5+1=6$$（个）．,填空,{},"[""拓展思维----组合模块----抽屉原理----最不利原则""]"
425,最不利原则,1646,"[""拓展思维----组合模块----抽屉原理----最不利原则""]",[],盒子里有四种不同颜色的卡片，$$100$$、$$90$$、$$80$$和$$70$$张．用$$59$$张同色的卡片可以换一个相同颜色的笔袋，用$$46$$张同色的卡片可以换一个相同颜色的笔记本，用$$24$$张同色的卡片可以换一个相同颜色的自动铅笔．那么一次至多可能取出张卡片，仍然无法保证取出的卡片可以换到三种类别文具各一个，且其颜色互不相同．,"[""$$236$$""]",有三类策略：$$58+58+58+58=232$$（用$$59$$卡上限），$$100+45+45+45=235$$（用$$46$$卡上限），$$100+90+23+23=236$$（用$$24$$卡上限）．可见至多$$236$$张．故答案为：$$236$$．,填空,{},"[""拓展思维----组合模块----抽屉原理----最不利原则""]"
425,最不利原则,1647,"[""拓展思维----组合模块----抽屉原理----最不利原则""]",[],桌子上有$$5$$个黑球、$$6$$个白球、$$7$$个红球，闭上眼睛至少抽个才能保证三种球都抽到．,"[""$$14$$""]",最倒霉情况是$$6$$白$$7$$红，再来一个球即可满足要求．,填空,{},"[""拓展思维----组合模块----抽屉原理----最不利原则""]"
425,最不利原则,1651,"[""拓展思维----组合模块----抽屉原理----最不利原则""]",[],幼儿园阿姨有$$72$$颗糖，最多给名小朋友发糖果，能保证无论怎么分，总有小朋友可以得到至少$$3$$颗糖．,"[""$$35$$""]","要保证一个小朋友可以得到至少$$3$$颗糖，那么其他小朋友至少有$$2$$颗，即糖果为苹果，小朋友是抽屉，从苹果数中拿出一个备用（用做最后改$$2$$个为$$3$$个），则（苹果树$$-1$$）$$\div $$（最多抽屉苹果数$$-1$$），所得商为抽屉数（无论是否有余数），即$$(72-1)\div (3-1)=35\cdots\cdots 1$$（个）抽屉．
故答案为：$$35$$．",填空,{},"[""拓展思维----组合模块----抽屉原理----最不利原则"", ""拓展思维----组合模块----抽屉原理----简单抽屉原理""]"
425,最不利原则,1653,"[""拓展思维----组合模块----抽屉原理----最不利原则""]",[],学生们手中有$$1$$、$$2$$、$$3$$三种数字卡片，每种卡片都有很多张．老师请每位学生取出两张或三张卡片排成一个两位数或三位数，如果其中至少有三名学生排出的数是完全相同的，那么这些学生至少有人．,"[""$$73$$""]",学生可能排成的不同两位数有$$3\times 3=9$$个，可能排成的不同三位数有$$3\times 3\times 3=27$$个，因此学生可能排成的不同的数一共有$$9+27=36$$个；如果要保证其中至少有三名学生排出的数完全相同，那么这些学生至少有$$2\times 36+1=73$$人．,填空,{},"[""拓展思维----组合模块----抽屉原理----最不利原则""]"
425,最不利原则,1654,"[""拓展思维----组合模块----抽屉原理----最不利原则""]",[],一副扑克牌共$$54$$张，其中有黑桃、黑梅、红桃和红方四种花色，每种花色都有$$1$$点、$$2$$点、$$3$$点、$$\cdots$$、$$13$$点牌各一张，还有$$2$$张王牌．至少从中抽取张牌，才能保证抽到的牌中有两张牌的点数和颜色都一样．（假定王牌没有点数）,"[""$$29$$""]","根据最不利原理, 最坏的情况是取出$$2$$张王牌，红色和黑色的$$1$$、$$2$$、$$3$$、$$\cdots$$、$$13$$点各$$1$$张, 共$$2+13\times 2=28$$张．
此时只要再抽$$1$$张牌，就能保证有两张牌的点数和颜色都一样．
至少要抽$$28+1=29$$张．",填空,{},"[""拓展思维----组合模块----抽屉原理----最不利原则""]"
425,最不利原则,1656,"[""拓展思维----组合模块----抽屉原理----最不利原则""]",[],口袋里有一些大小形状相同的球：红球有$$8$$个，绿球有$$10$$个，黄球有$$12$$个，白球有$$15$$个，至少取个球才能保证其中有三种颜色的小球分别不少于$$3$$个、$$6$$个、$$9$$个．,"[""$$33$$""]",卡“$$3$$个”：$$15+12+2+2+1=32$$个；卡“$$6$$个”：$$15+5+5+5+1=31$$个；卡“$$9$$个”：$$8+8+8+8+1=33$$个；比较可知，最不利的情况为第三组，至少需$$33$$个．,填空,{},"[""拓展思维----组合模块----抽屉原理----最不利原则""]"
425,最不利原则,4438,"[""拓展思维----组合模块----抽屉原理----最不利原则"", ""知识点----组合模块----抽屉原理----最不利原则""]",[],口袋里有一些大小形状相同的球：红球有$$8$$个，黄球有$$12$$个，白球有$$15$$个，至少取个球才能保证其中有两种颜色的小球分别不少于$$3$$个、$$7$$个.,"[""$$20$$""]",卡“$$3$$个”（允许一种颜色达到$$7$$个）：最不利的情况是白球全取，红、黄各取$$2$$个，此时再取$$1$$个即可，至少需$$15+2+2+1=20$$；卡“$$7$$个”（不能出现一种颜色达到$$7$$个）：最不利的情况是三种颜色各取$$6$$个，此时再取$$1$$个即可，至少需$$6\times 3+1=19$$个；比较可知，最不利的情况为第一组，至少需$$20$$个．,填空,{},"[""拓展思维----组合模块----抽屉原理----最不利原则"", ""知识点----组合模块----抽屉原理----最不利原则""]"
425,最不利原则,4772,"[""拓展思维----组合模块----抽屉原理----最不利原则""]",[],如果有$$5$$个鸽子笼，养鸽人养了$$6$$只鸽子，那么当鸽子飞回笼中后，一定有一个笼子中至少装有只鸽子．,"[""$$2$$""]",先每个笼子放一只鸽子，$$1\times 5=5$$，再把最后一只鸽子放到其中一个笼子，$$1+1=2$$．,填空,{},"[""拓展思维----组合模块----抽屉原理----最不利原则""]"
425,最不利原则,4776,"[""拓展思维----组合模块----抽屉原理----最不利原则"", ""知识点----组合模块----抽屉原理----最不利原则""]",[],一个口袋中装有$$50$$粒珠子，共有黑、白、红、蓝、绿五种颜色，每种颜色各$$10$$粒，如果你闭上眼睛取珠子：（$$1$$）至少一次性取出粒珠子，才能保证其中有$$5$$粒颜色相同.,"[""$$21$$""]",（$$1$$）最倒霉的情况是每种颜色各取$$4$$粒，再取$$1$$粒：$$5\times 4+1=21$$（粒）．,填空,{},"[""拓展思维----组合模块----抽屉原理----最不利原则"", ""知识点----组合模块----抽屉原理----最不利原则""]"
425,最不利原则,4777,"[""拓展思维----组合模块----抽屉原理----最不利原则"", ""知识点----组合模块----抽屉原理----最不利原则""]",[],一个口袋中装有$$50$$粒珠子，共有黑、白、红、蓝、绿五种颜色，每种颜色各$$10$$粒，如果你闭上眼睛取珠子：（$$2$$）至少一次性取出粒珠子，才能保证每种珠子各有不少于$$5$$粒.,"[""$$45$$""]",（$$2$$）最倒霉的情况是是其中四种颜色各$$10$$粒，另一种$$4$$粒，再取$$1$$粒即可满足要求：$$10\times 4+4+1=45$$（粒）．,填空,{},"[""拓展思维----组合模块----抽屉原理----最不利原则"", ""知识点----组合模块----抽屉原理----最不利原则""]"
425,最不利原则,4778,"[""拓展思维----组合模块----抽屉原理----最不利原则"", ""知识点----组合模块----抽屉原理----最不利原则""]",[],一个口袋中装有$$50$$粒珠子，共有黑、白、红、蓝、绿五种颜色，每种颜色各$$10$$粒，如果你闭上眼睛取珠子：（$$3$$）至少一次性取出粒珠子，才能保证其中有$$3$$种不同颜色的珠子各$$5$$粒.,"[""$$33$$""]",（$$3$$）最倒霉的情况是两种$$10$$粒，剩下$$3$$种各$$4$$粒，再取$$1$$粒即可满足要求：$$10\times 2+4\times 3+1=33$$（粒）．,填空,{},"[""拓展思维----组合模块----抽屉原理----最不利原则"", ""知识点----组合模块----抽屉原理----最不利原则""]"
425,最不利原则,4779,"[""拓展思维----组合模块----抽屉原理----最不利原则"", ""知识点----组合模块----抽屉原理----最不利原则""]",[],一副扑克牌共$$54$$张，其中有$$2$$张王牌，还有黑桃、红心、梅花和方块四种花色的牌各$$13$$张．（1）至少抽张，才能保证抽到两种不同花色的牌.,"[""$$16$$""]",把两张王和一种花色全摸完，再摸一张才能保证有第$$2$$种花色，即$$16$$张,填空,{},"[""拓展思维----组合模块----抽屉原理----最不利原则"", ""知识点----组合模块----抽屉原理----最不利原则"", ""拓展思维----组合模块----抽屉原理----简单抽屉原理"", ""知识点----组合模块----抽屉原理----简单抽屉原理""]"
425,最不利原则,4780,"[""拓展思维----组合模块----抽屉原理----最不利原则""]",[],一副扑克牌去掉大小王有$$52$$张，其中有黑桃、红心、梅花和方块四种花色，每种花色有点数为$$1$$~$$13$$的$$13$$张．至少抽几张，才能保证抽到两种不同花色的牌？（ ）,"[""C""]",最坏的情况是某种花色抽了$$13$$张，再任意抽$$1$$张即可：$$13+1=14$$．,单选,"{""A"": ""$$2$$"", ""B"": ""$$3$$"", ""C"": ""$$14$$"", ""D"": ""$$26$$""}","[""拓展思维----组合模块----抽屉原理----最不利原则""]"
425,最不利原则,4781,"[""拓展思维----组合模块----抽屉原理----最不利原则"", ""知识点----组合模块----抽屉原理----最不利原则""]",[],有黄色袜子$$9$$只，绿色袜子$$7$$只，白色袜子$$4$$只，红色袜子$$2$$只，黑色袜子$$1$$只，艾迪闭着眼睛摸袜子：(1)至少摸出只，才能保证凑出$$1$$双袜子.,"[""$$6$$""]",(1)最倒霉情况是$$5$$种各拿$$1$$只，再拿一只即可满足要求．,填空,{},"[""拓展思维----组合模块----抽屉原理----最不利原则"", ""知识点----组合模块----抽屉原理----最不利原则""]"
425,最不利原则,4782,"[""拓展思维----组合模块----抽屉原理----最不利原则"", ""知识点----组合模块----抽屉原理----最不利原则""]",[],有黄色袜子$$9$$只，绿色袜子$$7$$只，白色袜子$$4$$只，红色袜子$$2$$只，黑色袜子$$1$$只，艾迪闭着眼睛摸袜子：(2)至少摸出只，才能保证凑出$$2$$双袜子.,"[""$$8$$""]",(2)最倒霉情况是$$5$$种各拿$$1$$只后再拿一只凑一双，再拿另一双，再拿一只即可满足要求．,填空,{},"[""拓展思维----组合模块----抽屉原理----最不利原则"", ""知识点----组合模块----抽屉原理----最不利原则""]"
425,最不利原则,4783,"[""拓展思维----组合模块----抽屉原理----最不利原则"", ""知识点----组合模块----抽屉原理----最不利原则""]",[],口袋中有三种颜色的筷子各$$10$$根，问：（1）至少取根，才能保证三种颜色都取到.,"[""$$21$$""]",最坏的情况就是两种颜色的筷子都取光了，还没有取到第三种颜色的，这时只要再取一根就能凑足$$3$$种颜色，所以至少取$$10\times 2+1=21$$根筷子．,填空,{},"[""拓展思维----组合模块----抽屉原理----最不利原则"", ""知识点----组合模块----抽屉原理----最不利原则""]"
425,最不利原则,4784,"[""拓展思维----组合模块----抽屉原理----最不利原则"", ""知识点----组合模块----抽屉原理----最不利原则""]",[],口袋中有三种颜色的筷子各$$10$$根，问：（2）至少取根，才能保证有$$2$$双颜色相同的筷子.,"[""$$10$$""]",最坏的情况是每种颜色的筷子都取了$$3$$根，这时只要再取一根就能保证有$$2$$双颜色相同的筷子．所以至少取$$3\times 3+1=10$$根筷子．,填空,{},"[""拓展思维----组合模块----抽屉原理----最不利原则"", ""知识点----组合模块----抽屉原理----最不利原则""]"
425,最不利原则,4786,"[""拓展思维----组合模块----抽屉原理----最不利原则""]",[],一个口袋里分别有红、黄、黑球$$4$$、$$7$$、$$8$$个，为保证取出的球中有$$6$$个同色，则至少要取小球个.,"[""$$15$$""]",如果要保证取到$$6$$个同色的球，至少要取$$4+5+5+1=15$$个.,填空,{},"[""拓展思维----组合模块----抽屉原理----最不利原则""]"
425,最不利原则,5489,"[""拓展思维----组合模块----抽屉原理----最不利原则""]",[],一副扑克有$$54$$张牌，至少从中取出张，才能保证至少有$$2$$张梅花和$$3$$张红桃.,"[""$$44$$""]",因为每种花色有$$13$$张牌，若考虑最“坏”的情况，即摸出$$2$$张王牌、方块和黑桃两种花色的所有牌共计：$$13\times 2+2=28$$，然后是摸出所有的梅花和$$3$$张红桃，共计：$$28+13+3=44$$张.,填空,{},"[""拓展思维----组合模块----抽屉原理----最不利原则""]"
425,最不利原则,5491,"[""拓展思维----组合模块----抽屉原理----最不利原则""]",[],口袋里有一些大小形状相同的球：红球有$$8$$个，黄球有$$12$$个，白球有$$15$$个，至少取个球才能保证其中有两种颜色的小球分别不少于$$3$$个、$$7$$个.,"[""$$20$$""]",卡“$$3$$个”（允许一种颜色达到$$7$$个）：最不利的情况是白球全取，红、黄各取$$2$$个，此时再取$$1$$个即可，至少需$$15+2+2+1=20$$；卡“$$7$$个”（不能出现一种颜色达到$$7$$个）：最不利的情况是三种颜色各取$$6$$个，此时再取$$1$$个即可，至少需$$6\times 3+1=19$$个；比较可知，最不利的情况为第一组，至少需$$20$$个．,填空,{},"[""拓展思维----组合模块----抽屉原理----最不利原则""]"
425,最不利原则,5493,"[""拓展思维----组合模块----抽屉原理----最不利原则""]",[],某校有$$55$$个同学参加比赛，已知将参赛人任意分成四组，则必有一组的女生多于$$2$$人，又知参赛者中任何$$10$$人中必有男生，则参赛男生的人数为人．,"[""$$46$$""]",分成四组，必有一组女生多于$$2$$人，所以女生至少有$$2\times 4+1=9$$人，任何$$10$$人中必有男生，所以女生最多有$$9$$人，所以女生有$$9$$人，男生有$$55-9=46$$人.,填空,{},"[""拓展思维----组合模块----抽屉原理----最不利原则""]"
425,最不利原则,5494,"[""拓展思维----组合模块----抽屉原理----最不利原则""]",[],有$$4$$种不同品牌的篮球各$$10$$个，至少要闭着眼摸出个球，才能保证其中有$$4$$个相同品牌的球．,"[""$$13$$""]",最倒霉的情况时每种品牌的球各摸了$$3$$个出来，那么只要再摸一个就行，$$3\times4+1=13$$（个）．,填空,{},"[""拓展思维----组合模块----抽屉原理----最不利原则""]"
425,最不利原则,5512,"[""拓展思维----组合模块----抽屉原理----最不利原则""]",[],某班学生在运动会上，进入前三名的有$$10$$人次，已知获第一名可得$$9$$分，获第二名可得$$5$$分，获第三名可得$$2$$分，其他名次不记分，该班共计得$$64$$分，其中获第一名的至多有人次．,"[""$$5$$""]","
假设获得第一名的有$$10$$人次，那么共计应该得$$10\times 9=90$$（分），而实际上得了$$64$$分，相差了$$90-64=26$$（分）．每把一个第一名变成第二名会少得$$4$$分，每把一个第一名变成第三名会少得$$7$$分．要求获得第一名的要尽可能多，那么把第一名变成第三名的就要尽可能多，$$26=7\times 2+4\times 3$$，所以第二名有$$3$$人次，第三名有$$2$$人次，第一名有$$5$$人次．",填空,{},"[""拓展思维----组合模块----抽屉原理----最不利原则""]"
425,最不利原则,5584,"[""拓展思维----组合模块----抽屉原理----最不利原则""]",[],一个盒子里有红、黄、蓝袜子各$$8$$只，最少要拿出只才能保证至少有一双颜色相同的袜子．,"[""$$4$$""]",最坏的情况是每种颜色的袜子各拿到一只，然后只需要再随便拿一只就可以得到一双颜色相同的袜子，所以至少要拿出$$4$$只才能保证至少有一双颜色相同的袜子．,填空,{},"[""拓展思维----组合模块----抽屉原理----最不利原则""]"
425,最不利原则,5587,"[""拓展思维----组合模块----抽屉原理----最不利原则""]",[],箱子里有$$5$$个红球，$$4$$个白球，至少要取出（ ）个才能保证两种颜色的球都有．,"[""A""]","建立抽屉：把两种颜色分别看做$$2$$个抽屉，根据抽屉原理：考虑最差情况，$$5$$个红球全部取出来，那么再任意取出$$1$$个都是白球，$$5+1=6$$（个），所以至少取出$$6$$个球才能保证两种颜色的球都有．
故选：$$\text{A}$$．",单选,"{""A"": ""$$6$$"", ""B"": ""$$7$$"", ""C"": ""$$5$$"", ""D"": ""$$1$$""}","[""拓展思维----组合模块----抽屉原理----最不利原则""]"
425,最不利原则,5958,"[""拓展思维----组合模块----抽屉原理----最不利原则""]",[],一个年级共有$$150$$人，分班时发现无论怎么分，人数最多的班里一定至少有$$22$$人，那么最多有（ ）个班．,"[""C""]","人数最多的班级至少有$$22$$个人，说明人最少的班级人数尽可能多的情况下，人数最多的班级仍然能达到$$22$$个，换句话说，人数最少的班级人数可以达到$$21$$个．
$$150\div 21=7\cdots \cdots 3$$，因此$$7$$个班．
故选$$\text{C}$$．",单选,"{""A"": ""$$9$$"", ""B"": ""$$8$$"", ""C"": ""$$7$$"", ""D"": ""$$6$$""}","[""拓展思维----组合模块----抽屉原理----最不利原则""]"
425,最不利原则,7275,"[""拓展思维----组合模块----抽屉原理----最不利原则"", ""知识点----组合模块----抽屉原理----最不利原则""]",[],一副扑克牌共$$54$$张，其中有$$2$$张王牌，还有黑桃、红心、梅花和方块四种花色的牌各$$13$$张．（3）至少抽张，才能保证抽到三张$$A$$.,"[""$$53$$""]",最坏的情况是抽到两张$$A$$和其他所有点数，再任意抽$$1$$张即可：$$12\times 4+2+2+1=53$$（张）（相当于只剩一张$$A$$没抽）,填空,{},"[""拓展思维----组合模块----抽屉原理----最不利原则"", ""知识点----组合模块----抽屉原理----最不利原则"", ""拓展思维----组合模块----抽屉原理----简单抽屉原理"", ""知识点----组合模块----抽屉原理----简单抽屉原理""]"
425,最不利原则,7307,"[""拓展思维----组合模块----抽屉原理----最不利原则"", ""知识点----组合模块----抽屉原理----最不利原则""]",[],商店举行抽奖活动，在箱子里放有红色、蓝色、黄色小球各$$100$$个，$$50$$个同色小球可以换一个布偶，$$80$$个同色小球可以换一个零食包，$$85$$个同色小球可以换一个模型．每个小球只能换一次奖．小明去抽奖，每次只能从箱子中不放回地随机抽取一个小球，他需要抽取次才能保证他可以换到每种奖品各一个.,"[""$$259$$""]",①抽光两种颜色，此时再抽$$50$$次即保证可以换到，共需$$250$$次；②抽光一种颜色，剩下两种各抽$$79$$次，此时再抽一次才可换到，共需$$259$$次；③每种各$$84$$次，此时再抽一次才可换到，共需$$253$$次；综上，需要$$259$$次才能保证．,填空,{},"[""拓展思维----组合模块----抽屉原理----最不利原则"", ""知识点----组合模块----抽屉原理----最不利原则""]"
425,最不利原则,7492,"[""拓展思维----组合模块----抽屉原理----最不利原则""]",[],桌上有$$3$$个苹果，$$3$$个橘子，请问至少拿几个水果，才能保证其中同一种水果有$$3$$个？,"[""C""]",解题思路：先求出不满足要求的最大值（即最不利的情况），再加$$1$$即为满足要求的最小值．最坏的情况是恰好每种水果拿$$2$$个，然后再拿一个，就可以保证其中一种水果有$$3$$个了．所以$$2\times 2+1=5$$个．,单选,"{""A"": ""$$3$$"", ""B"": ""$$4$$"", ""C"": ""$$5$$"", ""D"": ""$$6$$""}","[""拓展思维----组合模块----抽屉原理----最不利原则""]"
257,实心方阵基本问题,575,"[""知识点----应用题模块----方阵问题----实心方阵----实心方阵基本问题"", ""拓展思维----应用题模块----方阵问题----实心方阵----实心方阵基本问题""]",[],麦斯小学举办第$$20$$届艺术节．开幕式上，各年级代表队依次入场表演．一年级的学生一共排成了三个实心方阵进行表演．（1）一年级$$1$$班表演体操，队形要求：一行站$$5$$人，一共站$$5$$行，$$1$$班有人参加．,"[""$$25$$""]",实心方阵，$$5\times 5=25$$（人）．,填空,{},"[""知识点----应用题模块----方阵问题----实心方阵----实心方阵基本问题"", ""拓展思维----应用题模块----方阵问题----实心方阵----实心方阵基本问题""]"
257,实心方阵基本问题,576,"[""知识点----应用题模块----方阵问题----实心方阵----实心方阵基本问题"", ""拓展思维----应用题模块----方阵问题----实心方阵----实心方阵基本问题""]",[],麦斯小学举办第$$20$$届艺术节．开幕式上，各年级代表队依次入场表演．一年级的学生一共排成了三个实心方阵进行表演．（2）一年级$$2$$班表演武术，队形要求：一行站$$12$$人，一共站$$12$$行，$$2$$班有人参加．,"[""$$144$$""]",实心方阵，$$12\times 12=144$$（人）．,填空,{},"[""知识点----应用题模块----方阵问题----实心方阵----实心方阵基本问题"", ""拓展思维----应用题模块----方阵问题----实心方阵----实心方阵基本问题""]"
257,实心方阵基本问题,577,"[""知识点----应用题模块----方阵问题----实心方阵----实心方阵基本问题"", ""拓展思维----应用题模块----方阵问题----实心方阵----实心方阵基本问题""]",[],麦斯小学举办第$$20$$届艺术节．开幕式上，各年级代表队依次入场表演．一年级的学生一共排成了三个实心方阵进行表演．（3）一年级$$3$$班表演正步走，一共有$$121$$人参加，他们排成了行列的方阵．,"[""$$11$$"", ""$$11$$""]",实心方阵，行数$$=$$列数，$$121=11\times 11$$，所以排成$$11$$行$$11$$列的方阵．,填空,{},"[""知识点----应用题模块----方阵问题----实心方阵----实心方阵基本问题"", ""拓展思维----应用题模块----方阵问题----实心方阵----实心方阵基本问题""]"
257,实心方阵基本问题,579,"[""知识点----应用题模块----方阵问题----实心方阵----实心方阵基本问题"", ""拓展思维----应用题模块----方阵问题----实心方阵----实心方阵基本问题""]",[],二年级的学生准备表演合唱，二年级$$1$$班所有参加合唱的男生刚好排成了一个实心方阵，又来了$$17$$个女生，使方阵外层增加了一行一列，成了一个大一点的实心方阵．二年级$$1$$班一共有个男生参加合唱.,"[""$$64$$""]",添加$$17$$个女生，正好可以增加一行一列，此时每条边有$$(17+1)\div 2=9$$个人，那么原来的方阵每条边有$$9-1=8$$个男生，原来实心方阵的男生总数：$$8\times 8=64$$个．,填空,{},"[""知识点----应用题模块----方阵问题----实心方阵----实心方阵基本问题"", ""拓展思维----应用题模块----方阵问题----实心方阵----实心方阵基本问题""]"
257,实心方阵基本问题,580,"[""知识点----应用题模块----方阵问题----实心方阵----实心方阵基本问题"", ""拓展思维----应用题模块----方阵问题----实心方阵----实心方阵基本问题""]",[],四年级排成两个实心方阵表演舞蹈．（1）四年级$$1$$班方阵最外层每边$$5$$人，最外层一共有人．,"[""$$16$$""]",$$(5-1)\times4=16$$（人）或$$5\times 4-4=16$$（人）．,填空,{},"[""知识点----应用题模块----方阵问题----实心方阵----实心方阵基本问题"", ""拓展思维----应用题模块----方阵问题----实心方阵----实心方阵基本问题""]"
257,实心方阵基本问题,581,"[""知识点----应用题模块----方阵问题----实心方阵----实心方阵基本问题"", ""拓展思维----应用题模块----方阵问题----实心方阵----实心方阵基本问题""]",[],五年级$$1$$班的实心方阵，最外层共有$$36$$人．（2）这个方阵共有人.,"[""$$100$$""]",共有$$10\times 10=100$$人．,填空,{},"[""知识点----应用题模块----方阵问题----实心方阵----实心方阵基本问题"", ""拓展思维----应用题模块----方阵问题----实心方阵----实心方阵基本问题""]"
257,实心方阵基本问题,583,"[""拓展思维----应用题模块----方阵问题----实心方阵----实心方阵基本问题""]","[""analysis_583-image_0""]",某校三年级学生排成一个实心方阵，最外层每边$$10$$人，整个方阵一共有多少人？,"[""D""]","一共有$$10$$行，每行有$$10$$人，一共有$$10×10=100$$(人)．
 analysis_583-image_0",单选,"{""A"": ""$$10$$"", ""B"": ""$$20$$"", ""C"": ""$$40$$"", ""D"": ""$$100$$""}","[""拓展思维----应用题模块----方阵问题----实心方阵----实心方阵基本问题""]"
257,实心方阵基本问题,585,"[""拓展思维----应用题模块----方阵问题----实心方阵----实心方阵基本问题""]",[],一批同学站成一个$$10\times 10$$的方阵，请问：最外层每边人．,"[""$$10$$""]",最外层每边$$10$$人，共有$$10\times 4-4=36$$（人）．总共有：$$10\times 10=100$$（人）．,填空,{},"[""拓展思维----应用题模块----方阵问题----实心方阵----实心方阵基本问题""]"
257,实心方阵基本问题,587,"[""拓展思维----应用题模块----方阵问题----实心方阵----实心方阵基本问题""]",[],某校四年级学生排成一个方阵，最外一层的人数为$$40$$人．问方阵最外层每边有人．这个方阵共有人.,"[""$$11$$"", ""$$121$$""]",方阵最外层每边人数：$$40\div 4+1=11$$人，整个方阵共有学生人数：$$11\times 11=121$$人．,填空,{},"[""拓展思维----应用题模块----方阵问题----实心方阵----实心方阵基本问题""]"
257,实心方阵基本问题,588,"[""拓展思维----应用题模块----方阵问题----实心方阵----实心方阵基本问题""]",[],四年级一班同学参加了广播操比赛，排成每行$$8$$人，每列$$8$$人的实心方阵，问方阵中共有多少学生？,"[""D""]",可以根据“实心方阵总人数$$=$$每边人数$$\times $$每边人数”得到$$8$$行$$8$$列的实心方阵人数为：$$8\times 8=64$$（人）．,单选,"{""A"": ""$$61$$"", ""B"": ""$$62$$"", ""C"": ""$$63$$"", ""D"": ""$$64$$""}","[""拓展思维----应用题模块----方阵问题----实心方阵----实心方阵基本问题""]"
257,实心方阵基本问题,589,"[""知识点----应用题模块----方阵问题----实心方阵----实心方阵基本问题"", ""拓展思维----应用题模块----方阵问题----实心方阵----实心方阵基本问题""]",[],麦斯小学艺术节，三年级的学生排成了一个实心方阵表演魔术，最外面一层每边$$18$$人，（$$1$$）那么整个方阵一共有人.,"[""$$324$$""]",方阵问题，审题要细心，分清最外层、最外边和方阵的总人数．（$$1$$）$$18\times 18=324$$．,填空,{},"[""知识点----应用题模块----方阵问题----实心方阵----实心方阵基本问题"", ""拓展思维----应用题模块----方阵问题----实心方阵----实心方阵基本问题""]"
257,实心方阵基本问题,590,"[""知识点----应用题模块----方阵问题----实心方阵----实心方阵基本问题"", ""拓展思维----应用题模块----方阵问题----实心方阵----实心方阵基本问题""]",[],麦斯小学艺术节，三年级的学生排成了一个实心方阵表演魔术，最外面一层每边$$18$$人，（$$2$$）最外面一层有人.,"[""$$68$$""]",方阵问题，审题要细心，分清最外层、最外边和方阵的总人数．（$$2$$）最外面一层有$$17\times 4=68$$或$$18\times 4-4=68$$人．,填空,{},"[""知识点----应用题模块----方阵问题----实心方阵----实心方阵基本问题"", ""拓展思维----应用题模块----方阵问题----实心方阵----实心方阵基本问题""]"
257,实心方阵基本问题,591,"[""知识点----应用题模块----方阵问题----实心方阵----实心方阵基本问题"", ""拓展思维----应用题模块----方阵问题----实心方阵----实心方阵基本问题""]",[],麦斯小学艺术节，三年级的学生排成了一个实心方阵表演魔术，最外面一层每边$$18$$人，（$$3$$）第$$2$$层一共有人.,"[""$$60$$""]",方阵问题，审题要细心，分清最外层、最外边和方阵的总人数．（$$3$$）$$15\times 4=60$$或$$68-8=60$$人．,填空,{},"[""知识点----应用题模块----方阵问题----实心方阵----实心方阵基本问题"", ""拓展思维----应用题模块----方阵问题----实心方阵----实心方阵基本问题""]"
257,实心方阵基本问题,592,"[""知识点----应用题模块----方阵问题----实心方阵----实心方阵基本问题"", ""拓展思维----应用题模块----方阵问题----实心方阵----实心方阵基本问题""]",[],麦斯小学艺术节，三年级的学生排成了一个实心方阵表演魔术，最外面一层每边$$18$$人，（$$4$$）最外面三层共有人.,"[""$$180$$""]",方阵问题，审题要细心，分清最外层、最外边和方阵的总人数．（$$4$$）$$60\times 3=180$$或$$68+60+52=180$$人．,填空,{},"[""知识点----应用题模块----方阵问题----实心方阵----实心方阵基本问题"", ""拓展思维----应用题模块----方阵问题----实心方阵----实心方阵基本问题""]"
257,实心方阵基本问题,1054,"[""拓展思维----应用题模块----方阵问题----实心方阵----实心方阵基本问题""]",[],三年级三班的实心方阵，最外层共有$$56$$人．(1)最外层每边人;(2)这个方阵一共有人．,"[""$$15$$"", ""$$225$$""]",(1)最外层每边：$$（56+4）\div 4=15$$（人）．(2)所以共有：$$15\times 15=225$$（人）．,填空,{},"[""拓展思维----应用题模块----方阵问题----实心方阵----实心方阵基本问题""]"
257,实心方阵基本问题,1268,"[""拓展思维----应用题模块----方阵问题----实心方阵----实心方阵基本问题""]",[],三年级学生排成一个实心方阵进行体操表演，最外一层的人数为$$32$$人，所以这个方阵最外层每边有人，这个方阵共有三年级学生人．,"[""$$9$$"", ""$$81$$""]",每边有$$32\div 4+1=9$$（人）或$$(32+4)\div 4=9$$（人），共$$9\times 9=81$$（人）.,填空,{},"[""拓展思维----应用题模块----方阵问题----实心方阵----实心方阵基本问题""]"
257,实心方阵基本问题,1269,"[""知识点----应用题模块----方阵问题----实心方阵----实心方阵基本问题"", ""拓展思维----应用题模块----方阵问题----实心方阵----实心方阵基本问题""]",[],牛牛用棋子摆成一个正方形实心方阵，共用棋子$$64$$枚，最外层每边枚棋子．,"[""$$8$$""]",由方阵总数可知方阵每行每列棋子数：$$64\div 8=8$$（枚）,填空,{},"[""知识点----应用题模块----方阵问题----实心方阵----实心方阵基本问题"", ""拓展思维----应用题模块----方阵问题----实心方阵----实心方阵基本问题""]"
257,实心方阵基本问题,1270,"[""知识点----应用题模块----方阵问题----实心方阵----实心方阵基本问题"", ""拓展思维----应用题模块----方阵问题----实心方阵----实心方阵基本问题""]",[],运动会上，老师们排成了实心方阵，已知这个方阵最外面一层有$$116$$人，最外层每边有人．,"[""$$30$$""]",边长：$$116\div 4+1=30$$（人）,填空,{},"[""知识点----应用题模块----方阵问题----实心方阵----实心方阵基本问题"", ""拓展思维----应用题模块----方阵问题----实心方阵----实心方阵基本问题""]"
257,实心方阵基本问题,1274,"[""拓展思维----应用题模块----方阵问题----实心方阵----实心方阵基本问题""]",[],有$$100$$个人站成一个实心方阵，那么这个方阵的最外层共有人．,"[""$$36$$""]",$$100$$个人站成的方阵为$$10\times 10$$，所以这个方阵的最外层有$$4\times 10-4=36$$（人）．,填空,{},"[""拓展思维----应用题模块----方阵问题----实心方阵----实心方阵基本问题""]"
257,实心方阵基本问题,1275,"[""拓展思维----应用题模块----方阵问题----实心方阵----实心方阵基本问题""]",[],某校四年级学生排成一个实心方阵，最外一层的人数为$$40$$人．方阵最外层每边有人．这个方阵共有人．,"[""$$11$$"", ""$$121$$""]","方阵最外层每边人数：$$40\div 4+1=11$$（人），
整个方阵共有学生人数：$$11\times 11=121$$（人）．",填空,{},"[""拓展思维----应用题模块----方阵问题----实心方阵----实心方阵基本问题""]"
257,实心方阵基本问题,1276,"[""知识点----应用题模块----方阵问题----实心方阵----实心方阵基本问题"", ""拓展思维----应用题模块----方阵问题----实心方阵----实心方阵基本问题""]",[],有$$49$$个人站成一个实心方阵，那么这个方阵的最外层每边有人．,"[""$$7$$""]",$$49$$个人站成的方阵为$$7\times 7$$，所以这个方阵的最外层每边有$$7$$人,填空,{},"[""知识点----应用题模块----方阵问题----实心方阵----实心方阵基本问题"", ""拓展思维----应用题模块----方阵问题----实心方阵----实心方阵基本问题""]"
257,实心方阵基本问题,1279,"[""知识点----应用题模块----方阵问题----实心方阵----实心方阵基本问题"", ""拓展思维----应用题模块----方阵问题----实心方阵----实心方阵基本问题""]",[],四年级一班同学参加了广播操比赛，排成每行$$14$$人，每列$$14$$人的实心方阵，方阵中共有个学生．,"[""$$196$$""]",可以根据“实心方阵总人数$$=$$每边人数$$\times $$每边人数”得到$$14$$行$$14$$列的实心方阵人数为:$$14\times 14=196$$（人）．,填空,{},"[""知识点----应用题模块----方阵问题----实心方阵----实心方阵基本问题"", ""拓展思维----应用题模块----方阵问题----实心方阵----实心方阵基本问题""]"
257,实心方阵基本问题,1280,"[""拓展思维----应用题模块----方阵问题----实心方阵----实心方阵基本问题""]",[],用$$25$$盆花摆成一个实心方阵，那么方阵最外层每边有盆花．,"[""$$5$$""]",$$5\times5=25$$（盆），所以方阵最外层每边有$$5$$盆花．,填空,{},"[""拓展思维----应用题模块----方阵问题----实心方阵----实心方阵基本问题""]"
257,实心方阵基本问题,1454,"[""拓展思维----应用题模块----方阵问题----实心方阵----实心方阵基本问题""]",[],学校为了庆祝“五一”国际劳动节，在小广场上用花盆摆了一个方阵，最外层有$$100$$盆花，那么，最外层的每边有盆花.,"[""$$26$$""]",$$\left( 100+4 \right)\div 4=26$$(盆),填空,{},"[""拓展思维----应用题模块----方阵问题----实心方阵----实心方阵基本问题""]"
257,实心方阵基本问题,1455,"[""拓展思维----应用题模块----方阵问题----实心方阵----实心方阵基本问题""]",[],三年级学生排成一个方阵进行体操表演，最外层人数为$$32$$人，问方阵外层每边有人，这个方阵共有三年级学生人．,"[""B""]",最外层每边：$$32\div4+1=9$$（人）；方阵总数：$$9\times9=81$$（人）．,单选,"{""A"": ""$$8；81$$"", ""B"": ""$$9；81$$"", ""C"": ""$$64；8$$"", ""D"": ""$$8；64$$""}","[""拓展思维----应用题模块----方阵问题----实心方阵----实心方阵基本问题""]"
257,实心方阵基本问题,1456,"[""拓展思维----应用题模块----方阵问题----实心方阵----实心方阵基本问题""]",[],实心方阵最外层每边有$$16$$枚棋子，则最外层总数是枚．,"[""$$60$$""]",最外层总数：$$（16-1）\times4=60$$（枚）或$$16\times4-4=60$$（枚）,填空,{},"[""拓展思维----应用题模块----方阵问题----实心方阵----实心方阵基本问题""]"
257,实心方阵基本问题,1457,"[""拓展思维----应用题模块----方阵问题----实心方阵----实心方阵基本问题""]",[],实心方阵最外层每边有$$16$$枚棋子，则最外层总数是枚．,"[""B""]",最外层总数：$$（16-1）\times4=60$$（枚）．,单选,"{""A"": ""$$59$$"", ""B"": ""$$60$$"", ""C"": ""$$64$$"", ""D"": ""$$72$$""}","[""拓展思维----应用题模块----方阵问题----实心方阵----实心方阵基本问题""]"
257,实心方阵基本问题,1458,"[""拓展思维----应用题模块----方阵问题----实心方阵----实心方阵基本问题""]",[],学$$X$$思运动会的开幕式上，老师们排成了实心方阵，有规律的扭动肢体．已知这个方阵最外面一层有$$116$$人，则从外往里数第三层有人，参加排方阵的老师有人,"[""$$100$$"", ""$$900$$""]",第三层：$$116-2\times 8=100$$（人）边长：$$116\div 4+1=30$$（人）总数：$$30\times 30=900$$（人）,填空,{},"[""拓展思维----应用题模块----方阵问题----实心方阵----实心方阵基本问题""]"
257,实心方阵基本问题,1499,"[""拓展思维----应用题模块----方阵问题----实心方阵----实心方阵基本问题""]",[],一个实心方阵，最外层每边有$$10$$颗棋子，从外往里数第二层共有颗棋子．,"[""$$28$$""]","最外圈：$$(10-1)\times 4=36$$（颗）．
第二层：$$36-8=28$$（颗）．",填空,{},"[""拓展思维----应用题模块----方阵问题----实心方阵----实心方阵基本问题""]"
257,实心方阵基本问题,1600,"[""知识点----应用题模块----方阵问题----实心方阵----实心方阵基本问题"", ""拓展思维----应用题模块----方阵问题----实心方阵----实心方阵基本问题""]",[],为庆祝建校$$16$$周年，学而思学校组织了一场运动会．开幕式上，各年级的代表队依次入场表演．一年级的学生排成了一个实心方阵表演体操，最外面一层每边$$18$$人，（$$1$$）那么整个方阵一共有人.,"[""$$324$$""]",方阵问题，审题要细心，分清最外层、最外边和方阵的总人数．（$$1$$）$$18\times 18=324$$．,填空,{},"[""知识点----应用题模块----方阵问题----实心方阵----实心方阵基本问题"", ""拓展思维----应用题模块----方阵问题----实心方阵----实心方阵基本问题""]"
257,实心方阵基本问题,1605,"[""拓展思维----应用题模块----方阵问题----实心方阵----实心方阵基本问题""]",[],四年级一班同学参加了广播操比赛，排成每行$$8$$人，每列$$8$$人的方阵，问方阵中共有个学生，如果去掉一行一列．还剩个同学．,"[""$$64$$"", ""$$49$$""]",$$8\times8=64$$（人）．去掉一行一列后，还剩$$7$$行$$7$$列，也可通过同样的方法得出总人数为：$$7\times 7=49$$（人）．,填空,{},"[""拓展思维----应用题模块----方阵问题----实心方阵----实心方阵基本问题""]"
257,实心方阵基本问题,1610,"[""拓展思维----应用题模块----方阵问题----实心方阵----实心方阵基本问题""]",[],阳光小学的学生在操场上排成一个实心方阵，已知方阵最外面一圈都是男生，往内一圈都是女生，然后是男生$$\cdots \cdots $$如此下去直到最里面．如果男生总数比女生总数多$$52$$人，那么共有学生人 .,"[""$$676$$""]",以相邻的一圈男生和一圈女生为一组．这样的一组里男生比女生多$$8$$人．那么$$52$$里面有$$6$$个$$8$$，也就是$$6$$个这样的组，还余下$$4$$名男生，这$$4$$名男生组成最里层的一个方阵，所以总共有$$2\times 6+1=13$$（层），最里层是$$4$$人，每层人数都递增$$8$$人，最外层为$$4\div 8\times 12=100$$（人）．总人数为$$\left( 4+100 \right)\times 13\div 2=676$$（人）．,填空,{},"[""拓展思维----应用题模块----方阵问题----实心方阵----实心方阵基本问题""]"
257,实心方阵基本问题,1615,"[""拓展思维----应用题模块----方阵问题----实心方阵----实心方阵基本问题""]",[],某校四年级学生排成一个方阵，最外一层的人数为$$40$$人．那么方阵最外层每边有人，这个方阵共有人．,"[""$$11$$"", ""$$121$$""]",方阵最外层每边人数：$$40\div 4+1=11$$人，整个方阵共有学生人数：$$11\times 11=121$$人．,填空,{},"[""拓展思维----应用题模块----方阵问题----实心方阵----实心方阵基本问题""]"
257,实心方阵基本问题,1669,"[""知识点----应用题模块----方阵问题----实心方阵----实心方阵基本问题"", ""拓展思维----应用题模块----方阵问题----实心方阵----实心方阵基本问题""]",[],有$$100$$个少先队员参加广播操比赛，排成了一个正方形实心方队，问这个正方形四周站了个少先队员.,"[""$$36$$""]",由$$100=10\times 10$$，$$\left( 10-1 \right)\times 4=36$$（个）．答：这个正方形四周站了$$36$$个少先队员．,填空,{},"[""知识点----应用题模块----方阵问题----实心方阵----实心方阵基本问题"", ""拓展思维----应用题模块----方阵问题----实心方阵----实心方阵基本问题""]"
257,实心方阵基本问题,1901,"[""拓展思维----应用题模块----方阵问题----实心方阵----实心方阵基本问题""]",[],一个实心方阵，最外面一层共有$$56$$人，那么，最外层每边有人．,"[""$$15$$""]",最外层每边有：$$56\div 4+1=15$$（人）．,填空,{},"[""拓展思维----应用题模块----方阵问题----实心方阵----实心方阵基本问题""]"
257,实心方阵基本问题,1903,"[""拓展思维----应用题模块----方阵问题----实心方阵----实心方阵基本问题""]",[],共有$$200$$人排成一个$$5$$层空心方阵，这个方阵最外面一层每边人．如果要在最外面增加一行一列，那么需要增加人．,"[""$$15$$"", ""$$31$$""]",中间层共有：$$200\div 5=40$$（人），所以最外层共有：$$40+8\times 2=56$$（人），每边有$$56\div 4+1=15$$（人）；增加一行一列需要：$$16\times 16-15\times 15=31$$（人）．,填空,{},"[""拓展思维----应用题模块----方阵问题----空心方阵----空心方阵的增减"", ""拓展思维----应用题模块----方阵问题----实心方阵----实心方阵基本问题""]"
257,实心方阵基本问题,1904,"[""拓展思维----应用题模块----方阵问题----实心方阵----实心方阵基本问题""]",[],小明摆了一个实心方阵，最外层用了$$40$$个棋子，共用了枚棋子．,"[""$$121$$""]",最外层每边的棋子数：$$40\div 4+1=11$$ （枚），$$11\times 11=121$$ （枚）棋子．,填空,{},"[""拓展思维----应用题模块----方阵问题----实心方阵----实心方阵基本问题""]"
257,实心方阵基本问题,1905,"[""拓展思维----应用题模块----方阵问题----实心方阵----实心方阵基本问题""]",[],某校三年级的同学排成一个方阵，最外一层的人数为$$80$$人，问最外一层每边上有多少人？这个方阵共有三年级的学生多少人？,"[""D""]",每边人数为$$80\div 4+1=21$$（人）；三年级总人数为$$21\times 21=441$$（人）．,单选,"{""A"": ""$$20$$;$$440$$"", ""B"": ""$$20$$;$$441$$"", ""C"": ""$$21$$;$$440$$"", ""D"": ""$$21$$;$$441$$""}","[""拓展思维----应用题模块----方阵问题----实心方阵----实心方阵基本问题""]"
257,实心方阵基本问题,1907,"[""拓展思维----应用题模块----方阵问题----实心方阵----实心方阵基本问题""]",[],一个实心方阵，最外边一层每边$$14$$人，那么这个方阵一共人．,"[""$$196$$""]","$$14\times 14=196$$（人）．
故答案为：$$196$$．",填空,{},"[""拓展思维----应用题模块----方阵问题----实心方阵----实心方阵基本问题""]"
257,实心方阵基本问题,2077,"[""知识点----应用题模块----方阵问题----实心方阵----实心方阵基本问题"", ""拓展思维----应用题模块----方阵问题----实心方阵----实心方阵基本问题""]",[],四年级排成两个实心方阵表演舞蹈．（2）四年级$$2$$班方阵最外层每边$$10$$人，最外层一共有人．,"[""$$36$$""]",$$(10-1)\times4=36$$（人）或$$10\times4-4=36$$（人）．,填空,{},"[""知识点----应用题模块----方阵问题----实心方阵----实心方阵基本问题"", ""拓展思维----应用题模块----方阵问题----实心方阵----实心方阵基本问题""]"
257,实心方阵基本问题,2078,"[""知识点----应用题模块----方阵问题----实心方阵----实心方阵基本问题"", ""拓展思维----应用题模块----方阵问题----实心方阵----实心方阵基本问题""]",[],五年级$$1$$班的实心方阵，最外层共有$$36$$人．（1）这个方阵最外面一层每边有人.,"[""$$10$$""]",最外层每边有$$(36+4)\div 4=10$$人.,填空,{},"[""知识点----应用题模块----方阵问题----实心方阵----实心方阵基本问题"", ""拓展思维----应用题模块----方阵问题----实心方阵----实心方阵基本问题""]"
257,实心方阵基本问题,2080,"[""拓展思维----应用题模块----方阵问题----实心方阵----实心方阵基本问题""]",[],一个实心方阵，最外一层的人数为$$40$$人，问方阵最外层每边有人．,"[""$$11$$""]","$$40\div 4+1=11$$（人）．
故答案为：$$11$$．",填空,{},"[""拓展思维----应用题模块----方阵问题----实心方阵----实心方阵基本问题""]"
257,实心方阵基本问题,2091,"[""知识点----应用题模块----方阵问题----实心方阵----实心方阵基本问题"", ""拓展思维----应用题模块----方阵问题----实心方阵----实心方阵基本问题""]",[],共有$$200$$人排成一个$$5$$层空心方阵，这个方阵最外面一层每边人.,"[""$$15$$""]",中间层共有：$$200\div 5=40$$人，所以最外层共有：$$40+8\times 2=56$$人，,填空,{},"[""知识点----应用题模块----方阵问题----实心方阵----实心方阵基本问题"", ""拓展思维----应用题模块----方阵问题----空心方阵----空心方阵的增减"", ""知识点----应用题模块----方阵问题----空心方阵----空心方阵的增减"", ""拓展思维----应用题模块----方阵问题----实心方阵----实心方阵基本问题""]"
257,实心方阵基本问题,2362,"[""知识点----应用题模块----方阵问题----实心方阵----实心方阵基本问题"", ""拓展思维----应用题模块----方阵问题----实心方阵----实心方阵基本问题""]","[""question_2362-image_0""]",一年级二班表演武术，一共有$$121$$人参加，他们排成了行列的方阵． question_2362-image_0,"[""$$11$$"", ""$$11$$""]",实心方阵，行数$$=$$列数，$$121=11\times 11$$，所以排成$$11$$行$$11$$列的方阵．,填空,{},"[""知识点----应用题模块----方阵问题----实心方阵----实心方阵基本问题"", ""拓展思维----应用题模块----方阵问题----实心方阵----实心方阵基本问题""]"
257,实心方阵基本问题,2363,"[""拓展思维----应用题模块----方阵问题----实心方阵----实心方阵基本问题""]","[""question_2363-image_0""]","三年级一班排成实心方阵表演集体舞，方阵最外层每边$$5$$人，最外层一共有人．
 question_2363-image_0","[""$$16$$""]","$$(5-1)\times 4=16$$（人）或$$5\times 4-4=16$$（人）．
故答案为：$$16$$．",填空,{},"[""拓展思维----应用题模块----方阵问题----实心方阵----实心方阵基本问题""]"
257,实心方阵基本问题,2364,"[""拓展思维----应用题模块----方阵问题----实心方阵----实心方阵基本问题""]","[""question_2364-image_0""]","三年级二班排成了一个实心方阵，最外层有$$36$$人，最外层每边有人．
 question_2364-image_0","[""$$10$$""]",$$36\div 4+1=10$$（人）．,填空,{},"[""拓展思维----应用题模块----方阵问题----实心方阵----实心方阵基本问题""]"
257,实心方阵基本问题,2365,"[""拓展思维----应用题模块----方阵问题----实心方阵----实心方阵基本问题""]","[""analysis_2365-image_0""]",用$$36$$颗棋子排成一个实心的方阵，这个方阵最外层共有颗棋子．,"[""$$20$$""]"," analysis_2365-image_0 
$$36=6\times6$$，$$(6-1)\times4=20$$（颗）",填空,{},"[""拓展思维----应用题模块----方阵问题----实心方阵----实心方阵基本问题""]"
257,实心方阵基本问题,2366,"[""拓展思维----应用题模块----方阵问题----实心方阵----实心方阵基本问题""]","[""question_2366-image_0""]","如下图，最外层比第二层（从外向内）多个点，第二层比第三层（从外向内）多个点，第三层比第四层（从外向内）多个点．
 question_2366-image_0","[""$$8$$"", ""$$8$$"", ""$$8$$""]",通过数点可以发现，从外到内，最外层$$28$$个点，第二层$$20$$个点，第三层$$12$$个点，第四层$$4$$个点．,填空,{},"[""拓展思维----应用题模块----方阵问题----实心方阵----实心方阵基本问题""]"
257,实心方阵基本问题,2376,"[""拓展思维----应用题模块----方阵问题----实心方阵----实心方阵基本问题""]",[],一个实心方阵，最外层有$$32$$人，最外层每边有人．,"[""$$9$$""]",$$32\div 4+1=9$$（人）．,填空,{},"[""拓展思维----应用题模块----方阵问题----实心方阵----实心方阵基本问题""]"
257,实心方阵基本问题,2638,"[""知识点----应用题模块----方阵问题----实心方阵----实心方阵基本问题"", ""拓展思维----应用题模块----方阵问题----实心方阵----实心方阵基本问题""]","[""question_2638-image_1""]",一年级二班表演武术，一共有$$49$$人参加，他们排成了行列的实心方阵． question_2638-image_1 ​,"[""$$7$$"", ""$$7$$""]",实心方阵，行数$$=$$列数，$$49=7\times 7$$，所以排成$$7$$行$$7$$列的方阵．,填空,{},"[""知识点----应用题模块----方阵问题----实心方阵----实心方阵基本问题"", ""拓展思维----应用题模块----方阵问题----实心方阵----实心方阵基本问题""]"
257,实心方阵基本问题,2639,"[""知识点----应用题模块----方阵问题----实心方阵----实心方阵基本问题"", ""拓展思维----应用题模块----方阵问题----实心方阵----实心方阵基本问题""]","[""question_2639-image_0""]",三年级排成三个实心方阵表演集体舞，一班方阵最外层每边$$5$$人，最外层一共有人． question_2639-image_0,"[""$$16$$""]",$$(5-1)\times4=16$$（人）或$$5\times 4-4=16$$（人）．,填空,{},"[""知识点----应用题模块----方阵问题----实心方阵----实心方阵基本问题"", ""拓展思维----应用题模块----方阵问题----实心方阵----实心方阵基本问题""]"
257,实心方阵基本问题,2642,"[""知识点----应用题模块----方阵问题----实心方阵----实心方阵基本问题""]",[],一个实心方阵最外层每边$$11$$人，那么这个方阵的最外层共有人．,"[""$$40$$""]",这个方阵的最外层有$$4\times 11-4=40$$（人）．,填空,{},"[""知识点----应用题模块----方阵问题----实心方阵----实心方阵基本问题""]"
257,实心方阵基本问题,2726,"[""拓展思维----应用题模块----方阵问题----实心方阵----实心方阵基本问题""]","[""question_2726-image_0""]",如图是一个正方形点阵，这个正方形点阵共有个点． question_2726-image_0,"[""$$49$$""]",$$7\times 7=49$$,填空,{},"[""拓展思维----应用题模块----方阵问题----实心方阵----实心方阵基本问题""]"
257,实心方阵基本问题,2727,"[""拓展思维----应用题模块----方阵问题----实心方阵----实心方阵基本问题""]","[""question_2727-image_0""]",如图是一个正方形点阵，最外层共有个点； question_2727-image_0,"[""$$24$$""]",$$7\times 4-4=24$$,填空,{},"[""拓展思维----应用题模块----方阵问题----实心方阵----实心方阵基本问题""]"
257,实心方阵基本问题,3016,"[""拓展思维----应用题模块----方阵问题----实心方阵----实心方阵基本问题""]",[],"学而思学校组织了一场运动会．开幕式上，各年级的代表队依次入场表演．一年级的学生排成了一个实心方阵表演体操，最外一层每边$$18$$人，
（1）这个实心方阵一共有人；
（2）最外面一层的小朋友一共有人.","[""$$324$$"", ""$$68$$""]","1：$$18\times 18=324$$（人）
2：$$17\times 4=68$$（人）或$$18\times 4-4=68$$（人）.",填空,{},"[""拓展思维----应用题模块----方阵问题----实心方阵----实心方阵基本问题""]"
257,实心方阵基本问题,3177,"[""知识点----应用题模块----方阵问题----实心方阵----实心方阵基本问题"", ""拓展思维----应用题模块----方阵问题----实心方阵----实心方阵基本问题""]",[],五年级$$2$$班的实心方阵，最外层共有$$56$$人．（$$2$$）这个方阵一共有人．,"[""$$15$$""]",共有$$15\times 15=225$$人．,填空,{},"[""知识点----应用题模块----方阵问题----实心方阵----实心方阵基本问题"", ""拓展思维----应用题模块----方阵问题----实心方阵----实心方阵基本问题""]"
257,实心方阵基本问题,3178,"[""知识点----应用题模块----方阵问题----实心方阵----实心方阵基本问题"", ""拓展思维----应用题模块----方阵问题----实心方阵----实心方阵基本问题""]",[],五年级$$2$$班的实心方阵，最外层共有$$56$$人．（$$1$$）这个方阵最外层每边有人．,"[""$$15$$""]",最外层每边有：$$56\div 4+1=15$$人.,填空,{},"[""知识点----应用题模块----方阵问题----实心方阵----实心方阵基本问题"", ""拓展思维----应用题模块----方阵问题----实心方阵----实心方阵基本问题""]"
257,实心方阵基本问题,3179,"[""知识点----应用题模块----方阵问题----实心方阵----实心方阵基本问题"", ""拓展思维----应用题模块----方阵问题----实心方阵----实心方阵基本问题""]",[],麦斯小学艺术节，三年级的学生排成了一个实心方阵表演魔术，最外面一层每边$$18$$人，（$$3$$）从外向内数，第$$2$$层每边有人.,"[""$$16$$""]",方阵问题，审题要细心，分清最外层、最外边和方阵的总人数．（$$3$$）每边有$$18-2=16$$人．,填空,{},"[""知识点----应用题模块----方阵问题----实心方阵----实心方阵基本问题"", ""拓展思维----应用题模块----方阵问题----实心方阵----实心方阵基本问题""]"
257,实心方阵基本问题,3650,"[""拓展思维----应用题模块----方阵问题----实心方阵----实心方阵基本问题""]",[],六年级学生排成实心方阵进行团体操表演，最外层每边$$15$$人，最外层一共有名学生，整个方阵有名学生．,"[""$$56$$"", ""$$225$$""]",$$15\times 4-4=56$$（人）（端点上的学生重复算了一次，所以减$$4$$），$$15\times 15=225$$（人）．,填空,{},"[""拓展思维----应用题模块----方阵问题----实心方阵----实心方阵基本问题""]"
257,实心方阵基本问题,3667,"[""拓展思维----应用题模块----方阵问题----实心方阵----实心方阵基本问题""]",[],五年级$$2$$班的实心方阵，最外层共有$$56$$人．（$$1$$）这个方阵最外层每边有人．（$$2$$）这个方阵一共有人．,"[""$$15$$"", ""$$225$$""]",最外层每边有：$$56\div 4+1=15$$人，所以共有$$15\times 15=225$$人．,填空,{},"[""拓展思维----应用题模块----方阵问题----实心方阵----实心方阵基本问题""]"
257,实心方阵基本问题,3692,"[""拓展思维----应用题模块----方阵问题----实心方阵----实心方阵基本问题""]",[],一个表演方阵的最外层每边有$$10$$人，这个方阵一共有（ ）人．,"[""A""]","方阵的最外层每边有$$10$$个人相当于这个方阵有十行十列，
那么这个方阵的总人数是$$10\times10=100$$人．",单选,"{""A"": ""$$10\\times 10$$"", ""B"": ""$$(10-1)\\times (10-1)$$"", ""C"": ""$$(10+1)\\times (10+1)$$"", ""D"": ""$$10\\times (10-1)$$""}","[""拓展思维----应用题模块----方阵问题----实心方阵----实心方阵基本问题""]"
257,实心方阵基本问题,3693,"[""拓展思维----应用题模块----方阵问题----实心方阵----实心方阵基本问题""]",[],四年级一班同学参加了广播操比赛，排成每行$$8$$人，每列$$8$$人的实心方阵，问方阵中共有（ ）学生．,"[""A""]",$$8\times8=64$$（人）,单选,"{""A"": ""$$64$$"", ""B"": ""$$54$$"", ""C"": ""$$44$$"", ""D"": ""$$34$$""}","[""拓展思维----应用题模块----方阵问题----实心方阵----实心方阵基本问题""]"
257,实心方阵基本问题,3871,"[""拓展思维----应用题模块----方阵问题----实心方阵----实心方阵基本问题""]",[],某校三年级的同学排成一个实心方阵．最外层每边$$10$$人，问方阵共有多少三年级学生？（ ）,"[""B""]",实心方阵，$$10\times 10=100$$（人）．,单选,"{""A"": ""$$81$$"", ""B"": ""$$100$$"", ""C"": ""$$121$$"", ""D"": ""$$144$$""}","[""拓展思维----应用题模块----方阵问题----实心方阵----实心方阵基本问题""]"
257,实心方阵基本问题,4348,"[""知识点----应用题模块----方阵问题----实心方阵----实心方阵基本问题""]","[""analysis_4348-image_0"", ""question_4348-image_0""]",三年级二班排成了一个实心方阵，最外层有$$36$$人，（1）圈一圈，将方阵最外层分成相同的四份．（2）最外层每边有人． question_4348-image_0,"[""$$10$$""]",（1） analysis_4348-image_0 （2)$$36\div 4+1=10$$（人）．,填空,{},"[""知识点----应用题模块----方阵问题----实心方阵----实心方阵基本问题""]"
257,实心方阵基本问题,4617,"[""拓展思维----应用题模块----方阵问题----实心方阵----实心方阵基本问题""]",[],有$$100$$个人站成一个实心方阵，那么这个方阵的最外层共有人．,"[""$$36$$""]",100个人站成的方阵为$$10\times 10$$，所以这个方阵的最外层有$$4\times 10-4=36$$人 .,填空,{},"[""拓展思维----应用题模块----方阵问题----实心方阵----实心方阵基本问题""]"
257,实心方阵基本问题,4618,"[""拓展思维----应用题模块----方阵问题----实心方阵----实心方阵基本问题""]",[],某校四年级学生排成一个方阵，最外一层的人数为$$40$$人．问方阵最外层每边有人，这个方阵共有人．,"[""$$11$$"", ""$$121$$""]",方阵最外层每边人数：$$40\div 4+1=11$$人，整个方阵共有学生人数：$$11\times 11=121$$人．,填空,{},"[""拓展思维----应用题模块----方阵问题"", ""拓展思维----应用题模块----方阵问题----实心方阵----实心方阵基本问题""]"
257,实心方阵基本问题,4620,"[""知识点----应用题模块----方阵问题----实心方阵----实心方阵基本问题"", ""拓展思维----应用题模块----方阵问题----实心方阵----实心方阵基本问题""]",[],运动会上，老师们排成了实心方阵，已知这个方阵最外面一层有$$116$$人，则从外往里数第三层有人，参加排方阵的老师有人．,"[""$$100$$"", ""$$900$$""]",第三层：$$116-2\times 8=100$$（人）边长：$$116\div 4+1=30$$（人）总数：$$30\times 30=900$$（人）,填空,{},"[""知识点----应用题模块----方阵问题----实心方阵----实心方阵基本问题"", ""拓展思维----应用题模块----方阵问题----实心方阵----实心方阵基本问题""]"
257,实心方阵基本问题,4755,"[""知识点----应用题模块----方阵问题----实心方阵----实心方阵基本问题"", ""拓展思维----应用题模块----方阵问题----实心方阵----实心方阵基本问题""]",[],为庆祝建校$$16$$周年，学而思学校组织了一场运动会．开幕式上，各年级的代表队依次入场表演．一年级的学生排成了一个实心方阵表演体操，最外面一层每边$$18$$人，（$$2$$）最外面一层有人．,"[""$$68$$""]",方阵问题，审题要细心，分清最外层、最外边和方阵的总人数．（$$2$$）最外面一层有$$17\times 4=68$$或$$18\times 4-4=68$$人．,填空,{},"[""知识点----应用题模块----方阵问题----实心方阵----实心方阵基本问题"", ""拓展思维----应用题模块----方阵问题----实心方阵----实心方阵基本问题""]"
257,实心方阵基本问题,4756,"[""知识点----应用题模块----方阵问题----实心方阵----实心方阵基本问题"", ""拓展思维----应用题模块----方阵问题----实心方阵----实心方阵基本问题""]",[],为庆祝建校$$16$$周年，学而思学校组织了一场运动会．开幕式上，各年级的代表队依次入场表演．一年级的学生排成了一个实心方阵表演体操，最外面一层每边$$18$$人，（$$3$$）从外向内数，第$$2$$层每边有人，第$$2$$层一共有人．,"[""$$16$$"", ""$$60$$""]",方阵问题，审题要细心，分清最外层、最外边和方阵的总人数．（$$3$$）每边有$$18-2=16$$人；$$15\times 4=60$$或$$68-8=60$$人．,填空,{},"[""知识点----应用题模块----方阵问题----实心方阵----实心方阵基本问题"", ""拓展思维----应用题模块----方阵问题----实心方阵----实心方阵基本问题""]"
257,实心方阵基本问题,4757,"[""知识点----应用题模块----方阵问题----实心方阵----实心方阵基本问题"", ""拓展思维----应用题模块----方阵问题----实心方阵----实心方阵基本问题""]",[],为庆祝建校$$16$$周年，学而思学校组织了一场运动会．开幕式上，各年级的代表队依次入场表演．一年级的学生排成了一个实心方阵表演体操，最外面一层每边$$18$$人，（$$4$$）最外面三层共有人．,"[""$$180$$""]",方阵问题，审题要细心，分清最外层、最外边和方阵的总人数．（$$4$$）$$60\times 3=180$$或$$68+60+52=180$$人．,填空,{},"[""知识点----应用题模块----方阵问题----实心方阵----实心方阵基本问题"", ""拓展思维----应用题模块----方阵问题----实心方阵----实心方阵基本问题""]"
257,实心方阵基本问题,4758,"[""知识点----应用题模块----方阵问题----实心方阵----实心方阵基本问题"", ""拓展思维----应用题模块----方阵问题----实心方阵----实心方阵基本问题""]",[],为庆祝建校$$16$$周年，学而思学校组织了一场运动会．开幕式上，各年级的代表队依次入场表演．一年级的学生排成了一个实心方阵表演体操，最外面一层每边$$18$$人，（$$5$$）这个方阵共有层．,"[""$$9$$""]",方阵问题，审题要细心，分清最外层、最外边和方阵的总人数．（$$5$$）每向里面一层，每边少两个人，$$18\div 2=9$$层，一共有$$9$$层．,填空,{},"[""知识点----应用题模块----方阵问题----实心方阵----实心方阵基本问题"", ""拓展思维----应用题模块----方阵问题----实心方阵----实心方阵基本问题""]"
257,实心方阵基本问题,4759,"[""知识点----应用题模块----方阵问题----实心方阵----实心方阵基本问题"", ""拓展思维----应用题模块----方阵问题----实心方阵----实心方阵基本问题""]",[],一个实心方阵，最外层共有$$48$$人．请问：这个方阵共有人；共有层.,"[""$$169$$"", ""$$7$$""]",最外层每边有$$(48+4)\div 4=13$$人，共有$$13\times 13=169$$人，每向里面一层，每边少两个人，所以共有$$(13+1)\div 2=7$$层．,填空,{},"[""知识点----应用题模块----方阵问题----实心方阵----实心方阵基本问题"", ""拓展思维----应用题模块----方阵问题----实心方阵----实心方阵基本问题""]"
257,实心方阵基本问题,4760,"[""知识点----应用题模块----方阵问题----实心方阵----实心方阵基本问题"", ""拓展思维----应用题模块----方阵问题----实心方阵----实心方阵基本问题""]",[],二年级的学生准备表演合唱，所有参加合唱的男生刚好排成了一个实心方阵，$$17$$个女生在方阵外面排好，使方阵外层增加了一行一列，成了一个大一点的实心方阵．二年级一共有个男生参加合唱.,"[""$$64$$""]",添加$$17$$个女生，正好可以增加一行一列，此时每条边有$$(17+1)\div 2=9$$个人，那么原来的方阵每条边有$$9-1=8$$个男生，原来实心方阵的男生总数：$$8\times 8=64$$个．,填空,{},"[""知识点----应用题模块----方阵问题----实心方阵----实心方阵基本问题"", ""拓展思维----应用题模块----方阵问题----实心方阵----实心方阵基本问题""]"
257,实心方阵基本问题,4768,"[""拓展思维----应用题模块----方阵问题----实心方阵----实心方阵基本问题""]",[],若干名同学站成一个$$15\times 15$$的方阵，请问：这个方阵从里向外的第七层有人．,"[""$$48$$""]","最外层每边$$15$$人，但角落上的$$4$$个人每人都同时位于两条边上，所以最外层共有：$$15\times 4-4=56$$（人）；
每往里一层，每边人数会减少$$2$$个，最里层的每边应该有：$$15-2\times 7=1$$（人），共有$$7+1=8$$（层）；
从里向外第$$7$$层每边有：$$1+2\times \left( 7-1 \right)=13$$（人），所以这一层共有：$$13\times 4-4=48$$（人）．",填空,{},"[""课内知识点----数学广角----数与形----数与形数形结合思想"", ""拓展思维----应用题模块----方阵问题----实心方阵----实心方阵基本问题""]"
257,实心方阵基本问题,4950,"[""拓展思维----应用题模块----方阵问题----实心方阵----实心方阵基本问题""]",[],某校四年级学生排成一个方阵，最外一层的人数为$$40$$人．问方阵最外层每边有人，这个方阵共有人．,"[""$$11$$"", ""$$121$$""]",方阵最外层每边人数：$$40\div 4+1=11$$人，整个方阵共有学生人数：$$11\times 11=121$$人．,填空,{},"[""拓展思维----应用题模块----方阵问题----实心方阵----实心方阵基本问题"", ""拓展思维----应用题模块----方阵问题""]"
257,实心方阵基本问题,5823,"[""拓展思维----应用题模块----方阵问题----实心方阵----实心方阵基本问题""]",[],某校四年级学生排成一个方阵，最外一层的人数为$$40$$人．问方阵最外层每边有人，这个方阵共有人．,"[""$$11$$"", ""$$121$$""]",方阵最外层每边人数：$$40\div 4+1=11$$人，整个方阵共有学生人数：$$11\times 11=121$$人．,填空,{},"[""拓展思维----数论模块----分解质因数----分解质因数的应用----乘积末尾0的个数"", ""拓展思维----应用题模块----方阵问题----实心方阵----实心方阵基本问题""]"
257,实心方阵基本问题,5827,"[""拓展思维----应用题模块----方阵问题----实心方阵----实心方阵基本问题""]",[],一队战士排成三层空心方阵，会多出$$16$$人；如果空心部分再添入一层的人，又会少$$28$$人，这队战士共有人，如果他们改成实心方阵，每边应有人．,"[""$$196$$"", ""$$14$$""]",把多余的$$16$$人放在方阵内部还少$$28$$人，可见方阵内部增加一层，需要$$16+28=44$$人，因此向外三层的每层人数都可以求出．从内向外每层人数依次是:第一层:$$16+28+8=52$$（人），第二层:$$16+28+2\times8=60$$（人），第三层:$$16+28+3\times8=68$$（人），总人数:$$52+60+68+16=196$$（人），因为$$196=14\times14$$，所以排成实心方阵每边有$$14$$人．方阵内部增加一层，需要$$16+28=44$$人，因此向外三层的每层人数都可以求出．从内向外每层人数依次是：第一层：$$44+8=52$$人，第二层：$$44+2\times 8=60$$人，第三层：$$44+3\times 8=68$$人，总人数：$$52+60+68+16=196$$人，因为$$196=14\times 14$$，所以排成实心方阵每边有$$14$$人．,填空,{},"[""拓展思维----应用题模块----方阵问题----空心方阵----空心方阵基本问题"", ""拓展思维----应用题模块----方阵问题----空心方阵----空心方阵的增减"", ""拓展思维----应用题模块----方阵问题----实心方阵----实心方阵基本问题""]"
257,实心方阵基本问题,6151,"[""知识点----应用题模块----方阵问题----实心方阵----实心方阵基本问题"", ""拓展思维----应用题模块----方阵问题----实心方阵----实心方阵基本问题""]","[""question_6151-image_0""]",三年级二班方阵，最外层有$$36$$人，最外层每边有人． question_6151-image_0,"[""$$10$$""]",$$36\div 4+1=10$$（人）．,填空,{},"[""知识点----应用题模块----方阵问题----实心方阵----实心方阵基本问题"", ""拓展思维----应用题模块----方阵问题----实心方阵----实心方阵基本问题""]"
257,实心方阵基本问题,6224,"[""知识点----应用题模块----方阵问题----实心方阵----实心方阵基本问题"", ""拓展思维----应用题模块----方阵问题----实心方阵----实心方阵基本问题""]",[],学校门口摆方阵花坛，一共用了$$144$$盆花，摆的是（ ）行（ ）列的方阵花坛．,"[""C""]",“实心方阵总人数$$=$$行数$$\times $$列数”$$12\times 12=144$$（人），所以摆的是$$12$$行$$12$$列的方阵．,单选,"{""A"": ""$$10$$；$$10$$"", ""B"": ""$$11$$；$$11$$"", ""C"": ""$$12$$；$$12$$"", ""D"": ""$$13$$；$$13$$""}","[""知识点----应用题模块----方阵问题----实心方阵----实心方阵基本问题"", ""拓展思维----应用题模块----方阵问题----实心方阵----实心方阵基本问题""]"
257,实心方阵基本问题,6225,"[""知识点----应用题模块----方阵问题----实心方阵----实心方阵基本问题"", ""拓展思维----应用题模块----方阵问题----实心方阵----实心方阵基本问题""]",[],同学们参加了广播操比赛，排成每行$$8$$人，每列$$8$$人的实心方阵，方阵中共有多少学生？,"[""D""]",可以根据“实心方阵总人数$$=$$每边人数$$\times $$每边人数”得到$$8$$行$$8$$列的实心方阵人数为：$$8\times 8=64$$（人）．,单选,"{""A"": ""$$61$$"", ""B"": ""$$62$$"", ""C"": ""$$63$$"", ""D"": ""$$64$$""}","[""知识点----应用题模块----方阵问题----实心方阵----实心方阵基本问题"", ""拓展思维----应用题模块----方阵问题----实心方阵----实心方阵基本问题""]"
257,实心方阵基本问题,6241,"[""拓展思维----应用题模块----方阵问题----实心方阵----实心方阵基本问题""]",[],一队战士排成三层空心方阵多出$$16$$人，如果空心部分再加一层又少$$28$$人，这队战士共有人．如果他们改成实心方阵，最外层每边应有人．,"[""$$196$$"", ""$$14$$""]",把多余的$$16$$人放在方阵内部还少$$28$$人，可见方阵内部增加一层，需要$$16+28=44$$人，因此向外三层的每层人数都可以求出．从内向外每层人数依次是:第一层:$$16+28+8=52$$（人），第二层:$$16+28+2\times8=60$$（人），第三层:$$16+28+3\times8=68$$（人），总人数:$$52+60+68+16=196$$（人），因为$$196=14\times14$$，所以排成实心方阵最外层每边有$$14$$人．,填空,{},"[""拓展思维----应用题模块----方阵问题----空心方阵----空心方阵的增减"", ""拓展思维----应用题模块----方阵问题----空心方阵----空心方阵基本问题"", ""拓展思维----应用题模块----方阵问题----实心方阵----实心方阵基本问题""]"
257,实心方阵基本问题,6343,"[""拓展思维----应用题模块----方阵问题----实心方阵----实心方阵基本问题""]",[],一队战士排成三层空心方阵，会多出$$16$$人；如果空心部分再添入一层的人，又会少$$28$$人，这队战士共有多少人？如果他们改成实心方阵，每边应有人．,"[""$$14$$""]",把多余的$$16$$人放在方阵内部还少$$28$$人，可见方阵内部增加一层，需要$$16+28=44$$人，因此向外三层的每层人数都可以求出．从内向外每层人数依次是:第一层:$$16+28+8=52$$（人），第二层:$$16+28+2\times8=60$$（人），第三层:$$16+28+3\times8=68$$（人），总人数:$$52+60+68+16=196$$（人），因为$$196=14\times14$$，所以排成实心方阵每边有$$14$$人．方阵内部增加一层，需要$$16+28=44$$人，因此向外三层的每层人数都可以求出．从内向外每层人数依次是：第一层：$$44+8=52$$人，第二层：$$44+2\times 8=60$$人，第三层：$$44+3\times 8=68$$人，总人数：$$52+60+68+16=196$$人，因为$$196=14\times 14$$，所以排成实心方阵每边有$$14$$人．,填空,{},"[""拓展思维----应用题模块----方阵问题----空心方阵----空心方阵的增减"", ""拓展思维----应用题模块----方阵问题----空心方阵----空心方阵基本问题"", ""拓展思维----应用题模块----方阵问题----实心方阵----实心方阵基本问题""]"
257,实心方阵基本问题,6346,"[""拓展思维----应用题模块----方阵问题----实心方阵----实心方阵基本问题""]",[],某校四年级学生排成一个方阵，最外一层的人数为$$40$$人．那么方阵最外层每边有人，这个方阵共有人．,"[""$$11$$"", ""$$121$$""]",方阵最外层每边人数：$$40\div 4+1=11$$人，整个方阵共有学生人数：$$11\times 11=121$$人．,填空,{},"[""拓展思维----应用题模块----方阵问题----实心方阵----实心方阵基本问题"", ""拓展思维----应用题模块----方阵问题""]"
257,实心方阵基本问题,6427,"[""知识点----应用题模块----方阵问题----实心方阵----实心方阵基本问题"", ""拓展思维----应用题模块----方阵问题----实心方阵----实心方阵基本问题""]","[""question_6427-image_0""]",（1）一年级一班表演正步走，队形要求：一行站$$5$$人，一共站$$5$$行，$$一$$班有人参加．（2）去掉一行一列，少了人． question_6427-image_0,"[""$$25$$"", ""$$9$$""]",实心奇数方阵，$$5\times 5=25$$（人）．,填空,{},"[""知识点----应用题模块----方阵问题----实心方阵----实心方阵基本问题"", ""拓展思维----应用题模块----方阵问题----实心方阵----实心方阵基本问题""]"
257,实心方阵基本问题,6428,"[""知识点----应用题模块----方阵问题----实心方阵----实心方阵基本问题"", ""拓展思维----应用题模块----方阵问题----实心方阵----实心方阵基本问题""]","[""question_6428-image_0""]",三年级$$三$$班的实心方阵，最外层共有$$56$$人．这个方阵一共有人． question_6428-image_0,"[""$$225$$""]",最外层每边：$$（56+4）\div 4=15$$（人）．所以共有$$15\times 15=225$$人．,填空,{},"[""知识点----应用题模块----方阵问题----实心方阵----实心方阵基本问题"", ""拓展思维----应用题模块----方阵问题----实心方阵----实心方阵基本问题""]"
257,实心方阵基本问题,6429,"[""拓展思维----应用题模块----方阵问题----实心方阵----实心方阵基本问题""]",[],四年级的学生排成了一个三层空心方阵表演魔术，最外面一层每边$$18$$人，（$$1$$）最外面一层有人；（$$2$$）第$$2$$层一共有人；（$$3$$）方阵共有人；,"[""$$68$$"", ""$$60$$"", ""$$180$$""]",方阵问题，审题要细心，分清最外层、最外边和方阵的总人数．（$$1$$）$$17\times 4=68$$；（$$2$$）每边有$$18-2=16$$人；$$15\times 4=60$$或$$68-8=60$$人；（$$3$$）$$60\times 3=180$$或$$68+60+52=180$$人．,填空,{},"[""拓展思维----应用题模块----方阵问题----实心方阵----实心方阵基本问题""]"
257,实心方阵基本问题,6692,"[""拓展思维----应用题模块----方阵问题----实心方阵----实心方阵基本问题""]",[],有一队士兵，排成了一个实心方阵，最外层共有$$76$$人，问这个方阵共有人.,"[""$$400$$""]",最外层每边有$$76\div 4+1=20$$（人），所以这个方阵一共有$$20\times 20=400$$（人）,填空,{},"[""拓展思维----应用题模块----方阵问题----实心方阵----实心方阵基本问题""]"
257,实心方阵基本问题,6829,"[""拓展思维----应用题模块----方阵问题----实心方阵----实心方阵基本问题""]",[],牛牛用棋子摆成一个正方形实心方阵，共用棋子$$64$$枚，最外层每边枚棋子．,"[""$$8$$""]",实心方阵总人数$$=$$每边人数$$\times $$每边人数，$$64=8\times 8$$，所以最外层每边是$$8$$人,填空,{},"[""拓展思维----应用题模块----方阵问题----实心方阵----实心方阵基本问题""]"
257,实心方阵基本问题,6936,"[""拓展思维----应用题模块----方阵问题----实心方阵----实心方阵基本问题""]",[],一年级二班表演武术，一共有$$81$$人参加，他们排成了行列的方阵．,"[""$$9$$"", ""$$9$$""]",实心方阵，行数$$=$$列数，$$81=9\times 9$$，所以排成$$11$$行$$11$$列的方阵．,填空,{},"[""拓展思维----应用题模块----方阵问题----实心方阵----实心方阵基本问题""]"
257,实心方阵基本问题,7390,"[""拓展思维----应用题模块----方阵问题----实心方阵----实心方阵基本问题""]",[],五年级$$1$$班的实心方阵，最外层共有$$36$$人，这个方阵最外面一层每边有人.,"[""$$10$$""]",最外层每边有$$36\div 4+1=10$$人.,填空,{},"[""拓展思维----应用题模块----方阵问题----实心方阵----实心方阵基本问题""]"
257,实心方阵基本问题,7522,"[""知识点----应用题模块----方阵问题----实心方阵----实心方阵基本问题"", ""拓展思维----应用题模块----方阵问题----实心方阵----实心方阵基本问题""]",[],三年级三班的实心方阵，最外层共有$$56$$人．最外层每边人，这个方阵一共有人．,"[""$$15$$"", ""$$225$$""]",最外层每边：$$（56+4）\div 4=15$$（人）．所以共有：$$15\times 15=225$$（人）．,填空,{},"[""知识点----应用题模块----方阵问题----实心方阵----实心方阵基本问题"", ""拓展思维----应用题模块----方阵问题----实心方阵----实心方阵基本问题""]"
257,实心方阵基本问题,7557,"[""拓展思维----应用题模块----方阵问题----实心方阵----实心方阵基本问题""]",[],四年级的学生排成一个实心方阵表演跆拳道，最外面一层每边$$10$$人．（1）从外向内数，第$$2$$层每边有人，第$$2$$层一共有人；,"[""$$8$$"", ""$$28$$""]",第$$2$$层每边上比最外层少$$2$$人，$$10-2=8$$（人），第$$2$$层一共有$$7\times 4=28$$（人）或$$8\times 4-4=28$$（人）．,填空,{},"[""拓展思维----应用题模块----方阵问题----实心方阵----实心方阵基本问题""]"
257,实心方阵基本问题,7577,"[""拓展思维----应用题模块----方阵问题----实心方阵----实心方阵基本问题""]",[],四年级的学生排成了一个三层空心方阵表演魔术，最外面一层每边$$18$$人，（$$1$$）最外面一层有人；（$$2$$）第$$2$$层一共有人；（$$3$$）方阵共有人；,"[""$$68$$"", ""$$60$$"", ""$$180$$""]",方阵问题，审题要细心，分清最外层、最外边和方阵的总人数．（$$1$$）$$17\times 4=68$$；（$$2$$）每边有$$18-2=16$$人；$$15\times 4=60$$或$$68-8=60$$人；（$$3$$）$$60\times 3=180$$或$$68+60+52=180$$人．,填空,{},"[""拓展思维----应用题模块----方阵问题----实心方阵----实心方阵基本问题""]"
78,二量容斥,130,"[""拓展思维----计数模块----容斥原理----二量容斥""]","[""analysis_130-image_0"", ""analysis_130-image_1""]",六$$\left( 1 \right)$$班举办文艺活动，演出歌舞节目的有$$9$$人，演出小品节目的有$$12$$人，两类节目都参加的有$$5$$人．该班共有人参加这两类节目的演出．,"[""$$16$$""]","我们可以借助韦恩图来分析：
 analysis_130-image_0 
然后可以通过计算，写出每个圈里的人数：
 analysis_130-image_1 
所以计算总人数的方法有两种：$$9+12-5=16$$(人)或$$4+5+7=16$$(人)．",填空,{},"[""拓展思维----计数模块----容斥原理----二量容斥""]"
78,二量容斥,139,"[""拓展思维----计数模块----容斥原理----二量容斥""]",[],在一个办公室中，有$$7$$个人爱喝茶，$$10$$个人爱喝咖啡，$$3$$个人既爱喝茶又爱喝咖啡．如果每个人都至少爱喝茶或咖啡中的一种，那么这个办公室里共有人．,"[""$$14$$""]",该办公室的人数为：$$7+10-3=14$$（人）．,填空,{},"[""拓展思维----计数模块----容斥原理----二量容斥""]"
78,二量容斥,140,"[""拓展思维----计数模块----容斥原理----二量容斥""]",[],海军突击队共有士兵$$30$$人，每个人都擅长射击和空手格斗中的一项或两项，如果士兵中擅长射击的有$$12$$人，擅长空手格斗的有$$23$$人．那么，这两项均擅长的士兵有人．,"[""$$5$$""]",根据已知条件，$$30$$名士兵，每人至少擅长射击或空手格斗中的一项，而擅长射击和空手格斗的共有$$12+23=35$$人，所以有$$35-30=5$$人两项均擅长.,填空,{},"[""拓展思维----计数模块----容斥原理----二量容斥""]"
78,二量容斥,144,"[""拓展思维----计数模块----容斥原理----二量容斥""]",[],三（1）班有学生$$30$$人．其中有$$15$$人看过动画片《宝莲灯》，有$$12$$人看过动画片《西游记》，有$$6$$人看过这两部动画片，那么只看过这两部动画片中的一部的学生有人．这两部动画片都没看过的学生有人．,"[""$$15$$"", ""$$9$$""]",只看过一部的有：$$15-6+12-6=15$$（人），都没看过的：$$30-15-6=9$$（人）或$$30-\left( 15+12-6 \right)=9$$（人）．,填空,{},"[""拓展思维----计数模块----容斥原理----二量容斥""]"
78,二量容斥,145,"[""拓展思维----计数模块----容斥原理----二量容斥""]",[],为了丰富知识大虾和螃蟹来到图书馆看书，一个月后大虾一共看了$$48$$本书，螃蟹一共看$$32$$本书，它们共同看过的书有$$12$$本，则它们实际一共看了本书．,"[""$$68$$""]",如果将两人看过的书相加的话那么有些书被多算一次，所以我们可以利用先包含再排除思想$$.$$ $$48+32-12=68$$ (本)，因此，它们实际看了$$68$$本书．,填空,{},"[""拓展思维----计数模块----容斥原理----二量容斥""]"
78,二量容斥,146,"[""拓展思维----计数模块----容斥原理----二量容斥""]",[],超能特战队有队员$$25$$人，每个人都会隐身术或变身术至少一个技能，其中会隐身术的有$$14$$人，会变身的有$$18$$人，那么两个技能都会的有人．,"[""$$7$$""]",$$14+18-25=7$$（人）．,填空,{},"[""拓展思维----计数模块----容斥原理----二量容斥""]"
78,二量容斥,367,"[""拓展思维----计数模块----容斥原理----二量容斥""]",[],小林有红色和黑色的签字笔，小菊有黑色和蓝色的签字笔，两人共有种不同颜色的签字笔.,"[""$$3$$""]",两人一共有三种不同颜色的笔，分别是：红色、黑色、蓝色．,填空,{},"[""拓展思维----计数模块----容斥原理----二量容斥""]"
78,二量容斥,368,"[""拓展思维----计数模块----容斥原理----二量容斥""]",[],对全班同学调查发现，会游泳的有$$20$$人，会打篮球的有$$25$$人．两项都会的有$$10$$人，两项都不会的有$$9$$人．这个班一共有人.,"[""$$44$$""]",全班人数$$=$$至少会一项的人数$$+$$两项都不会的人数，至少会一项的人数为：$$20+25-10=35($$人$$)$$，全班人数为：$$35+9=44$$ $$($$人$$)$$．,填空,{},"[""拓展思维----计数模块----容斥原理----二量容斥""]"
78,二量容斥,370,"[""拓展思维----计数模块----容斥原理----二量容斥"", ""知识点----计数模块----容斥原理----二量容斥""]",[],某班一共有$$42$$人，有$$21$$人参加了学校组织的音乐活动，有$$16$$人参加了体育活动，两项活动都没有参加的有$$6$$人，那么两项都参加的有人．,"[""A""]",有$$21+16-(42-6)=1$$，所以两项活动都参加的有$$1$$人.,单选,"{""A"": ""$$1$$"", ""B"": ""$$2$$"", ""C"": ""$$3$$"", ""D"": ""$$4$$""}","[""拓展思维----计数模块----容斥原理----二量容斥"", ""知识点----计数模块----容斥原理----二量容斥""]"
78,二量容斥,371,"[""拓展思维----计数模块----容斥原理----二量容斥"", ""知识点----计数模块----容斥原理----二量容斥""]",[],在$$1\sim 100$$的全部自然数中，是$$2$$的倍数或$$5$$的倍数的有个．,"[""B""]",$$2$$的倍数有$$100\div 2=50$$（个），$$5$$的倍数有$$100\div 5=20$$（个），既是$$2$$的倍数又是$$5$$的倍数的有$$100\div 10=10$$（个），因此是$$2$$的倍数或$$5$$的倍数的有$$50+20-10=60$$（个）．,单选,"{""A"": ""$$50$$"", ""B"": ""$$60$$"", ""C"": ""$$70$$"", ""D"": ""$$80$$""}","[""拓展思维----计数模块----容斥原理----二量容斥"", ""知识点----计数模块----容斥原理----二量容斥""]"
78,二量容斥,372,"[""拓展思维----计数模块----容斥原理----二量容斥"", ""知识点----计数模块----容斥原理----二量容斥""]",[],四年级一班学生每人都至少买了一本书，买故事书的有$$30$$人，买漫画书的有$$12$$人，两种都买的有$$6$$人，问全班有人．,"[""A""]",根据二量容斥公式，全班有$$30+12-6=36$$（人）．,单选,"{""A"": ""$$36$$"", ""B"": ""$$38$$"", ""C"": ""$$40$$"", ""D"": ""$$42$$""}","[""拓展思维----计数模块----容斥原理----二量容斥"", ""知识点----计数模块----容斥原理----二量容斥""]"
78,二量容斥,670,"[""拓展思维----计数模块----容斥原理----二量容斥""]",[],在$$1-60$$这些自然数中能被$$2$$或$$3$$整除的数有个．,"[""$$40$$""]",能被$$2$$整除的自然数有：$$60\div 2=30$$（个），能被$$3$$整除的自然数有：$$60\div 3=20$$（个），能被$$2$$和$$3$$整除的数一定能被$$6$$整除，有$$60\div 6=10$$（个），能被$$2$$或$$3$$整除的自然数有：$$30+20-10=40$$（个）．,填空,{},"[""拓展思维----计数模块----容斥原理----二量容斥""]"
78,二量容斥,671,"[""拓展思维----计数模块----容斥原理----二量容斥"", ""知识点----计数模块----容斥原理----二量容斥""]",[],某班共有$$46$$人，参加美术小组的有$$12$$人，参加音乐小组的有$$23$$人，有$$5$$人两个小组都参加了．这个班既没参加美术小组也没参加音乐小组的有人．,"[""$$16$$""]",已知全班总人数，从反面思考，找出参加美术或音乐小组的人数，只需用全班总人数减去这个人数，就得到既没参加美术小组也没参加音乐小组的人数．根据包含排除法知，该班至少参加了一个小组的总人数为$$12+23-5=30$$（人）．这个班既没参加美术小组也没参加音乐小组的有$$46-30=16$$（人）．,填空,{},"[""拓展思维----计数模块----容斥原理----二量容斥"", ""知识点----计数模块----容斥原理----二量容斥""]"
78,二量容斥,673,"[""拓展思维----计数模块----容斥原理----二量容斥""]",[],实验小学以书法和数学思维训练为特色，该校五年级共有$$245$$名同学，其中参加书法训练的同学比参加数学思维训练的同学多$$82$$人，有$$44$$人既参加书法训练也参加数学思维训练，而有$$63$$人书法训练和数学思维训练都没有参加，那么，实验小学五年级的同学参加数学思维训练的有人．,"[""$$72$$""]",参加训练的人有：$$245-63=182$$（人），由其中参加书法训练同学比参加数学思维训练的同学多$$82$$人，有$$44$$人既参加书法训练也参加数学思维训练，参加数学思维训练的有：$$\left( 182+44-82 \right)\div 2=72$$（人）．,填空,{},"[""拓展思维----计数模块----容斥原理----二量容斥""]"
78,二量容斥,985,"[""拓展思维----计数模块----容斥原理----二量容斥""]","[""question_985-image_0""]","老师让四年级七班的全体同学到操场上集合，会画画的同学站在左边的大圆里，会弹琴的同学站在右边的大圆里，那么只会画画的同学应该站在区域里（填大写字母）．
 question_985-image_0","[""$$A$$""]","$$A$$区域表示只会画画的．
故答案为：$$A$$．",填空,{},"[""拓展思维----计数模块----容斥原理----二量容斥""]"
78,二量容斥,986,"[""拓展思维----计数模块----容斥原理----二量容斥""]","[""question_986-image_0""]","老师让四年级七班全体同学到操场上集合，会画画的同学站在左边的圆圈里，会弹琴的同学站在右边的圆圈里，那么既会画画又会弹琴的同学应该站在区域里（填字母）．
 question_986-image_0","[""$$B$$""]",两圆重叠部分的$$\text{B}$$区域站着既会画画又会弹琴的同学．,填空,{},"[""拓展思维----计数模块----容斥原理----二量容斥""]"
78,二量容斥,996,"[""拓展思维----计数模块----容斥原理----二量容斥""]",[],某餐馆招牌菜，小悦吃过其中的$$13$$道，冬冬吃过其中的$$7$$道，而且有$$2$$道菜是两人都吃过的，还有$$5$$道菜是两人都没有吃过的，请问：一共有道招牌菜．,"[""$$23$$""]",根据二量容斥，一共有$$13+7-2+5=23$$（道）招牌菜．,填空,{},"[""拓展思维----计数模块----容斥原理----二量容斥""]"
78,二量容斥,999,"[""拓展思维----计数模块----容斥原理----二量容斥""]",[],二年级同学有$$56$$人参加舞蹈和围棋两个课外兴趣小组，其中参加舞蹈小组的有$$24$$人，两个小组都参加的有$$10$$人，参加围棋小组的有人．,"[""$$42$$""]",只参加围棋：$$56-24=32$$（人），参加围棋：$$32+10=42$$（人）．答：参加围棋小组的有$$42$$人．,填空,{},"[""拓展思维----计数模块----容斥原理----二量容斥""]"
78,二量容斥,1000,"[""拓展思维----计数模块----容斥原理----二量容斥""]",[],育才小学四年级二班共有$$46$$人，其中参加语文兴趣小组的有$$21$$人，参加数学兴趣小组的有$$18$$人，两者都参加的有$$9$$人，那么有人两个兴趣小组都没有参加．,"[""$$16$$""]",$$46-(21+18-9)=16$$（人）．,填空,{},"[""拓展思维----计数模块----容斥原理----二量容斥""]"
78,二量容斥,1001,"[""拓展思维----计数模块----容斥原理----二量容斥""]",[],一次数学测试共有$$2$$道题目，有$$25$$人答对了第一题，有$$22$$人答对了第二题，有$$9$$人全对，有$$5$$人两题全错，那么共有人参加测验．,"[""$$43$$""]",共有$$25+22-9+5=43$$人参加了测验．,填空,{},"[""拓展思维----计数模块----容斥原理----二量容斥""]"
78,二量容斥,1002,"[""拓展思维----计数模块----容斥原理----二量容斥""]",[],$$1$$~$$40$$中，$$2$$或$$3$$的倍数有个．,"[""$$27$$""]",$$40\div 2=20$$，则$$2$$的倍数有$$20$$个．$$40\div 3=13\cdots \cdots 1$$，则$$3$$的倍数有$$13$$个．$$40\div 6=6\cdots \cdots 4$$，则$$6$$的倍数有$$6$$个．根据二量容斥公式，$$2$$或$$3$$的倍数有$$20+13-6=27$$个．,填空,{},"[""拓展思维----计数模块----容斥原理----二量容斥""]"
78,二量容斥,1003,"[""拓展思维----计数模块----容斥原理----二量容斥""]",[],学校举办了羽毛球比赛，学校羽毛球队的同学都要至少参加一种比赛．一共有$20$人，其中有$12$人参加单打比赛，$16$人参加双打比赛，那么单打与双打比赛都参加的有人.,"[""$8$""]",$12+16-20=8$（人）,填空,{},"[""拓展思维----计数模块----容斥原理----二量容斥""]"
78,二量容斥,1207,"[""拓展思维----计数模块----容斥原理----二量容斥""]",[],四年级一班的同学中，有$$23$$人喜欢吃葡萄，$$27$$人喜欢吃草莓，两种都喜欢吃的有$$19$$人，两种都不喜欢吃的有$$6$$人，四年级一班共有人．,"[""$$37$$""]",至少喜欢一种的有$$23+27-19=31$$（人），共有$$31+6=37$$（人）．,填空,{},"[""拓展思维----计数模块----容斥原理----二量容斥""]"
78,二量容斥,1208,"[""拓展思维----计数模块----容斥原理----二量容斥""]","[""analysis_1208-image_0""]",某班共有$$46$$人，参加美术小组的有$$12$$人，参加音乐小组的有$$23$$人，有$$5$$人两个小组都参加了．这个班既没参加美术小组也没参加音乐小组的有人．,"[""$$16$$""]",已知全班总人数，从反面思考，找出参加美术或音乐小组的人数，只需用全班总人数减去这个人数，就得到既没参加美术小组也没参加音乐小组的人数．根据包含排除法知，该班至少参加了一个小组的总人数为$$12+23-5=30$$（人）．所以，该班未参加美术或音乐小组的人数是$$46-30=16$$（人）．该班至少参加了一个小组的总人数为$$12+23-5=30$$（人），所以该班未参加美术或音乐小组的人数是$$46-30=16$$（人）． analysis_1208-image_0 如图，用长方形表示全班人数，$$A$$圆表示参加美术小组的人数，$$B$$圆表示参加音乐小组的人数，两个圆的重叠的$$C$$部分表示都参加的人，圆外部分表示两项都没有参加的人数．至少参加一个小组的人数为$$12+23-5=30$$（人），所以，该班未参加美术或音乐小组的人数是$$46-30=16$$（人）．,填空,{},"[""拓展思维----计数模块----容斥原理----二量容斥""]"
78,二量容斥,1210,"[""拓展思维----计数模块----容斥原理----二量容斥""]","[""analysis_1210-image_0""]",在$$1\sim 100$$的全部自然数中，不是$$3$$的倍数也不是$$5$$的倍数的数有个．,"[""$$53$$""]","如图所示，用长方形表示$$1\tilde{\ }100$$的全部自然数，圆$$A$$表示$$1\tilde{\ }100$$中$$3$$的倍数，圆$$B$$表示$$1\tilde{\ }100$$中$$5$$的倍数，长方形内两圆外的部分表示既不是$$3$$的倍数也不是$$5$$的倍数的数．
由$$100\div3=33\cdots \cdots 1$$可知，$$1\tilde{\ }100$$中$$3$$的倍数有$$33$$个；由$$100\div 5=20$$可知，$$1\tilde{\ }100$$中$$5$$的倍数有$$20$$个；由$$100\div \left( 3\times 5 \right)=6\cdots \cdots 10$$可知，$$1\tilde{\ }100$$既是$$3$$的倍数又是$$5$$的倍数的数有$$6$$个．$$3$$或$$5$$的倍数有$$33+20-6=47$$（个）．从而不是$$3$$的倍数也不是$$5$$的倍数的数有$$100-47=53$$（个）．
 analysis_1210-image_0",填空,{},"[""拓展思维----计数模块----容斥原理----二量容斥"", ""拓展思维----数论模块----因数与倍数----因数与倍数基础""]"
78,二量容斥,1211,"[""拓展思维----计数模块----容斥原理----二量容斥"", ""知识点----计数模块----容斥原理----二量容斥""]",[],三年级四个班报名参加运动会的学生中，有$$74$$人不是一班的，$$92$$人不是四班，二班和三班一共$$46$$人报名参加．参加比赛的三年级学生一共有人．,"[""$$120$$""]",总数$$=$$不是一班的$$+$$不是四班的$$-$$既不是一班的又不是四班的：$$74+92-46=120$$（人）．,填空,{},"[""拓展思维----计数模块----容斥原理----二量容斥"", ""知识点----计数模块----容斥原理----二量容斥""]"
78,二量容斥,1212,"[""拓展思维----计数模块----容斥原理----二量容斥""]",[],在$$1\sim 90$$这些自然数中，既不是$$3$$的倍数也不是$$5$$的倍数有个．,"[""$$48$$""]",$$3$$的倍数有$$90\div 3=30$$（个），$$5$$的倍数有$$90\div 5=18$$（个），既是$$3$$的倍数又是$$5$$的倍数，为$$15$$的倍数有$$90\div 15=6$$（个），$$90-\left( 30+18-6 \right)=48$$（个）．,填空,{},"[""拓展思维----计数模块----容斥原理----二量容斥""]"
78,二量容斥,1213,"[""拓展思维----计数模块----容斥原理----二量容斥""]",[],$$\text{X}$$别动队有队员$$25$$人，每个人都会隐身术或变身术至少一个技能，其中会隐身术的有$$14$$人，会变身的有$$18$$人，那么两个技能都会的有人．,"[""$$7$$""]","
$$14+18-25=7$$（人）．",填空,{},"[""拓展思维----计数模块----容斥原理----二量容斥""]"
78,二量容斥,1675,"[""拓展思维----计数模块----容斥原理----二量容斥""]",[],在游艺会上，有$$100$$名同学抽到了标签分别为$$1$$至$$100$$的奖券．按奖券标签号发放奖品的规则如下：（$$1$$）标签号为$$2$$的倍数，奖$$2$$支铅笔．（$$2$$）标签号为$$3$$的倍数，奖$$3$$支铅笔．（$$3$$）标签号既是$$2$$的倍数，又是$$3$$的倍数可重复领奖．（$$4$$）其他标签号均奖$$1$$支铅笔．那么游艺会为该项活动准备的奖品铅笔共有支.,"[""$$232$$""]",在$$1$$到$$100$$中，$$2$$的倍数有$$\left[ \frac{100}{2} \right]=50$$（个）．$$3$$的倍数有$$\left[ \frac{100}{3} \right]=33$$（个）．即是$$2$$的倍数，又是$$3$$的倍数的数一定是$$6$$的倍数，所以标签为这样的数有$$\left[ \frac{100}{6} \right]=16$$（个）．于是，既不是$$2$$的倍数，又不是$$3$$的倍数的数在$$1\sim 100$$中有$$100-(50+33-16)=33$$（个）．所以，游艺会为该项活动准备的奖品铅笔共有：$$50\times 2+33\times 3+33\times 1=232$$（支）．,填空,{},"[""拓展思维----计数模块----容斥原理----二量容斥""]"
78,二量容斥,1678,"[""拓展思维----计数模块----容斥原理----二量容斥""]",[],某班有同学$$45$$人，其中许多人参加了课外兴趣活动小组，参加音乐兴趣小组的有$$22$$人，参加美术兴趣小组的有$$26$$人，而什么兴趣小组都没参加的有$$6$$人，那么既参加音乐兴趣小组又参加美术兴趣小组的有人.,"[""$$9$$""]",至少参加一个兴趣小组的有：$$45-6=39$$人，同时参加两个小组的有：$$22+26-39=9$$人．,填空,{},"[""拓展思维----计数模块----容斥原理----二量容斥""]"
78,二量容斥,1679,"[""拓展思维----计数模块----容斥原理----二量容斥""]",[],实验小学以书法和数学思维训练为特色，该校五年级共有$$245$$名同学，其中参加书法训练的同学比参加数学思维训练的同学多$$82$$人，有$$44$$人既参加书法训练也参加数学思维训练，而有$$63$$人书法训练和数学思维训练都没有参加，那么，实验小学五年级的同学参加数学思维训练的有人.,"[""$$72$$""]",参加训练的人有：$$245-63=182$$（人），由其中参加书法训练同学比参加数学思维训练的同学多$$82$$人，有$$44$$人既参加书法训练也参加数学思维训练，参加数学思维训练的有：$$\left( 182+44-82 \right)\div 2=72$$（人）．,填空,{},"[""拓展思维----计数模块----容斥原理----二量容斥""]"
78,二量容斥,1680,"[""拓展思维----计数模块----容斥原理----二量容斥""]",[],学校艺术团共有团员$$45$$人，其中有$$22$$名同学会弹钢琴，$$27$$名同学会拉小提琴，而两样都会的同学人数恰好是两样都不会的同学人数的$$3$$倍，则至少会其中一样的同学有名.,"[""$$43$$""]",设两样都不会的人数为$$x$$，$$22+27-3x+x=45$$，$$x=2$$，至少会其中一样的同学有$$45-2=43$$（名）．,填空,{},"[""拓展思维----计数模块----容斥原理----二量容斥""]"
78,二量容斥,1681,"[""拓展思维----计数模块----容斥原理----二量容斥""]",[],数学兴趣小组中订阅$$A$$种刊物的共有$$35$$人，订阅$$B$$种刊物的共有$$21$$人，其中$$14$$人两种都订，只有$$5$$人两种都没有订，则数学兴趣小组共有人.,"[""$$47$$""]",$$35+21-14+5=47$$（人）．,填空,{},"[""拓展思维----计数模块----容斥原理----二量容斥""]"
78,二量容斥,1963,"[""拓展思维----计数模块----容斥原理----二量容斥"", ""知识点----计数模块----容斥原理----二量容斥""]",[],$$1$$~$$20$$中，$$2$$或$$3$$的倍数有个．,"[""$$13$$""]",$$20\div 2=10$$，则$$2$$的倍数有$$10$$个．$$20\div 3=6\cdots \cdots 2$$，则$$3$$的倍数有$$6$$个．$$20\div 6=3\cdots \cdots 2$$，则$$6$$的倍数有$$3$$个．根据二量容斥公式，$$2$$或$$3$$的倍数有$$10+6-3=13$$个．,填空,{},"[""拓展思维----计数模块----容斥原理----二量容斥"", ""知识点----计数模块----容斥原理----二量容斥""]"
78,二量容斥,2125,"[""拓展思维----计数模块----容斥原理----二量容斥""]","[""analysis_2125-image_0""]",某餐馆有$$39$$道招牌菜，艾迪吃过其中的$$15$$道，薇儿吃过其中的$$9$$道，而且有$$4$$道菜是两人都吃过的，有道招牌菜是两人都没有吃过的.,"[""$$19$$""]",如下图，两人吃过的有$$15+9-4=20$$（道），两人都没吃过的有$$39-20=19$$（道）． analysis_2125-image_0,填空,{},"[""拓展思维----计数模块----容斥原理----二量容斥""]"
78,二量容斥,2126,"[""拓展思维----计数模块----容斥原理----二量容斥""]",[],三年级有$$50$$名学生去食堂吃午饭，食堂准备了很多菜，有$$26$$人选了番茄炒鸡蛋，有$$21$$人选了红烧肉，这两种菜都没选择的有$$17$$人，这两种菜都选择的有人.,"[""$$14$$""]",至少选了这两种其中一种的有：$$50-17=33$$（人），这两种菜都选择的有：$$26+21-33=14$$（人）．,填空,{},"[""拓展思维----计数模块----容斥原理----二量容斥""]"
78,二量容斥,2127,"[""拓展思维----计数模块----容斥原理----二量容斥""]","[""analysis_2127-image_0""]",三（$$1$$）班有学生$$55$$人参加运动会，每人至少参加赛跑和跳绳比赛中的一种．已知参加赛跑的有$$36$$人，参加跳绳的有$$38$$人．只参加跳绳的有人.,"[""$$19$$""]",如图$$1$$，$$55-36=19$$（人）． analysis_2127-image_0,填空,{},"[""拓展思维----计数模块----容斥原理----二量容斥""]"
78,二量容斥,2128,"[""拓展思维----计数模块----容斥原理----二量容斥""]","[""analysis_2128-image_0""]",三（$$2$$）班有学生$$50$$人，有人会骑车，有人会游泳，会骑车的有$$35$$人，两样都会的有$$15$$人，没有一样也不会的学生，那么会游泳的有人.,"[""$$30$$""]",如图$$2$$，会游泳的人有$$50-35+15=30$$（人）． analysis_2128-image_0,填空,{},"[""拓展思维----计数模块----容斥原理----二量容斥""]"
78,二量容斥,2129,"[""拓展思维----计数模块----容斥原理----二量容斥""]",[],在$$1\sim 100$$这些自然数中：(1)$$2$$的倍数有个.,"[""$$50$$""]",$$1\sim 100$$中$$2$$的倍数有：$$100\div 2=50$$（个）．,填空,{},"[""拓展思维----计数模块----容斥原理----二量容斥""]"
78,二量容斥,2130,"[""拓展思维----计数模块----容斥原理----二量容斥""]",[],在$$1\sim 100$$这些自然数中：(2)$$5$$的倍数有个.,"[""$$20$$""]",$$1\sim 100$$中$$5$$的倍数有：$$100\div 5=20$$（个）．,填空,{},"[""拓展思维----计数模块----容斥原理----二量容斥""]"
78,二量容斥,2131,"[""拓展思维----计数模块----容斥原理----二量容斥""]",[],在$$1\sim 100$$这些自然数中：(3)既是$$2$$的倍数又是$$5$$的倍数有个.,"[""$$10$$""]",既是$$2$$的倍数又是$$5$$的倍数一定是$$10$$的倍数，有$$100\div 10=10$$（个）．,填空,{},"[""拓展思维----计数模块----容斥原理----二量容斥""]"
78,二量容斥,2132,"[""拓展思维----计数模块----容斥原理----二量容斥""]",[],在$$1\sim 100$$这些自然数中：(4)$$2$$的倍数或$$5$$的倍数有个.,"[""$$60$$""]",$$2$$的倍数或$$5$$的倍数有：$$50+20-10=60$$（个）．,填空,{},"[""拓展思维----计数模块----容斥原理----二量容斥""]"
78,二量容斥,2133,"[""拓展思维----计数模块----容斥原理----二量容斥""]",[],在$$1\sim 100$$这些自然数中：(5)不是$$2$$的倍数也不是$$5$$的倍数有个.,"[""$$40$$""]",不是$$2$$的倍数也不是$$5$$的倍数的数有$$100-60=40$$（个）．,填空,{},"[""拓展思维----计数模块----容斥原理----二量容斥""]"
78,二量容斥,2263,"[""拓展思维----计数模块----容斥原理----二量容斥""]",[],徐老师班上的小朋友都特别的爱吃，爱吃苹果的小朋友有$$12$$人，爱吃蛋糕的小朋友有$$15$$人，两种都爱吃的有$$5$$人，没有都不爱吃的．那么班上一共有人．,"[""$$22$$""]",全班人数为：$$12+15-5=22$$（人）．,填空,{},"[""拓展思维----计数模块----容斥原理----二量容斥""]"
78,二量容斥,2345,"[""拓展思维----计数模块----容斥原理----二量容斥""]","[""analysis_2345-image_0""]",$$48$$名学生正在上自习课，其中写完语文作业的有$$30$$人，写完数学作业的有$$20$$人，语文和数学作业都写完的有$$8$$人．那么语文和数学作业都没写完的有人．,"[""$$6$$""]","韦恩图如图所示，至少写完一门作业的共有$$30+20-8=42$$（人），两门都没写完的有$$48-42=6$$（人）．
 analysis_2345-image_0",填空,{},"[""拓展思维----计数模块----容斥原理----二量容斥""]"
78,二量容斥,2348,"[""拓展思维----计数模块----容斥原理----二量容斥""]",[],某学校四年级一班，有$$20$$人参加了科技兴趣小组，有$$17$$人参加了英语兴趣小组，有$$9$$人两个兴趣小组都参加了，那么有人只参加了科技小组没有参加英语小组．,"[""$$11$$""]",有$$20-9=11$$（人）只参加了科技小组而没有参加英语小组．,填空,{},"[""拓展思维----计数模块----容斥原理----二量容斥""]"
78,二量容斥,2521,"[""拓展思维----计数模块----容斥原理----二量容斥""]","[""analysis_2521-image_0""]",三（$$1$$）班有$$40$$人，每人都至少参加一种运动，参加跑步的有$$27$$人，参加跳绳的有$$28$$人，两种都参加的有（ ）人．,"[""C""]"," analysis_2521-image_0 
$$27+28=55$$（人），多加了一次，
中间部分也就是两种都参加的人，$$55-40=15$$（人）．
故选$$\text{C}$$．",单选,"{""A"": ""$$95$$"", ""B"": ""$$55$$"", ""C"": ""$$15$$""}","[""拓展思维----计数模块----容斥原理----二量容斥""]"
78,二量容斥,2522,"[""拓展思维----计数模块----容斥原理----二量容斥""]",[],学校文艺组每人至少会演奏一种乐器，已知会拉手提琴的有$$24$$人，会弹电子琴的有$$17$$人，其中两样都会的有$$8$$人，这个文艺组共有（ ）人．,"[""C""]",设$$A = \left\{ {会拉手提琴的} \right\}$$，$$B = \left\{ {会弹电子琴的} \right\}$$，因此$$A \cup B = \left\{ {文艺组的人} \right\}$$，$$A \cap B = \left\{ {两样都会的} \right\}$$，由两个集合的容斥原理可得：$$A \cup B = A + B - \left( {A \cap B} \right) = 24 + 17-8 = 33$$，即这个文艺组共$$33$$人．,单选,"{""A"": ""$$25$$"", ""B"": ""$$32$$"", ""C"": ""$$33$$"", ""D"": ""$$41$$""}","[""拓展思维----计数模块----容斥原理----二量容斥""]"
78,二量容斥,2523,"[""拓展思维----计数模块----容斥原理----二量容斥""]",[],四（1）班有$$48$$名学生，在一节自习课上，写完语文作业的有$$30$$人，写完数学作业的有$$20$$人，语文数学都没写完的有$$6$$人．语文数学都写完的有人．（ ）,"[""A""]",写完：$$48-6=42$$（人），都写完：$$30+20-42=8$$（人）．,单选,"{""A"": ""$$8$$"", ""B"": ""$$6$$"", ""C"": ""$$4$$"", ""D"": ""$$2$$""}","[""拓展思维----计数模块----容斥原理----二量容斥""]"
78,二量容斥,2613,"[""拓展思维----计数模块----容斥原理----二量容斥""]",[],四（$$1$$）班有学生$$30$$人．其中有$$15$$人看过动画片《宝莲灯》，有$$12$$人看过动画片《西游记》，有$$6$$人看过这两部动画片，那么只看过这两部动画片中的一部的学生有人．这两部动画片都没看过的学生有人．,"[""$$15$$"", ""$$9$$""]",只看过一部的有：$$15-6+12-6=15$$（人），都没看过的：$$30-15-6=9$$（人）或$$30-\left( 15+12-6 \right)=9$$（人）．,填空,{},"[""拓展思维----计数模块----容斥原理----二量容斥""]"
78,二量容斥,2614,"[""拓展思维----计数模块----容斥原理----二量容斥""]",[],把长$$23$$厘米和$$37$$厘米的两根铁条焊接成一根铁条．已知焊接部分长$$3$$厘米，焊接后这根铁条有厘米．,"[""$$57$$""]",$$23+37-3=57$$（厘米）．,填空,{},"[""拓展思维----计数模块----容斥原理----二量容斥""]"
78,二量容斥,2615,"[""拓展思维----计数模块----容斥原理----二量容斥""]",[],育红小学四年级有$$35$$人学钢琴，$$27$$人学画画，$$10$$人既学钢琴又学画画，则只学钢琴的人，只学画画的人．,"[""$$25$$"", ""$$17$$""]",只学钢琴的人，有$$35-10=25$$人，只学画画的人，有$$27-10=17$$人．,填空,{},"[""拓展思维----计数模块----容斥原理----二量容斥""]"
78,二量容斥,2616,"[""拓展思维----计数模块----容斥原理----二量容斥""]",[],某班有$$46$$人，参加美术小组的有$$12$$人，参加音乐小组的有$$23$$人，有$$5$$人两个小组都参加了，则既没参加美术小组也没参加音乐小组的有人．,"[""$$16$$""]",参加了兴趣小组的一共有$$12+23-5=30$$（人），既没参加美术小组也没参加音乐小组的有$$46-30=16$$（人）．,填空,{},"[""拓展思维----计数模块----容斥原理----二量容斥""]"
78,二量容斥,2618,"[""拓展思维----计数模块----容斥原理----二量容斥""]",[],四年级科技活动组共有$$48$$人．在一次剪贴汽车模型和装配飞机模型的定时科技活动比赛中，老师到时清点发现：剪贴好一辆汽车模型的同学有$$25$$人，装配好一架飞机模型的同学有$$32$$人．每个同学都至少完成了一项活动．则同时完成这两项活动的同学有人．,"[""$$9$$""]",完成两项活动的人数为$$25+32-48=9$$人．,填空,{},"[""拓展思维----计数模块----容斥原理----二量容斥""]"
78,二量容斥,2619,"[""拓展思维----计数模块----容斥原理----二量容斥""]",[],三年级四个班报名参加运动会的学生中，有$$74$$人不是一班的，$$92$$人不是四班，二班和三班一共$$46$$人报名参加．参加比赛的三年级学生一共有人．,"[""$$120$$""]",$$74+92-46=120$$（人）．,填空,{},"[""拓展思维----计数模块----容斥原理----二量容斥""]"
78,二量容斥,2620,"[""拓展思维----计数模块----容斥原理----二量容斥""]","[""analysis_2620-image_0""]",实验小学四年级二班，参加语文兴趣小组的有$$28$$人，参加数学兴趣小组的有$$29$$人，两个小组都参加的有$$12$$人．这个班有人参加了语文或数学兴趣小组．,"[""$$45$$""]", analysis_2620-image_0 如图所示，$$A$$圆表示参加语文兴趣小组的人，$$B$$圆表示参加数学兴趣小组的人，$$A$$与$$B$$重合的部分$$C$$（阴影部分）表示同时参加两个小组的人．图中$$A$$圆不含阴影的部分表示只参加语文小组未参加数学兴趣小组的人，有$$28-12=16$$（人）；图中$$B$$圆不含阴影的部分表示只参加数学小组未参加语文兴趣小组的人，有$$29-12=17$$（人）．方法一：由此得到参加语文或数学兴趣小组的有$$16+12+17=45$$（人）．方法二：根据包含排除法，直接可得$$28+29-12=45$$（人）．故答案为：$$45$$人．,填空,{},"[""拓展思维----计数模块----容斥原理----二量容斥""]"
78,二量容斥,2716,"[""拓展思维----计数模块----容斥原理----二量容斥""]",[],三年级三班参加语文兴趣小组的有$$30$$人，参加数学兴趣小组的有$$45$$人，有$$20$$人两个小组都参加．这个班有人参加了语文或数学兴趣小组．,"[""$$55$$""]",$$30+45-20=55$$（人）．,填空,{},"[""拓展思维----计数模块----容斥原理----二量容斥""]"
78,二量容斥,2717,"[""拓展思维----计数模块----容斥原理----二量容斥""]",[],三年级四班共有$$32$$人，每人至少参加了数学兴趣小组或英语兴趣小组中的一个，有$$19$$人参加了数学兴趣小组，有$$21$$人参加了英语兴趣小组，有人两个兴趣小组都参加了．,"[""$$8$$""]",$$19+21-32=8$$人,填空,{},"[""拓展思维----计数模块----容斥原理----二量容斥""]"
78,二量容斥,2792,"[""拓展思维----计数模块----容斥原理----二量容斥""]",[],四年级$$\text{A}$$班喜欢橙子的有$$12$$人，喜欢桔子的有$$10$$人，橙子和桔子都喜欢的有$$2$$人，则四年级$$\text{A}$$班喜欢橙子或桔子的共（ ）人．,"[""B""]",$$12+10-2=20$$（人）,单选,"{""A"": ""$$22$$"", ""B"": ""$$20$$"", ""C"": ""$$24$$"", ""D"": ""$$18$$""}","[""拓展思维----计数模块----容斥原理----二量容斥""]"
78,二量容斥,2793,"[""拓展思维----计数模块----容斥原理----二量容斥""]",[],五一班共$$52$$人，每个人都至少会象棋或跳棋中的一种，其中有$$32$$人会下象棋，有$$28$$人会下跳棋．有（ ）人两种棋都会下．,"[""B""]",两种棋都会下的人有：$$32+28-52=8$$（人）．,单选,"{""A"": ""$$4$$"", ""B"": ""$$8$$"", ""C"": ""$$20$$""}","[""拓展思维----计数模块----容斥原理----二量容斥""]"
78,二量容斥,2794,"[""拓展思维----计数模块----容斥原理----二量容斥""]",[],"四（二）班有$$48$$名学生，在一节自习课上，写完语文作业的有$$30$$人，写完数学作业的有$$20$$人，语文数学都没写完的有$$6$$人．
（$$1$$）语文数学都写完的有人？
（$$2$$）只写完语文作业的有人？","[""$$8$$"", ""$$22$$""]",（$$1$$）至少完成了一科作业的有$$48-6=42$$人，两科作业都完成的学生有$$30+20-42=8$$人； （$$2$$）只写完语文作业的有$$30-8=22$$人．,填空,{},"[""拓展思维----计数模块----容斥原理----二量容斥""]"
78,二量容斥,2796,"[""拓展思维----计数模块----容斥原理----二量容斥""]",[],某班有$$56$$人，参加英语竞赛的有$$28$$人，参加数学竞赛的有$$27$$人，如果两科都没有参加的有$$25$$人，那么同时参加英语、数学竞赛的有人．,"[""$$24$$""]",设同时参加英语、数学竞赛的有$$x$$人，根据容斥公式列方程为：$$56-25=(28+27)-x$$，解得$$x=24$$．,填空,{},"[""拓展思维----计数模块----容斥原理----二量容斥""]"
78,二量容斥,2797,"[""拓展思维----计数模块----容斥原理----二量容斥""]",[],三年级三班$$45$$人参加学科竞赛．成绩公布后，数学得满分的有$$10$$人，数学及语文都满分的有$$3$$人，这两科都没得满分的有$$29$$人．请问：语文得满分的有人．,"[""9""]",至少一科满分的有$$45-29=16$$（人），则语文满分的有$$16+3-10=9$$（人）．,填空,{},"[""拓展思维----计数模块----容斥原理----二量容斥""]"
78,二量容斥,2798,"[""拓展思维----计数模块----容斥原理----二量容斥""]",[],"
二年级$$3$$班的小朋友在进行干脆面大作战，有$$17$$名小朋友选择了小浣熊干脆面，$$19$$名小朋友没有选择魔法士干脆面，若有$$7$$名小朋友既没有选择魔法士也没有选择小浣熊，那么，有名小朋友既选择了魔法士又选择了小浣熊．","[""$$5$$""]",有$$19$$人没有选择魔法士干脆面，而其中$$7$$人是既没有选择小浣熊，也没有选择魔法士，剩下的$$12$$人是只选择了小浣熊，而选择小浣熊的小朋友一共是$$17$$人，说明剩下的$$17-12=5$$人，是既选择了魔法士又选择了小浣熊．,填空,{},"[""拓展思维----计数模块----容斥原理----二量容斥""]"
78,二量容斥,3099,"[""拓展思维----计数模块----容斥原理----二量容斥""]",[],某班有$$56$$人，参加英语竞赛的有$$28$$人，参加数学竞赛的有$$27$$人，如果两科都没有参加的有$$25$$人，那么同时参加英语、数学竞赛的有人．,"[""$$24$$""]",至少参加一科竞赛的有$$56-25=31$$（人），则同时参加两科竞赛的有$$(28+27)-31=24$$（人）．,填空,{},"[""拓展思维----计数模块----容斥原理----二量容斥""]"
78,二量容斥,3196,"[""拓展思维----计数模块----容斥原理----二量容斥""]","[""analysis_3196-image_0""]",三（$$2$$）班有学生$$50$$人，有人会骑车，有人会游泳，会骑车的有$$35$$人，两样都会的有$$15$$人，一样也不会的学生有$$4$$人，那么会游泳的有人.,"[""$$26$$""]",如图$$2$$，会游泳的人有$$50-4-35+15=26$$（人）． analysis_3196-image_0,填空,{},"[""拓展思维----计数模块----容斥原理----二量容斥""]"
78,二量容斥,3198,"[""拓展思维----计数模块----容斥原理----二量容斥""]",[],【课前热身1】为了丰富知识大虾和螃蟹来到图书馆看书，一个月后大虾一共看了$$48$$本书，螃蟹一共看$$32$$本书，它们共同看过的书有$$12$$本，则它们实际一共看了本书．,"[""$$68$$""]",如果将两人看过的书相加的话那么有些书被多算一次，所以我们可以利用先包含再排除思想$$.$$ $$48+32-12=68$$ （本），因此，它们实际看了$$68$$本书．,填空,{},"[""拓展思维----计数模块----容斥原理----二量容斥""]"
78,二量容斥,3245,"[""拓展思维----计数模块----容斥原理----二量容斥""]",[],在$$1$$至$$300$$的全部自然数中，是$$3$$的倍数或$$5$$的倍数的数共有（ ）个．,"[""B""]","$$3$$的倍数有$$100$$个，$$5$$的倍数有$$60$$个，
既是$$3$$又是$$5$$的倍数有$$20$$个，
则是$$3$$或者$$5$$的倍数的数共有$$100+60-20=140$$个．",单选,"{""A"": ""$$150$$"", ""B"": ""$$140$$"", ""C"": ""$$120$$"", ""D"": ""$$121$$""}","[""拓展思维----计数模块----容斥原理----二量容斥""]"
78,二量容斥,3373,"[""拓展思维----计数模块----容斥原理----二量容斥""]",[],某班有$$46$$人，其中有$$40$$人会打乒乓球，有$$38$$人会游泳，那么这个班最多有多少人两种运动都会？,"[""C""]",会游泳的人都会打乒乓球时两种运动都会的人最多，为$$38$$人．,单选,"{""A"": ""$$32$$"", ""B"": ""$$36$$"", ""C"": ""$$38$$"", ""D"": ""$$40$$""}","[""拓展思维----计数模块----容斥原理----二量容斥""]"
78,二量容斥,3380,"[""拓展思维----计数模块----容斥原理----二量容斥""]",[],六（$$1$$）班有$$48$$人，其中$$26$$人参加数学竞赛，$$24$$人参加作文竞赛，$$12$$人两项都参加了，有（ ）人两项都没有参加．,"[""C""]","参加作文竞赛或数学竞赛的总人数为$$26+24=50$$（人），
则参加竞赛的实际总人数为$$50-12=38$$（人），
所以两项都不参加的人数为$$48-38=10$$（人）．
故选$$\text{C}$$．",单选,"{""A"": ""$$13$$"", ""B"": ""$$12$$"", ""C"": ""$$10$$"", ""D"": ""$$4$$""}","[""拓展思维----计数模块----容斥原理----二量容斥""]"
78,二量容斥,3381,"[""拓展思维----计数模块----容斥原理----二量容斥""]",[],有科技书的有$$28$$人，有故事书的有$$26$$人，两种都有的有$$10$$人，两种都没有的有$$2$$人，这个班共有学生人．,"[""D""]",$$28+26-10+2=46$$（人）,单选,"{""A"": ""$$42$$"", ""B"": ""$$54$$"", ""C"": ""$$44$$"", ""D"": ""$$46$$""}","[""拓展思维----计数模块----容斥原理----二量容斥""]"
78,二量容斥,3383,"[""拓展思维----计数模块----容斥原理----二量容斥""]",[],三（$$1$$）班参加美术小组的有$$14$$人，参加英语小组的有$$10$$人，两样都参加的有$$6$$人，两个小组一共有（ ）人．,"[""B""]","因为两个小组都参加的人数重复数了两次，所以参加两个小组的人数和比全班总人数多，用参加两个小组的总人数减去两个小组都参加的人数就是两个小组的实有人数．
$$~~~~14+10-6$$
$$=24-6$$
$$=18$$（人）．
故选$$\text{B}$$．",单选,"{""A"": ""$$20$$"", ""B"": ""$$18$$"", ""C"": ""$$24$$"", ""D"": ""$$10$$""}","[""拓展思维----计数模块----容斥原理----二量容斥""]"
78,二量容斥,3462,"[""拓展思维----计数模块----容斥原理----二量容斥""]",[],将两根$$10$$米长的绳子系在一起(有重叠部分)，长度（ ）$$20$$米．,"[""B""]",两根绳子系在一起，有重叠的部分，所以绳长会小于$$20$$米．,单选,"{""A"": ""等于"", ""B"": ""小于""}","[""拓展思维----计数模块----容斥原理----二量容斥""]"
78,二量容斥,3463,"[""拓展思维----计数模块----容斥原理----二量容斥""]","[""question_3463-image_0""]","左边圆圈代表喜欢语文的同学，右边圆圈代表喜欢数学的同学，那么阴影部分代表（ ）．
 question_3463-image_0","[""A""]",阴影部分既属于喜欢语文的圆圈，又属于喜欢数学的圆圈，所以阴影部分代表喜欢语文也喜欢数学的同学．,单选,"{""A"": ""喜欢语文也喜欢数学的同学"", ""B"": ""不喜欢语文也不喜欢数学的同学"", ""C"": ""只喜欢语文不喜欢数学的同学"", ""D"": ""只喜欢数学不喜欢语文的同学""}","[""拓展思维----计数模块----容斥原理----二量容斥""]"
78,二量容斥,3464,"[""拓展思维----计数模块----容斥原理----二量容斥""]",[],把长$$23$$厘米和$$37$$厘米的两根铁条焊接成一根铁条．已知焊接部分长$$3$$厘米，焊接后这根铁条长度为厘米．,"[""B""]",焊接部分为两根铁条的重合部分，由包含排除法知，焊接后这根铁条长：$$23+37-3=57$$（厘米）．,单选,"{""A"": ""$$54$$"", ""B"": ""$$57$$"", ""C"": ""$$60$$"", ""D"": ""$$63$$""}","[""拓展思维----计数模块----容斥原理----二量容斥""]"
78,二量容斥,3559,"[""拓展思维----计数模块----容斥原理----二量容斥""]",[],李老师给三（$$1$$）班的同学出了两道思考题．批改后发现，全班每人至少做对一道题，第$$1$$题做对的有$$30$$人，第$$2$$题做对的有$$25$$人，两道题都对的有$$13$$人．三（$$1$$）班一共有名学生．,"[""$$42$$""]",$$30+25-13=42$$（名），故答案为：$$42$$．,填空,{},"[""拓展思维----计数模块----容斥原理----二量容斥""]"
78,二量容斥,3560,"[""拓展思维----计数模块----容斥原理----二量容斥""]",[],四（二）班在一节自习课上，写完语文作业的有$$30$$人，写完数学作业的有$$20$$人，语文数学作业都写完的有$$9$$人，语文数学都没有写完的有$$6$$人．则全班一共人．,"[""$$47$$""]",$$30+20-9+6=47$$（人）,填空,{},"[""拓展思维----计数模块----容斥原理----二量容斥""]"
78,二量容斥,3618,"[""拓展思维----计数模块----容斥原理----二量容斥""]","[""analysis_3618-image_0""]",学校为了丰富学生的课余生活，组建了乒乓球俱乐部和篮球俱乐部，同学们踊跃报名参加，其中有$$21$$人报名参加乒乓球俱乐部，$$29$$人报名参加了篮球俱乐部，但学校最后发现有$$15$$人既报名参加了乒乓球俱乐部，又报名参加了篮球俱乐部，还有$$13$$人什么俱乐部都没报名，该学校共有名学生.,"[""$$48$$""]",如下图，$$21+29-15+13=48$$（名）． analysis_3618-image_0,填空,{},"[""拓展思维----计数模块----容斥原理----二量容斥""]"
78,二量容斥,3843,"[""拓展思维----计数模块----容斥原理----二量容斥"", ""知识点----计数模块----容斥原理----二量容斥""]",[],光明小学六年二班有$$35$$人，其中$$20$$人参加了数学竞赛，$$11$$人作文比赛和数学竞赛两项都参加了，$$10$$人两项比赛都没有参加，有人参加了作文比赛.,"[""$$16$$""]",至少参加一项比赛的人数是：$$35-10=25$$人，参加了作文比赛的人数是：$$25+11-20=16$$（人）．,填空,{},"[""拓展思维----计数模块----容斥原理----二量容斥"", ""知识点----计数模块----容斥原理----二量容斥""]"
78,二量容斥,3844,"[""拓展思维----计数模块----容斥原理----二量容斥"", ""知识点----计数模块----容斥原理----二量容斥""]","[""analysis_3844-image_0"", ""analysis_3844-image_1"", ""analysis_3844-image_2""]",在$$46$$人参加的采摘活动中，只采了樱桃的有$$18$$人，既采了樱桃又采了杏的有$$7$$人，既没采樱桃又没采杏的有$$6$$人，只采了杏的有人.,"[""$$15$$""]",如图，用长方形表示全体采摘人员$$46$$人，$$A$$圆表示采了樱桃的人数，$$B$$圆表示采了杏的人数．长方形中阴影部分表示既没采樱桃又没采杏的人数．由图中可以看出，全体人员是至少采了一种的人数与两种都没采的人数之和，则至少采了一种的人数为$$46-6=40$$（人），所以只采了杏的人数为$$40-18-7=15$$（人）． analysis_3844-image_0 画出维恩图，将知道的数据填入，要求的部分涂上阴影，会得到如下所示情况．可以直接得到$$46-18-7-6=15$$（人）． analysis_3844-image_1 采樱桃或杏的：$$46-6=40$$人，只采杏的：$$40-18-7=15$$人．故答案为：$$15$$． analysis_3844-image_2 ．,填空,{},"[""拓展思维----计数模块----容斥原理----二量容斥"", ""知识点----计数模块----容斥原理----二量容斥""]"
78,二量容斥,3849,"[""拓展思维----计数模块----容斥原理----二量容斥"", ""知识点----计数模块----容斥原理----二量容斥""]",[],学校艺术团共有团员$$45$$人，其中有$$22$$名同学会弹钢琴，$$27$$名同学会拉小提琴，而两样都会的同学人数恰好是两样都不会的同学人数的$$3$$倍，则至少会其中一样的同学有名.,"[""$$43$$""]",设两样都不会的人数为$$x$$，$$22+27-3x+x=45$$，$$x=2$$，至少会其中一样的同学有$$45-2=43$$（名）．,填空,{},"[""拓展思维----计数模块----容斥原理----二量容斥"", ""知识点----计数模块----容斥原理----二量容斥""]"
78,二量容斥,3850,"[""拓展思维----计数模块----容斥原理----二量容斥""]",[],写有$$1\sim 100$$编号的灯$$100$$盏，亮着排成一排，第一次把编号是$$3$$的倍数的灯拉一次开关，第二次把编号是$$5$$的倍数的灯拉一次开关，那么亮着的灯还有盏．,"[""$$59$$""]",因为灯在开始的时候是亮着的，所以拉了两次或者没拉的灯最后还是亮的．没拉的灯有$$100-\left( \left[ 100\div 3\right]+\left[ 100\div5 \right]-\left[ 100\div（3\times 5） \right] \right)=100-\left( 33+20-6 \right)=53$$（盏）．拉两次的有$$\left[ 100\div（3\times 5） \right]=6$$（盏），最后亮着的灯一共为$$53+6=59$$（盏）．,填空,{},"[""拓展思维----计数模块----容斥原理----二量容斥"", ""七大能力----逻辑分析""]"
78,二量容斥,3875,"[""拓展思维----计数模块----容斥原理----二量容斥""]",[],某校国标舞团共有$$43$$人，其中会拉丁舞的有$$15$$人，会探戈的有$$13$$人，两者都会的有$$5$$人，那两种都不会的有人．,"[""$$20$$""]","$$43-\left( 15+13-5 \right)=20$$（人）．
故答案为：$$20$$．",填空,{},"[""拓展思维----计数模块----容斥原理----二量容斥""]"
78,二量容斥,3886,"[""拓展思维----计数模块----容斥原理----二量容斥""]",[],某班有同学$$45$$人，其中许多人参加了课外兴趣活动小组，参加音乐兴趣小组的有$$22$$人，参加美术兴趣小组的有$$26$$人，而什么兴趣小组都没参加的有$$6$$人，那么既参加音乐兴趣小组又参加美术兴趣小组的有人．,"[""$$9$$""]",至少参加一个兴趣小组的有：$$45-6=39$$人，同时参加两个小组的有：$$22+26-39=9$$人．,填空,{},"[""拓展思维----计数模块----容斥原理----二量容斥""]"
78,二量容斥,3887,"[""拓展思维----计数模块----容斥原理----二量容斥""]",[],某校开展运动会，四年级一班一共有$$50$$人，其中参加田径比赛的有$$18$$人，参加拓展类团体活动的有$$26$$人，这两项全部参加的有$$7$$人，那么两项都没有参加的有人．,"[""$$13$$""]",参加了这两项比赛的人数为$$18+26-7=37$$人，所以两项都没有参加的有$$50-37=13$$人．,填空,{},"[""拓展思维----计数模块----容斥原理----二量容斥""]"
78,二量容斥,3888,"[""拓展思维----计数模块----容斥原理----二量容斥""]",[],在$$1\sim 60$$这些自然数中$$3$$或$$5$$的倍数有个．,"[""$$28$$""]",$$1\sim 60$$中$$3$$的倍数有：$$60\div 3=20$$ （个）．$$1\sim 60$$中$$5$$的倍数有：$$60\div 5=12$$ （个）．$$3$$和$$5$$的倍数一定是$$15$$的倍数，有$$60\div 15=4$$（个）．$$3$$或$$5$$的倍数有：$$20+12-4=28$$ （个）．,填空,{},"[""拓展思维----计数模块----容斥原理----二量容斥""]"
78,二量容斥,4522,"[""拓展思维----计数模块----容斥原理----二量容斥""]",[],写有$$1$$到$$100$$编号的灯$$100$$盏，亮着排成一排，第一次把编号是$$3$$的倍数的灯按一次开关，第二次把编号是$$5$$的倍数的灯按一次开关，那么亮着的灯还有盏．,"[""$$59$$""]","亮着的灯的分为被按两次的灯和未被按过的灯，
被按两次的灯有$$100\div 15=6$$（盏）$$\cdots \cdots10$$（盏）．
$$100\div 3=33$$（盏）$$ \cdots \cdots1$$（盏），$$100\div 5=20$$（盏），
被按过的灯有$$33+20-6=47$$（盏），从而亮灯数$$(100-47)+6=59$$（盏）．",填空,{},"[""拓展思维----计数模块----容斥原理----二量容斥"", ""拓展思维----应用题模块----加减法应用----包含与排除条件（不重叠）""]"
78,二量容斥,4591,"[""拓展思维----计数模块----容斥原理----二量容斥"", ""知识点----计数模块----容斥原理----二量容斥""]","[""analysis_4591-image_0""]",某次英语考试由两部分组成，结果三年级三班有$$12$$人得满分，第一部分有$$25$$人做对，第二部分有$$19$$人有错，三年级三班中两部分都有错的有人．,"[""$$6$$""]",如图，用长方形表示参加考试的人数，$$A$$圆表示第一部分对的人数．$$B$$圆表示第二部分对的人数，长方形中阴影部分表示两部分都有错的人数．已知第一部分对的有$$25$$人，全对的有$$12$$人，可知只对第一部分的有$$25-12=13$$人．又因为第二部分有$$19$$人有错，其中第一部分对第二部分有错的有$$13$$人，那么余下的$$19-13=6$$人必是第一部分和第二部分均有错的，即两部分都有错的有$$6$$人． analysis_4591-image_0,填空,{},"[""拓展思维----计数模块----容斥原理----二量容斥"", ""知识点----计数模块----容斥原理----二量容斥""]"
78,二量容斥,4592,"[""拓展思维----计数模块----容斥原理----二量容斥"", ""知识点----计数模块----容斥原理----二量容斥""]","[""question_4592-image_0""]",编号为$$1\sim 60$$的同学们在操场上站成一排，编号是$$2$$的倍数的同学报数，编号是$$3$$的倍数的同学也报数． question_4592-image_0 （1）报了数的同学有个．（2）没报数的同学有个．,"[""$$40$$"", ""$$20$$""]",（1）$$2$$的倍数有：$$60\div 2=30$$．$$3$$的倍数有：$$60\div 3=20$$．既是$$2$$的倍数又是$$3$$的倍数，为$$6$$的倍数：$$60\div 6=10$$．$$2$$或$$3$$的倍数有：$$30+20-10=40$$（个）．（2）不是$$2$$的倍数也不是$$3$$的倍数的数有$$60-40=20$$（个）．,填空,{},"[""拓展思维----计数模块----容斥原理----二量容斥"", ""七大能力----运算求解"", ""知识点----计数模块----容斥原理----二量容斥""]"
78,二量容斥,4593,"[""拓展思维----计数模块----容斥原理----二量容斥"", ""知识点----计数模块----容斥原理----二量容斥""]",[],$$40$$名同学面向老师站成一行，老师先让大家从左至右按$$1$$，$$2$$，$$3$$，……，$$39$$，$$40$$依次报数；再让报数是$$4$$的倍数的同学向后转，接着又让报数是$$5$$的倍数的同学向后转，现在面向老师的同学还有名．,"[""$$26$$""]",面向老师的同学包含：（$$1$$）未转的学生：（$$2$$）转两次的学生．（$$1$$）未转的学生，所报数既不是$$4$$的倍数也不是$$5$$的倍数．$$1\sim 40$$ 中，$$40\div 4=10$$ ，$$4$$的倍数有$$10$$个：$$40\div 5=8$$ ，$$5$$的倍数有$$8$$个：既是$$4$$的倍数又是$$5$$的倍数的数一定是$$20$$的倍数，$$40\div 20=2$$ ，有$$2$$个，所以是$$4$$或$$5$$的倍数有$$10+8-2=16$$个，则未转的学生有$$40-16=24$$ 名：（$$2$$）转两次的学生，所报数既是$$4$$的倍数又是$$5$$的倍数，有$$2$$个，所以现在面向老师的同学有$$24+2=26$$ 名，背对老师的同学包含：（$$1$$）编号为$$4$$但不为$$5$$的倍数的学生：（$$2$$）编号为$$5$$但不为$$4$$的倍数的学生．已知既是$$4$$的倍数又是$$5$$的倍数的数一定是$$20$$的倍数，$$40\div 20=2$$ ，有$$2$$个（$$1$$）编号为$$4$$但不为$$5$$的倍数的学生：$$40\div 4-2=8$$名（$$2$$）编号为$$5$$但不为$$4$$的倍数的学生：$$40\div 5-2=6$$名背对老师的学生有$$8+6=14$$名，所以面向老师的同学有$$40-14=26$$名,填空,{},"[""拓展思维----计数模块----容斥原理----二量容斥"", ""知识点----计数模块----容斥原理----二量容斥""]"
78,二量容斥,4596,"[""拓展思维----计数模块----容斥原理----二量容斥""]",[],把两条长为$15$厘米的纸条粘在一起组成一个长纸条，重合部分为$3$厘米，那么长纸条的长度是厘米.,"[""27""]",$$15\times 2-3=27$$(厘米),填空,{},"[""拓展思维----计数模块----容斥原理----二量容斥""]"
78,二量容斥,4599,"[""拓展思维----计数模块----容斥原理----二量容斥""]",[],希望小学某班有$28$人参加了科技小组，有$$32$$人参加了美术小组，其中有$10$个人两个小组都参加了，还有$5$人两个都没参加，这个班有人．,"[""55""]",$$28+32-10+5=55$$(人),填空,{},"[""拓展思维----计数模块----容斥原理----二量容斥""]"
78,二量容斥,4788,"[""拓展思维----计数模块----容斥原理----二量容斥""]","[""analysis_4788-image_0""]",回答下列问题：（1）某餐馆有$$40$$道招牌菜，艾迪吃过其中的$$15$$道，薇儿吃过其中的$$9$$道，而且有$$4$$道菜是两人都吃过的，有道招牌菜是两人都没有吃过的.,"[""$$20$$""]",如下图，两人吃过的有$$15+9-4=20$$（道），两人都没吃过的有$$40-20=20$$（道）． analysis_4788-image_0,填空,{},"[""拓展思维----计数模块----容斥原理----二量容斥""]"
78,二量容斥,4789,"[""拓展思维----计数模块----容斥原理----二量容斥"", ""知识点----计数模块----容斥原理----二量容斥""]",[],回答下列问题：（2）三年级有$$50$$名学生去食堂吃午饭，食堂准备了很多菜，有$$26$$人选了番茄炒鸡蛋，有$$21$$人选了红烧肉，这两种菜都没选择的有$$17$$人，这两种菜都选择的有人.,"[""$$14$$""]",至少选了这两种其中一种的有：$$50-17=33$$（人），这两种菜都选择的有：$$26+21-33=14$$（人）．,填空,{},"[""拓展思维----计数模块----容斥原理----二量容斥"", ""知识点----计数模块----容斥原理----二量容斥""]"
78,二量容斥,4790,"[""拓展思维----计数模块----容斥原理----二量容斥""]","[""analysis_4790-image_0""]",完成下列各题：（1）三（$$1$$）班有学生$$55$$人参加运动会，每人至少参加赛跑和跳绳比赛中的一种．已知参加赛跑的有$$36$$人，参加跳绳的有$$38$$人．只参加跳绳的有人.,"[""$$19$$""]",如图$$1$$，$$55-36=19$$（人）． analysis_4790-image_0,填空,{},"[""拓展思维----计数模块----容斥原理----二量容斥""]"
78,二量容斥,4791,"[""拓展思维----计数模块----容斥原理----二量容斥""]","[""analysis_4791-image_0""]",完成下列各题：（2）三（$$2$$）班有学生$$50$$人，有人会骑车，有人会游泳，会骑车的有$$35$$人，两样都会的有$$15$$人，没有一样也不会的学生，那么会游泳的有人.,"[""$$30$$""]",如图$$2$$，会游泳的人有$$50-35+15=30$$（人）． analysis_4791-image_0,填空,{},"[""拓展思维----计数模块----容斥原理----二量容斥""]"
78,二量容斥,4792,"[""知识点----计数模块----容斥原理----二量容斥"", ""拓展思维----计数模块----容斥原理----二量容斥""]",[],在$$1～100$$的自然数中，不能被$$2$$或$$3$$整除的数有个.,"[""$$33$$""]",$$100\div 2=50$$，$$[100\div 3]=33$$，$$[100\div 6]=16$$；可见，$$1$$到$$100$$中，能被$$2$$整除的数有$$50$$个，能被$$3$$整除的数有$$33$$个，能被$$6$$整除的数有$$16$$个；则能被$$2$$或$$3$$整除的数有$$50+33-16=67$$个．不能被$$2$$或$$3$$整除的数有$$100-67=33$$个．,填空,{},"[""课内知识点----数的认识----数的特征----倍数----2的倍数特征"", ""知识点----计数模块----容斥原理----二量容斥"", ""知识点----数论模块----整除----整除特征----整除初识"", ""拓展思维----计数模块----容斥原理----二量容斥"", ""课内知识点----数的认识----数的特征----倍数----3的倍数特征"", ""课内知识点----数学广角----集合----韦恩图"", ""拓展思维----数论模块----整除----整除特征----整除初识""]"
78,二量容斥,4801,"[""拓展思维----计数模块----容斥原理----二量容斥""]",[],芳草地小学四年级有$58$人学钢琴，$43$人学画画，$37$人既学钢琴又学画画，问只学钢琴的有人，只学画画的有人．,"[""21"", ""6""]",钢琴：$58-37=21$（人），画画：$43-37=6$（人）．,填空,{},"[""拓展思维----计数模块----容斥原理----二量容斥""]"
78,二量容斥,4802,"[""拓展思维----计数模块----容斥原理----二量容斥""]",[],在$$1\tilde{\ }120$$的全部自然数中，既不是$$3$$的倍数也不是$$5$$的倍数的数有个．,"[""$$64$$""]","$$3$$的倍数有$$120\div 3=40$$（个），$$5$$的倍数有$$120\div 5=24$$（个），既是$$3$$的倍数又是$$5$$的倍数的有$$120\div 15=8$$（个），
因此是$$3$$的倍数或$$5$$的倍数的有$$40+24-8=56$$（个），所以既不是$$3$$的倍数也不是$$5$$的倍数的数有$$120-56=64$$（个）．",填空,{},"[""拓展思维----计数模块----容斥原理----二量容斥""]"
78,二量容斥,4915,"[""拓展思维----计数模块----容斥原理----二量容斥"", ""知识点----计数模块----容斥原理----二量容斥""]","[""analysis_4915-image_0""]",学校组织采摘活动，共有$$46$$人参加，只采了樱桃的有$$18$$人，既采了樱桃又采了杏的有$$7$$人，既没采樱桃又没采杏的有$$6$$人，只采了杏的有人．,"[""$$15$$""]",如图，用长方形表示全体采摘人员$$46$$人，$$A$$圆表示采了樱桃的人数，$$B$$圆表示采了杏的人数．长方形中阴影部分表示既没采樱桃又没采杏的人数．由图中可以看出，全体人员是至少采了一种的人数与两种都没采的人数之和，则至少采了一种的人数为$$46-6=40$$人，所以只采了杏的人数为$$40-18-7=15$$人． analysis_4915-image_0,填空,{},"[""拓展思维----计数模块----容斥原理----二量容斥"", ""知识点----计数模块----容斥原理----二量容斥""]"
78,二量容斥,4945,"[""拓展思维----计数模块----容斥原理----二量容斥""]",[],某班一共有$$42$$人，有$$21$$人参加了学校组织的音乐活动，有$$16$$人参加了体育活动，两项活动都没有参加的有$$6$$人，那么两项都参加的有人．,"[""$$1$$""]",有$$21+16-(42-6)=1$$，所以两项活动都参加的有$$1$$人.,填空,{},"[""拓展思维----计数模块----容斥原理----二量容斥""]"
78,二量容斥,5012,"[""拓展思维----计数模块----容斥原理----二量容斥"", ""知识点----计数模块----容斥原理----二量容斥""]",[],某班有$$60$$人，他们穿着白色或黑色上衣，黑色或蓝色裤子，其中有$$12$$人穿白色上衣蓝裤子，有$$34$$人穿黑裤子，$$29$$人穿黑上衣，那么穿黑上衣黑裤子的有人.,"[""$$15$$""]",法$$1$$：有$$34$$人穿黑裤子，那么穿蓝裤子的有$$60-34=26$$人，有$$12$$人穿白上衣蓝裤子，说明还有$$26-12=14$$人是穿黑上衣蓝裤子，有$$29$$人穿黑上衣，那么，有$$29-14=15$$人穿黑上衣黑裤子．法$$2$$：$$34$$人穿黑裤子，他们穿白色或黑色上衣，$$29$$人穿黑上衣，他们穿黑色或蓝色裤子．再加上$$12$$人穿白色上衣蓝裤子，则比总人数多加了穿黑上衣黑裤子的人数．所以穿黑上衣黑裤子的人数为：$$(12+34+29)-60=15$$（人）．,填空,{},"[""拓展思维----计数模块----容斥原理----二量容斥"", ""知识点----计数模块----容斥原理----二量容斥""]"
78,二量容斥,5013,"[""拓展思维----计数模块----容斥原理----二量容斥"", ""知识点----计数模块----容斥原理----二量容斥""]","[""analysis_5013-image_0"", ""analysis_5013-image_1"", ""analysis_5013-image_2""]",在春游研学的途中，同学们发现了一些可爱的小白兔．于是，数学老师提出了如下问题：森林里住着$$100$$只小白兔，凡是不爱吃萝卜的小白兔都爱吃白菜．其中爱吃萝卜的小白兔数量是爱吃白菜的小白兔数量的$$2$$倍，而不爱吃白菜的小白兔数量是不爱吃萝卜的小白兔数量的$$3$$倍．它们当中有只小白兔既爱吃萝卜又爱吃白菜.,"[""$$20$$""]",作图： analysis_5013-image_0 有小白兔$$100$$只，所以①②③一共是$$100$$只．设不爱吃萝卜的小白兔，也就是②的数量为$$1$$份，那么①是$$3$$份．因为爱吃萝卜的小白兔是爱吃白菜的$$2$$倍，所以爱吃白菜的小白兔有$$(3-1)\div (2-1)=2$$份，②③是$$2$$份，从而全部的小白兔一共有$$5$$份，而它对应$$100$$只兔子，所以每份是$$20$$只．而爱吃萝卜又爱吃白菜的小白兔恰好有$$1$$份，所以有$$20$$只．假设只爱吃白菜的为$$1$$份，则只爱吃萝卜的为$$3$$份，他们的差$$=$$爱吃萝卜和爱吃白菜的小白兔的差$$=$$爱吃白菜的小白兔$$=2$$份，因此，既爱吃白菜又爱吃萝卜的小白兔为$$1$$份，这$$100$$只小白兔对应的是：$$3+1+1=5$$份，$$1$$份为$$20$$只．所以有$$20$$只小白兔既爱吃萝卜又爱吃白菜． analysis_5013-image_1 由题意得，是一个二量的容斥原理，萝卜和白菜；并且萝卜和白菜加在一起是$$100$$只． analysis_5013-image_2 “爱吃萝卜的数量是爱吃白菜数量的$$2$$倍”有：$$a+b=2(b+c)$$ （$$1$$）“不爱吃白菜的数量是不爱吃萝卜数量的$$3$$倍”有：$$a=3c$$ （$$2$$）由（$$1$$）和（$$2$$）得：$$b=c$$、$$a=3c$$；而$$a+b+c=100$$，所以$$a=60$$、$$b=c=20$$．即有$$20$$只小白兔既爱吃萝卜又爱吃白菜．,填空,{},"[""拓展思维----计数模块----容斥原理----二量容斥"", ""知识点----计数模块----容斥原理----二量容斥""]"
78,二量容斥,5091,"[""拓展思维----计数模块----容斥原理----二量容斥""]",[],三年级有$$108$$个小朋友去春游，带矿泉水的有$$65$$人，带水果的有$$63$$人，每人至少带一种．其中既带矿泉水又带水果的有人．,"[""$$20$$""]",总人数$$=$$带矿泉水$$+$$带水果$$-$$两者都带的．$$65+63-108=20$$（人）．,填空,{},"[""拓展思维----计数模块----容斥原理----二量容斥""]"
78,二量容斥,5201,"[""拓展思维----计数模块----容斥原理----二量容斥""]",[],某班一共有$$42$$人，有$$21$$人参加了学校组织的音乐活动，有$$16$$人参加了体育活动，两项都参加的有$$1$$人，那么两项活动都没有参加的有人．,"[""$$6$$""]",有$$42-(21+16-1)=6$$，所以两项活动都没参加的有$$6$$人.,填空,{},"[""拓展思维----计数模块----容斥原理----二量容斥""]"
78,二量容斥,5230,"[""拓展思维----计数模块----容斥原理----二量容斥""]",[],某班一共有$$35$$人，每人至少参加一项活动，有$$21$$人参加了学校组织的音乐活动，有$$16$$人参加了体育活动，那么两项都参加的有人．,"[""$$2$$""]",有$$21+16-35=2$$，所以两项活动都参加的有$$2$$人.,填空,{},"[""拓展思维----计数模块----容斥原理----二量容斥""]"
78,二量容斥,5317,"[""拓展思维----计数模块----容斥原理----二量容斥""]",[],某学校开展科技和艺术兴趣小组活动，四年级共有$$60$$人，有$$41$$人参加了科技兴趣小组，有$$13$$人两个兴趣小组都参加，还有$$7$$人两个都没参加，有人参加了艺术兴趣小组．,"[""$$25$$""]",至少参加一个兴趣小组的有$$60-7=53$$（人），根据二量容斥公式，有$$53+13-41=25$$（人）参加了艺术兴趣小组．,填空,{},"[""拓展思维----计数模块----容斥原理----二量容斥""]"
78,二量容斥,5336,"[""拓展思维----计数模块----容斥原理----二量容斥""]",[],某班有$$56$$人，参加英语竞赛的有$$28$$人，参加体育竞赛的有$$27$$人，如果两科都没有参加的有$$25$$人，那么同时参加英语、体育竞赛的有人．,"[""$$24$$""]","至少参加一科竞赛的有$$56-25=31$$（人），则同时参加两科竞赛的有$$(28+27)-31=24$$（人）．
故答案为：$$24$$．",填空,{},"[""拓展思维----计数模块----容斥原理----二量容斥""]"
78,二量容斥,5338,"[""拓展思维----计数模块----容斥原理----二量容斥""]",[],三年级三班$$45$$人参加学科竞赛．成绩公布后，英语得满分的有$$10$$人，英语及语文都满分的有$$3$$人，这两科都没得满分的有$$29$$人．请问：语文得满分的有人．,"[""9""]",至少一科满分的有$$45-29=16$$（人），则语文满分的有$$16+3-10=9$$（人）．,填空,{},"[""拓展思维----计数模块----容斥原理----二量容斥""]"
78,二量容斥,5360,"[""拓展思维----计数模块----容斥原理----二量容斥""]",[],某班级的学生每人都至少订阅了一种视频，订《礼花蛋》的有$$25$$人，订《超能先锋历险记》的有$$30$$人，两种都订的有$$10$$人，那么全班有人．,"[""$$45$$""]",根据二量容斥公式，全班有$$25+30-10=45$$（人）．,填空,{},"[""拓展思维----计数模块----容斥原理----二量容斥""]"
78,二量容斥,5368,"[""拓展思维----计数模块----容斥原理----二量容斥""]",[],一个班共有$$30$$人，其中有$$26$$人会打羽毛球，有$$9$$人会打乒乓球，没有人两项运动都不会，这个班有人同时会打羽毛球和乒乓球．,"[""$$5$$""]",$$26+9-30=35$$．,填空,{},"[""拓展思维----计数模块----容斥原理----二量容斥""]"
78,二量容斥,5765,"[""拓展思维----计数模块----容斥原理----二量容斥""]",[],某班有$$48$$人，会打篮球的有$$25$$人，会打排球的有$$18$$人，都不会的有$$12$$人．既会打篮球又会打排球的有人．,"[""$$7$$""]",某班有$$48$$人，会打篮球的有$$25$$人，会打排球的有$$18$$人，都不会的有$$12$$人．要求既会打篮球又会打排球的有多少人．首先要知道会打球的有多少人，用总人数减去都不会的，就是会打球的，$$48-12=36$$（人），而会打篮球的有$$25$$人，会打排球的有$$18$$人，这两个相加就是会打球的加上重复的，所以既会打篮球又会打排球的：$$25+18-36=7$$（人），故填$$7$$．,填空,{},"[""拓展思维----计数模块----容斥原理----二量容斥""]"
78,二量容斥,5807,"[""拓展思维----计数模块----容斥原理----二量容斥""]",[],芳草地小学四年级有$$58$$人学钢琴，$$43$$人学画画，$$37$$人既学钢琴又学画画，问只学钢琴有人.,"[""$$21$$""]",$$58-37=21$$人,填空,{},"[""拓展思维----计数模块----容斥原理----二量容斥""]"
78,二量容斥,6033,"[""拓展思维----计数模块----容斥原理----二量容斥""]","[""analysis_6033-image_0""]",学校组织采摘活动，共有$$46$$人参加，只采了樱桃的有$$18$$人，既采了樱桃又采了杏的有$$7$$人，既没采樱桃又没采杏的有$$6$$人，问：只采了杏的有人？,"[""$$15$$""]",如图，用长方形表示全体采摘人员$$46$$人，$$A$$圆表示采了樱桃的人数，$$B$$圆表示采了杏的人数．长方形中阴影部分表示既没采樱桃又没采杏的人数．由图中可以看出，全体人员是至少采了一种的人数与两种都没采的人数之和，则至少采了一种的人数为$$46-6=40$$人，所以只采了杏的人数为$$40-18-7=15$$人． analysis_6033-image_0,填空,{},"[""拓展思维----计数模块----容斥原理----二量容斥""]"
78,二量容斥,6034,"[""拓展思维----计数模块----容斥原理----二量容斥""]",[],在$$1\sim 60$$这些自然数中：（1）$$2$$的倍数有个？（2）$$3$$的倍数有个？（3）既是$$2$$的倍数又是$$3$$的倍数有个？,"[""$$30$$"", ""$$20$$"", ""$$10$$""]",（1）$$60\div 2=30$$（个）．（2）$$60\div 3=20$$（个）．（3）既是$$2$$的倍数又是$$3$$的倍数一定是$$6$$的倍数，$$60\div 6=10$$（个），即$$1$$~$$60$$共有$$10$$个既是$$2$$的倍数又是$$3$$的倍数．,填空,{},"[""拓展思维----计数模块----容斥原理----二量容斥""]"
78,二量容斥,6035,"[""拓展思维----计数模块----容斥原理----二量容斥""]","[""analysis_6035-image_0""]",某次英语考试由两部分组成，结果三年级三班有$$12$$人得满分，第一部分有$$25$$人做对，第二部分有$$19$$人有错，问：三年级三班中两部分都有错的有人？,"[""$$6$$""]",如图，用长方形表示参加考试的人数，$$A$$圆表示第一部分对的人数．$$B$$圆表示第二部分对的人数，长方形中阴影部分表示两部分都有错的人数．已知第一部分对的有$$25$$人，全对的有$$12$$人，可知只对第一部分的有$$25-12=13$$人．又因为第二部分有$$19$$人有错，其中第一部分对第二部分有错的有$$13$$人，那么余下的$$19-13=6$$人必是第一部分和第二部分均有错的，即两部分都有错的有$$6$$人． analysis_6035-image_0,填空,{},"[""拓展思维----计数模块----容斥原理----二量容斥""]"
78,二量容斥,6073,"[""拓展思维----计数模块----容斥原理----二量容斥""]","[""analysis_6073-image_0""]",学校组织采摘活动，共有$$46$$人参加，只采了樱桃的有$$18$$人，既采了樱桃又采了杏的有$$7$$人，既没采樱桃又没采杏的有$$6$$人，问：只采了杏的有人？,"[""$$15$$""]",如图，用长方形表示全体采摘人员$$46$$人，$$A$$圆表示采了樱桃的人数，$$B$$圆表示采了杏的人数．长方形中阴影部分表示既没采樱桃又没采杏的人数．由图中可以看出，全体人员是至少采了一种的人数与两种都没采的人数之和，则至少采了一种的人数为$$46-6=40$$人，所以只采了杏的人数为$$40-18-7=15$$人． analysis_6073-image_0,填空,{},"[""拓展思维----计数模块----容斥原理----二量容斥""]"
78,二量容斥,6314,"[""拓展思维----计数模块----容斥原理----二量容斥""]",[],【课前热身1】为了丰富知识大虾和螃蟹来到图书馆看书，一个月后大虾一共看了$$48$$本书，螃蟹一共看$$32$$本书，它们共同看过的书有$$12$$本，则它们实际一共看了本书．,"[""$$68$$""]",如果将两人看过的书相加的话那么有些书被多算一次，所以我们可以利用先包含再排除思想$$.$$ $$48+32-12=68$$ （本），因此，它们实际看了$$68$$本书．,填空,{},"[""拓展思维----计数模块----容斥原理----二量容斥""]"
78,二量容斥,6315,"[""拓展思维----计数模块----容斥原理----二量容斥""]",[],【课前热身2】超能特战队有队员$$25$$人，每个人都会隐身术或变身术至少一个技能，其中会隐身术的有$$14$$人，会变身的有$$18$$人，那么两个技能都会的有人．,"[""$$7$$""]",$$14+18-25=7$$（人）．,填空,{},"[""拓展思维----计数模块----容斥原理----二量容斥""]"
78,二量容斥,6432,"[""拓展思维----计数模块----容斥原理----二量容斥""]",[],在自然数列$$1$$，$$2$$，$$3$$，$$\cdots $$，$$1000$$中，能被$$5$$或$$11$$整除的自然数有个．,"[""$$272$$""]","$$5$$的倍数有$$\left[ \frac{1000}{5} \right]=200$$（个），
$$11$$的倍数有$$\left[ \frac{1000}{11} \right]=90$$（个），
$$5$$和$$11$$的公倍数一定都是$$55$$的倍数，
而$$55$$的倍数有$$\left[ \frac{1000}{55} \right]=18$$（个），
所以被$$5$$或$$11$$整除的数有$$200+90-18=272$$（个）．",填空,{},"[""拓展思维----计数模块----容斥原理----二量容斥""]"
78,二量容斥,6433,"[""拓展思维----计数模块----容斥原理----二量容斥""]","[""analysis_6433-image_0""]",写有$$1$$到$$100$$编号的灯$$100$$盏，亮着排成一排，第一次把编号是$$3$$的倍数的灯拉一次开关，第二次把编号是$$5$$的倍数的灯拉一次开关，那么亮着的灯还有多少盏？,"[""B""]","使用文氏图辅助分析，如图，拉$$0$$次的亮，拉$$1$$次的灭，拉两次的亮，可见亮灯分两部分，拉两次部分为$$[ 100\div 15 ]=6$$盏，被拉过的灯有$$[ 100\div 3 ]+[ 100\div 5 ]-[ 100\div 15]=33+20-6=47$$盏，从而亮灯数$$=100-47+6=59$$（盏）．
 analysis_6433-image_0",单选,"{""A"": ""$$58$$"", ""B"": ""$$59$$"", ""C"": ""$$60$$"", ""D"": ""$$61$$""}","[""拓展思维----计数模块----容斥原理----二量容斥""]"
78,二量容斥,6434,"[""拓展思维----计数模块----容斥原理----二量容斥""]","[""analysis_6434-image_0""]",对全班同学调查发现，会游泳的有$$16$$人，会打篮球的有$$21$$人，两项都会的$$10$$人，两项都不会的有$$8$$人，这个班一共有人．,"[""$$35$$""]","韦恩图如图所示，这个班一共有$$16+21-10+8=35$$（人）．
 analysis_6434-image_0",填空,{},"[""拓展思维----计数模块----容斥原理----二量容斥""]"
78,二量容斥,6486,"[""拓展思维----计数模块----容斥原理----二量容斥""]",[],在自然数列$$1$$，$$2$$，$$3$$，$$\cdots$$，$$1000$$中，不能被$$3$$或$$5$$整除的自然数有个．,"[""$$533$$""]",$$3$$的倍数有$$\left[ \frac{1000}{3} \right]=333$$(个)，$$5$$的倍数有$$\left[ \frac{1000}{5} \right]=200$$(个)，$$3$$和$$5$$的公倍数一定都是$$15$$的倍数，而$$15$$的倍数有$$\left[ \frac{1000}{15} \right]=66$$(个)，所以被$$3$$或$$5$$整除的数有$$333+200-66=467$$(个)，则不能被$$3$$或$$5$$整除的自然数有$$1000-467=533$$(个)．,填空,{},"[""拓展思维----计数模块----容斥原理----二量容斥""]"
78,二量容斥,6545,"[""拓展思维----计数模块----容斥原理----二量容斥""]",[],芳草地小学四年级有$$58$$人学钢琴，$$43$$人学画画，$$37$$人既学钢琴又学画画，问只学钢琴有人.,"[""$$21$$""]",$$58-37=21$$人,填空,{},"[""拓展思维----计数模块----容斥原理----二量容斥""]"
78,二量容斥,6738,"[""拓展思维----计数模块----容斥原理----二量容斥"", ""知识点----计数模块----容斥原理----二量容斥""]",[],三年级三班参加语文兴趣小组的有$$30$$人，参加数学兴趣小组的有$$45$$人，有$$20$$人两个小组都参加．这个班有人参加了兴趣小组．,"[""$$55$$""]",$$30+45-20=55$$（人）．,填空,{},"[""拓展思维----计数模块----容斥原理----二量容斥"", ""知识点----计数模块----容斥原理----二量容斥""]"
78,二量容斥,6739,"[""知识点----计数模块----容斥原理----二量容斥""]",[],三年级一班有$$47$$人，每人至少参加了绘画兴趣小组或唱歌兴趣小组中的一个，有$$20$$人参加了绘画兴趣小组，有$$10$$人两个小组都参加了，有人参加了唱歌兴趣小组．,"[""$$37$$""]",47-20+10=37（人）,填空,{},"[""知识点----计数模块----容斥原理----二量容斥""]"
78,二量容斥,6740,"[""拓展思维----计数模块----容斥原理----二量容斥"", ""知识点----计数模块----容斥原理----二量容斥""]","[""analysis_6740-image_0""]",学校组织采摘活动，共有$$46$$人参加，只采了樱桃的有$$18$$人，既采了樱桃又采了杏的有$$7$$人，既没采樱桃又没采杏的有$$6$$人，问：只采了杏的有人.,"[""$$15$$""]",如图，用长方形表示全体采摘人员$$46$$人，$$A$$圆表示采了樱桃的人数，$$B$$圆表示采了杏的人数．长方形中阴影部分表示既没采樱桃又没采杏的人数．由图中可以看出，全体人员是至少采了一种的人数与两种都没采的人数之和，则至少采了一种的人数为$$46-6=40$$人，所以只采了杏的人数为$$40-18-7=15$$人． analysis_6740-image_0,填空,{},"[""拓展思维----计数模块----容斥原理----二量容斥"", ""知识点----计数模块----容斥原理----二量容斥""]"
78,二量容斥,6741,"[""拓展思维----计数模块----容斥原理----二量容斥"", ""知识点----计数模块----容斥原理----二量容斥""]",[],三年级三班有$$12$$人既会打篮球又会踢足球，$$25$$人会打篮球，$$19$$人不会踢足球，那么三年级三班既不会打篮球也不会踢足球的有人.,"[""$$6$$""]",只会打篮球：25-12=13（人）两种都不会：19-13=6（人）,填空,{},"[""拓展思维----计数模块----容斥原理----二量容斥"", ""知识点----计数模块----容斥原理----二量容斥""]"
78,二量容斥,6742,"[""拓展思维----计数模块----容斥原理----二量容斥""]",[],四年级一班学生每人都至少买了一本书，买故事书的有$$30$$人，买漫画书的有$$12$$人，两种都买的有$$6$$人，问全班有人．,"[""$$36$$""]",根据二量容斥公式，全班有$$30+12-6=36$$（人）．,填空,{},"[""拓展思维----计数模块----容斥原理----二量容斥""]"
78,二量容斥,6743,"[""拓展思维----计数模块----容斥原理----二量容斥""]","[""analysis_6743-image_0""]",某班有$$40$$个学生，$$15$$人参加数学小组，$$18$$人参加作文小组，有$$10$$人两个小组都参加，两个组都不参加的有人．,"[""$$17$$""]","只参加数学小组的有$$15-10=5$$（人），
只参加作文小组的有$$18-10=8$$（人），
 analysis_6743-image_0 
$$5+10+8=23$$（人），
都不参加的有$$40-23=17$$（人）．",填空,{},"[""拓展思维----计数模块----容斥原理----二量容斥""]"
78,二量容斥,7002,"[""拓展思维----计数模块----容斥原理----二量容斥"", ""知识点----计数模块----容斥原理----二量容斥""]",[],对全班同学调查发现，会游泳的有$$30$$人，会打篮球的有$$35$$人．两项都会的有$$20$$人．这个班一共有人.,"[""$$45$$""]",30+35-20=45（人）,填空,{},"[""拓展思维----计数模块----容斥原理----二量容斥"", ""知识点----计数模块----容斥原理----二量容斥""]"
78,二量容斥,7003,"[""拓展思维----计数模块----容斥原理----二量容斥""]","[""analysis_7003-image_0""]",蓝色和红色两种珠花，每人至少选一种，共有$$20$$人，其中有$$16$$人选了蓝色珠花，$$12$$人选了红色珠花．问两种珠花都选的有人．,"[""$$8$$""]","方法一：$$16$$人选了蓝色珠花，$$12$$人了红色珠花，这样算一共就有$$28$$人，但是还有一部分同学两种珠花都选了，在选红色珠花的人中算了一次，在选蓝色珠花的人中又算了一次，这样就多算了一次实际上只有$$20$$个人，因此有$$28-20=8$$（人）重复数了一次，这$$8$$个人就是两种珠花都选的人数．
方法二：此题也可以通过韦恩图解决看图列式：$$16+12-20=8$$（人）．
 analysis_7003-image_0",填空,{},"[""拓展思维----计数模块----容斥原理----二量容斥""]"
78,二量容斥,7038,"[""拓展思维----计数模块----容斥原理----二量容斥"", ""知识点----计数模块----容斥原理----二量容斥""]","[""analysis_7038-image_0""]",某次英语考试由两部分组成，结果三年级三班有$$12$$人得满分，第一部分有$$25$$人做对，第二部分有$$19$$人有错，问：三年级三班中两部分都有错的有人.,"[""$$6$$""]",如图，用长方形表示参加考试的人数，$$A$$圆表示第一部分对的人数．$$B$$圆表示第二部分对的人数，长方形中阴影部分表示两部分都有错的人数．已知第一部分对的有$$25$$人，全对的有$$12$$人，可知只对第一部分的有$$25-12=13$$人．又因为第二部分有$$19$$人有错，其中第一部分对第二部分有错的有$$13$$人，那么余下的$$19-13=6$$人必是第一部分和第二部分均有错的，即两部分都有错的有$$6$$人． analysis_7038-image_0,填空,{},"[""拓展思维----计数模块----容斥原理----二量容斥"", ""知识点----计数模块----容斥原理----二量容斥""]"
78,二量容斥,7127,"[""拓展思维----计数模块----容斥原理----二量容斥"", ""知识点----计数模块----容斥原理----二量容斥""]","[""analysis_7127-image_0""]",未来小学进入了“所见、所学、所闻”主题月，举办全校诗词大会、游艺会、体育节等多项赛事活动．其中，诗词考试由两部分组成，结果全班有$$12$$人得满分，第一部分有$$25$$人做对，第二部分有$$19$$人做错，两部分都做错的有人．,"[""$$6$$""]",如图，用长方形表示参加考试的人数，$$A$$圆表示第一部分对的人数．$$B$$圆表示第二部分对的人数，长方形中阴影部分表示两部分都做错的人数．已知第一部分对的有$$25$$人，全对的有$$12$$人，可知只对第一部分的有$$25-12=13$$人．又因为第二部分有$$19$$人做错，其中第一部分对第二部分做错的有$$13$$人，那么余下的$$19-13=6$$人必是第一部分和第二部分均做错的，即两部分都做错的有$$6$$人． analysis_7127-image_0,填空,{},"[""拓展思维----计数模块----容斥原理----二量容斥"", ""知识点----计数模块----容斥原理----二量容斥""]"
78,二量容斥,7128,"[""拓展思维----计数模块----容斥原理----二量容斥"", ""知识点----计数模块----容斥原理----二量容斥""]",[],在游艺会上，有$$100$$名同学抽到了标签分别为$$1$$至$$100$$的奖券．按奖券标签号发放奖品的规则如下：（$$1$$）标签号为$$2$$的倍数，奖$$2$$支铅笔．（$$2$$）标签号为$$3$$的倍数，奖$$3$$支铅笔．（$$3$$）标签号既是$$2$$的倍数，又是$$3$$的倍数可重复领奖．（$$4$$）其他标签号均奖$$1$$支铅笔．那么游艺会为该项活动准备的奖品铅笔共有支．,"[""$$232$$""]",在$$1$$到$$100$$中，$$2$$的倍数有$$\left[ \frac{100}{2} \right]=50$$（个）．$$3$$的倍数有$$\left[ \frac{100}{3} \right]=33$$（个）．即是$$2$$的倍数，又是$$3$$的倍数的数一定是$$6$$的倍数，所以标签为这样的数有$$\left[ \frac{100}{6} \right]=16$$（个）．于是，既不是$$2$$的倍数，又不是$$3$$的倍数的数在$$1\sim 100$$中有$$100-(50+33-16)=33$$（个）．所以，游艺会为该项活动准备的奖品铅笔共有：$$50\times 2+33\times 3+33\times 1=232$$（支）．,填空,{},"[""拓展思维----计数模块----容斥原理----二量容斥"", ""知识点----计数模块----容斥原理----二量容斥""]"
78,二量容斥,7198,"[""知识点----计数模块----容斥原理----二量容斥""]",[],学校组织采摘活动，共有$$55$$人参加，采草莓的有$$30$$人，采葡萄的也有$$30$$人，两种都没采的有$$7$$人，有人两种水果都采了．,"[""$$12$$""]",$$55-7=48$$（人），$$30\times 2-48=12$$（人）,填空,{},"[""知识点----计数模块----容斥原理----二量容斥""]"
78,二量容斥,7207,"[""拓展思维----计数模块----容斥原理----二量容斥""]",[],全班同学当中，会游泳的有$$15$$人，会打篮球的有$$19$$人．两项都会的有$$7$$人．这个班一共有人．,"[""A""]",会游泳或打篮球的有$$15+19-7=27$$人，全班有$$27+18=45$$人．,单选,"{""A"": ""$$15+19-7$$"", ""B"": ""$$15+19+7$$"", ""C"": ""$$15+19$$""}","[""拓展思维----计数模块----容斥原理----二量容斥""]"
78,二量容斥,7208,"[""拓展思维----计数模块----容斥原理----二量容斥""]","[""analysis_7208-image_0""]",对全班同学调查发现，会游泳的有$$16$$人，会打篮球的有$$21$$人，两项都会的$$10$$人，两项都不会的有$$8$$人，这个班一共有人．,"[""C""]",韦恩图如图所示，这个班一共有$$16+21-10+8=35$$（人）． analysis_7208-image_0,单选,"{""A"": ""$$10+8$$"", ""B"": ""$$16+21+8$$"", ""C"": ""$$16+21-10+8$$""}","[""拓展思维----计数模块----容斥原理----二量容斥""]"
78,二量容斥,7552,"[""拓展思维----计数模块----容斥原理----二量容斥""]",[],三（$$1$$）班有$$46$$人，其中有$$29$$人参加了体育小组，$$25$$人参加了美术小组，有$$15$$人两个小组都参加了，那么有人什么都没有参加．,"[""$$7$$""]","$$29$$人参加了体育小组，$$25$$人参加了美术小组，则$$29+25=54$$人中有$$15$$人被加了两次，实际参加的人数是$$54-15=39$$人，那么两个小组都没参加的人数有：$$46-39=7$$人，
$$46−(29+25−15)=46−39=7$$（人）．
答：两个小组都没参加的有$$7$$人．",填空,{},"[""拓展思维----计数模块----容斥原理----二量容斥""]"
78,二量容斥,7553,"[""拓展思维----计数模块----容斥原理----二量容斥"", ""知识点----计数模块----容斥原理----二量容斥""]",[],某学校三年级$$2$$班，有$$14$$人参加了数学兴趣小组，有$$16$$人参加了英语兴趣小组，有$$8$$人两个兴趣小组都参加了，那么共有人参加了兴趣小组．,"[""$$22$$""]",共有$$14+16-8=22$$人参加了兴趣小组．,填空,{},"[""拓展思维----计数模块----容斥原理----二量容斥"", ""知识点----计数模块----容斥原理----二量容斥""]"
374,多笔画变一笔画,1202,"[""拓展思维----组合模块----图论问题----多笔画----多笔画变一笔画""]","[""question_1202-image_0""]",下面这个图形有个单数点，所以至少需要去掉条线段才能一笔画. question_1202-image_0,"[""$$12$$"", ""$$5$$""]",图中的$$12$$个交点都是奇点．要想一笔画，最多只能有$$2$$个奇点，至少需要去掉$$10$$个奇点，需要去掉$$10\div 2=5$$条线段.,填空,{},"[""拓展思维----组合模块----图论问题----多笔画----多笔画变一笔画""]"
374,多笔画变一笔画,1989,"[""拓展思维----组合模块----图论问题----多笔画----多笔画变一笔画""]","[""analysis_1989-image_0"", ""question_1989-image_0""]","下面这些图形能一笔画吗？如果能，请试着画一画，如果不能，请你添加最少的线把它改成一笔画图形．
 question_1989-image_0","[""C""]","不能一笔画，可以改成一笔画，关键是把奇点的个数减少到$$2$$ 个，办法是在两个奇点之间加一条线．加线的方法是比较多的，只要是在$$2$$ 个奇点之间加线，斜线、折线都可以．答案如图（不唯一）：
 analysis_1989-image_0",单选,"{""A"": ""添一条线"", ""B"": ""添二条线"", ""C"": ""添三条线"", ""D"": ""添四条线""}","[""拓展思维----组合模块----图论问题----多笔画----多笔画变一笔画""]"
374,多笔画变一笔画,1990,"[""拓展思维----组合模块----图论问题----多笔画----多笔画变一笔画""]","[""question_1990-image_0""]","下图能否一笔画出，若不能，在（ ）两点之间直接减去一条线即可使其变为一笔画图形.
 question_1990-image_0","[""D""]",图中有$$B$$、$$C$$、$$D$$、$$E$$共$$4$$个奇点，所以不能一笔画出，只需减去$$B$$、$$C$$、$$D$$、$$E$$之间任意一条线就可以使其变为一笔画图形．,单选,"{""A"": ""能"", ""B"": ""不能，$$AB$$"", ""C"": ""不能，$$AD$$"", ""D"": ""不能，$$CD$$""}","[""拓展思维----组合模块----图论问题----多笔画----多笔画变一笔画""]"
374,多笔画变一笔画,2501,"[""拓展思维----组合模块----图论问题----多笔画----多笔画变一笔画""]","[""question_2501-image_0""]","下图（ ）（填“能”或“不能”）一笔画出，若不行在（ ）两点之间直接连接一条线即可使其变为一笔画．
 question_2501-image_0","[""C""]",图中共有$$4$$个奇点，不能一笔画.在奇点之间连线消灭奇点.所以在$$C$$、$$D$$、$$E$$、$$F$$之间任意两点连线均可，所以答案为$$C$$．,单选,"{""A"": ""能"", ""B"": ""不能，$$AB$$"", ""C"": ""不能，$$CD$$"", ""D"": ""不能，$$GH$$""}","[""拓展思维----组合模块----图论问题----一笔画----一笔画判断"", ""拓展思维----组合模块----图论问题----多笔画----多笔画变一笔画""]"
374,多笔画变一笔画,2709,"[""拓展思维----组合模块----图论问题----多笔画----多笔画变一笔画""]","[""question_2709-image_0""]","下面这幅图至少需要添加条线才可以改造为一笔画图形．
 question_2709-image_0","[""$$2$$""]",图中共有$$6$$个奇点，至少需要去掉$$4$$个奇点，一条线最多可以消灭$$2$$个奇点，至少需要添加$$2$$条线才能达到改造为一笔画的目的.,填空,{},"[""拓展思维----组合模块----图论问题----多笔画----多笔画变一笔画""]"
374,多笔画变一笔画,3392,"[""拓展思维----组合模块----图论问题----多笔画----多笔画变一笔画""]","[""analysis_3392-image_0"", ""question_3392-image_0""]","判断下列图形能否一笔画．若能，请给出一种画法，若不能，请问在（ ）加条线，可以将其改成可一笔画的图形．
 question_3392-image_0","[""B""]","原图有$$A$$、$$B$$、$$C$$、$$D$$四个奇点，所以不能用一笔画．在$$B$$、$$C$$两点之间加一条线后，图中只有两个奇点，故可以一笔画出，如图所示画法：$$A\to E\to D\to H\to A\to B\to F\to C\to G\to B\to C\to D$$．
 analysis_3392-image_0",单选,"{""A"": ""在$$F$$、$$G$$两点之间"", ""B"": ""在$$B$$、$$C$$两点之间"", ""C"": ""在$$A$$、$$F$$两点之间"", ""D"": ""在$$D$$、$$G$$两点之间""}","[""拓展思维----组合模块----图论问题----多笔画----多笔画变一笔画""]"
374,多笔画变一笔画,3753,"[""拓展思维----组合模块----图论问题----多笔画----多笔画变一笔画""]","[""question_3753-image_0""]",下图不能一笔画成，去掉线段（ ）后可以使之变成一笔画图形． question_3753-image_0,"[""C""]",图形中一共有$$B$$、$$C$$、$$D$$、$$F$$四个奇点，为了将原图变成一笔画图形，至少需要消灭其中的两个奇点；四个选项中，仅$$C$$符合．,单选,"{""A"": ""$$AB$$"", ""B"": ""$$AF$$"", ""C"": ""$$BF$$"", ""D"": ""$$EF$$""}","[""拓展思维----组合模块----图论问题----多笔画----多笔画变一笔画""]"
374,多笔画变一笔画,4587,"[""拓展思维----组合模块----图论问题----多笔画----多笔画变一笔画""]","[""question_4587-image_0""]",下图（ ）（填“能”或“不能”）一笔画出，若不行在（ ）两点之间直接连接一条线即可使其变为一笔画． question_4587-image_0,"[""C""]",图中共有$$4$$个奇点，不能一笔画．在奇点之间连线消灭奇点．所以在$$C$$、$$D$$、$$E$$、$$F$$之间任意两点连线均可，所以答案为$$C$$．,单选,"{""A"": ""能"", ""B"": ""不能，$$AB$$"", ""C"": ""不能，$$ED$$"", ""D"": ""不能，$$GH$$""}","[""拓展思维----组合模块----图论问题----一笔画----一笔画判断"", ""拓展思维----组合模块----图论问题----多笔画----多笔画变一笔画""]"
374,多笔画变一笔画,4681,"[""拓展思维----组合模块----图论问题----多笔画----多笔画变一笔画""]","[""question_4681-image_0""]","在下面的哪两点之间添加一条线或是去掉一条线可以使图形可以一笔画出？
 question_4681-image_0","[""B""]",在$$B$$点和$$D$$点之间，因为图中有$$4$$个奇点，其中$$B$$点和$$D$$点是奇点．,单选,"{""A"": ""在$$C$$点和$$D$$点之间"", ""B"": ""在$$B$$点和$$D$$点之间"", ""C"": ""在$$A$$点和$$B$$点之间"", ""D"": ""在$$B$$点和$$C$$点之间""}","[""拓展思维----组合模块----图论问题----多笔画----多笔画变一笔画""]"
374,多笔画变一笔画,5093,"[""拓展思维----组合模块----图论问题----多笔画----多笔画变一笔画""]","[""question_5093-image_0""]","下面方法中可以把下图变为一笔画的方法是（ ）
 question_5093-image_0","[""C""]",图中$$B$$、$$H$$、$$F$$、$$D$$四个点是奇点，连接其中任意两个，就能变成一笔画，只有$$C$$选项符合要求．,单选,"{""A"": ""连接AI"", ""B"": ""去掉AH"", ""C"": ""连接BH"", ""D"": ""去掉FI""}","[""拓展思维----组合模块----图论问题----多笔画----多笔画变一笔画""]"
374,多笔画变一笔画,5946,"[""拓展思维----组合模块----图论问题----多笔画----多笔画变一笔画""]","[""analysis_5946-image_0"", ""question_5946-image_0""]",判断下面各图，能够一笔画出的有个． question_5946-image_0,"[""A""]",本题$$4$$个图形均各有四个奇点，下图中圆圈所表示的位置即为各奇点位置 analysis_5946-image_0 为了把图形变成能够一笔画成，必须设法减去奇点个数；又因为题目说加一条线或去一条线，所以应使奇点个数变为$$2$$个．为此，可以添加（或去掉）这样一条连接$$2$$奇点的线，使这条线两端连接的$$2$$个奇点全变成偶点，答案不唯一．,单选,"{""A"": ""$$0$$"", ""B"": ""$$1$$"", ""C"": ""$$2$$"", ""D"": ""$$3$$""}","[""拓展思维----组合模块----图论问题----多笔画----多笔画变一笔画""]"
374,多笔画变一笔画,6067,"[""拓展思维----组合模块----图论问题----多笔画----多笔画变一笔画""]","[""analysis_6067-image_0"", ""question_6067-image_0""]",判断下面各图，能够一笔画出的有个． question_6067-image_0,"[""A""]",本题$$4$$个图形均各有四个奇点，下图中圆圈所表示的位置即为各奇点位置 analysis_6067-image_0 为了把图形变成能够一笔画成，必须设法减去奇点个数；又因为题目说加一条线或去一条线，所以应使奇点个数变为$$2$$个．为此，可以添加（或去掉）这样一条连接$$2$$奇点的线，使这条线两端连接的$$2$$个奇点全变成偶点，答案不唯一．,单选,"{""A"": ""$$0$$"", ""B"": ""$$1$$"", ""C"": ""$$2$$"", ""D"": ""3​​​""}","[""拓展思维----组合模块----图论问题----多笔画----多笔画变一笔画""]"
374,多笔画变一笔画,6480,"[""拓展思维----组合模块----图论问题----多笔画----多笔画变一笔画""]","[""analysis_6480-image_0"", ""question_6480-image_0"", ""question_6480-image_1""]","下图不能一笔画，请加一条线，将其变成可以一笔画的图形，正确的选项是（ ）．
 question_6480-image_0","[""B""]","原图$$A$$、$$B$$、$$C$$、$$D$$是四个奇点，只要把其中两个连起来就可以一笔画，所以$$B$$符合．
 analysis_6480-image_0",单选,"{""A"": "" question_6480-image_1"", ""B"": "" question_6480-image_1"", ""C"": "" question_6480-image_1"", ""D"": "" question_6480-image_1""}","[""拓展思维----组合模块----图论问题----多笔画----多笔画变一笔画""]"
374,多笔画变一笔画,7037,"[""拓展思维----组合模块----图论问题----多笔画----多笔画变一笔画""]","[""question_7037-image_0""]","下图不能一笔画成，在（ ）两点之间去掉一条线后可以使之变成一笔画图形．
 question_7037-image_0","[""B""]",图形中一共有$$B$$、$$C$$、$$D$$、$$F$$四个奇点，为了将原图变成一笔画图形，至少需要消灭其中的两个奇点；四个选项中，仅$$B$$符合．,单选,"{""A"": ""$$A$$、$$B$$"", ""B"": ""$$B$$、$$C$$"", ""C"": ""$$A$$、$$F$$"", ""D"": ""$$E$$、$$F$$""}","[""拓展思维----组合模块----图论问题----多笔画----多笔画变一笔画""]"
187,一笔画判断,363,"[""拓展思维----组合模块----图论问题----一笔画----一笔画判断""]","[""question_363-image_0""]","一年有四个季节，以下四幅图分别代表春夏秋冬，小朋友观察一下四幅图中第幅是一笔画成的．（不用画外面的框）
 question_363-image_0","[""A""]",（$$2$$）、（$$3$$）的图形不是连着的，肯定不能一笔画完，第（$$4$$）幅中引出线条条数为单数的点大于$$2$$个，因此也不能一笔画完，只有（$$1$$）可以．,单选,"{""A"": ""（$$1$$）"", ""B"": ""（$$2$$）"", ""C"": ""（$$3$$）"", ""D"": ""（$$4$$）""}","[""拓展思维----组合模块----图论问题----一笔画----一笔画判断""]"
187,一笔画判断,452,"[""拓展思维----组合模块----图论问题----一笔画----一笔画判断""]","[""analysis_452-image_0"", ""question_452-image_0""]",下图是博物馆的平面图．博物馆有$$6$$个展览厅，每两个展览厅之间有门相通．小马想从某个房间出发，不重复地穿过所有的门走到$$F$$房间．那么，他出发的房间是房间． question_452-image_0,"[""A""]",原图转化为点线图，如下图所示： analysis_452-image_0 观察到只有$$A$$、$$F$$点均为奇点．既然$$F$$为终点，故应当选$$\text{A}$$为起点．,填空,{},"[""拓展思维----组合模块----图论问题----一笔画----一笔画判断""]"
187,一笔画判断,973,"[""拓展思维----组合模块----图论问题----一笔画----一笔画判断""]","[""question_973-image_0""]","下面的图形能否一笔画？（ ）． 
 question_973-image_0","[""A""]",奇点有$$2$$个，所以能一笔画．,单选,"{""A"": ""能"", ""B"": ""不能""}","[""拓展思维----组合模块----图论问题----一笔画----一笔画判断""]"
187,一笔画判断,974,"[""拓展思维----组合模块----图论问题----一笔画----一笔画判断""]","[""question_974-image_0"", ""question_974-image_1"", ""question_974-image_2"", ""question_974-image_3""]","一年有四个季节，以下四幅图分别代表春夏秋冬，小朋友观察一下四幅图中第幅是一笔画成的．
 question_974-image_0 question_974-image_1 question_974-image_2 question_974-image_3","[""A""]",（$$2$$）、（$$3$$）的图形不是连着的，肯定不能一笔画完，第（$$4$$）幅中引出线条条数为单数的点大于$$2$$个，因此也不能一笔画完，只有（$$1$$）可以．,单选,"{""A"": ""（1）"", ""B"": ""（$$2$$）"", ""C"": ""（$$3$$）"", ""D"": ""（$$4$$）""}","[""拓展思维----组合模块----图论问题----一笔画----一笔画判断""]"
187,一笔画判断,975,"[""拓展思维----组合模块----图论问题----一笔画----一笔画判断""]","[""question_975-image_0""]","下面左、右两图中可以一笔画的是（ ）．
 question_975-image_0","[""B""]",左图不连通，右图奇点个数为2，满足．,单选,"{""A"": ""左"", ""B"": ""右"", ""C"": ""都行"", ""D"": ""都不行""}","[""拓展思维----组合模块----图论问题----一笔画----一笔画判断""]"
187,一笔画判断,976,"[""拓展思维----组合模块----图论问题----一笔画----一笔画判断""]","[""analysis_976-image_0"", ""question_976-image_0""]",下图是薇儿新家的平面图．新家有$$6$$个房间，相邻房间有门相通．她想从某个房间出发，不重复地穿过所有的门，那么房间是起点，房间是终点． question_976-image_0,"[""$$E$$"", ""$$F$$""]",原图转化为点线图，如下图所示： analysis_976-image_0 观察到只有$$E$$、$$F$$点均为奇点．所以$$E$$和$$F$$点一个作为起点，一个作为终点．,填空,{},"[""拓展思维----组合模块----图论问题----一笔画----一笔画判断""]"
187,一笔画判断,983,"[""拓展思维----组合模块----图论问题----一笔画----一笔画判断""]","[""question_983-image_0"", ""question_983-image_1"", ""question_983-image_2"", ""question_983-image_3"", ""question_983-image_4""]","下列图形中能不重复地一笔画出的有个．
 question_983-image_0 question_983-image_1 question_983-image_2 question_983-image_3 question_983-image_4","[""$$3$$""]",数奇点的个数．从左至右，图$$1$$有 0个奇点，可以一笔画．图$$2$$有$$2$$个奇点，可以一笔画．图$$3$$有$$4$$个奇点，不可以一笔画，至少两笔画．图$$4$$有$$2$$个奇点，可以一笔画．图$$5$$有$$4$$个奇点，不可以一笔画，至少两笔画．因此共有$$3$$个图形可以一笔画．,填空,{},"[""拓展思维----组合模块----图论问题----一笔画----一笔画判断""]"
187,一笔画判断,1194,"[""拓展思维----组合模块----图论问题----一笔画----一笔画判断""]","[""analysis_1194-image_0"", ""question_1194-image_0""]",如下图所示，两条河流的交汇处有两个岛，有七座桥连接这两个岛及河岸．问：一个散步者（能、不能）一次不重复地走遍这七座桥． question_1194-image_0 ​,"[""能""]",转换成如下图形：可知有两个奇点，所以可以一笔画成． analysis_1194-image_0,填空,{},"[""拓展思维----组合模块----图论问题----一笔画----一笔画判断""]"
187,一笔画判断,1198,"[""拓展思维----组合模块----图论问题----一笔画----一笔画判断""]","[""analysis_1198-image_0"", ""question_1198-image_0""]",如图所示，在一条河的中间有三个小岛，三个小岛之间有$$5$$座桥相互连接．能不能找到一条路线不重复走遍所有的桥． question_1198-image_0,"[""A""]",原图可简化为下图所示的点线图，没有奇点，可以一笔画，因此可以不重复走遍. analysis_1198-image_0,单选,"{""A"": ""能"", ""B"": ""不能""}","[""拓展思维----组合模块----图论问题----一笔画----一笔画判断""]"
187,一笔画判断,1203,"[""拓展思维----组合模块----图论问题----一笔画----一笔画判断""]","[""question_1203-image_0""]","下面图形能否一笔画出来？请选择（ ）.
 question_1203-image_0","[""A""]",图中有两个奇点，只有奇点数量为$$0$$或$$2$$的图形能一笔画，所以答案选$$A$$能一笔画．,单选,"{""A"": ""能"", ""B"": ""不能"", ""C"": ""不确定""}","[""拓展思维----组合模块----图论问题----一笔画----一笔画判断""]"
187,一笔画判断,1367,"[""拓展思维----组合模块----图论问题----一笔画----一笔画判断""]","[""question_1367-image_0""]","判断下列图形能否一笔画
 question_1367-image_0","[""A""]",$2$个奇点，能一笔画,单选,"{""A"": ""能"", ""B"": ""不能""}","[""拓展思维----组合模块----图论问题----一笔画----一笔画判断""]"
187,一笔画判断,1368,"[""拓展思维----组合模块----图论问题----一笔画----一笔画判断""]","[""analysis_1368-image_0"", ""question_1368-image_0""]","如图所示，在一条河的中间有三个小岛，之间有$$5$$座桥相互连接．请判断下面这句话是否正确：能够找到一条路线不重复走遍所有的桥．
 question_1368-image_0","[""A""]","原图可简化为下图所示的点线图，没有奇点，可以一笔画，因此可以不重复走遍.
 analysis_1368-image_0",单选,"{""A"": ""对"", ""B"": ""错""}","[""拓展思维----组合模块----图论问题----一笔画----一笔画判断""]"
187,一笔画判断,2501,"[""拓展思维----组合模块----图论问题----一笔画----一笔画判断""]","[""question_2501-image_0""]","下图（ ）（填“能”或“不能”）一笔画出，若不行在（ ）两点之间直接连接一条线即可使其变为一笔画．
 question_2501-image_0","[""C""]",图中共有$$4$$个奇点，不能一笔画.在奇点之间连线消灭奇点.所以在$$C$$、$$D$$、$$E$$、$$F$$之间任意两点连线均可，所以答案为$$C$$．,单选,"{""A"": ""能"", ""B"": ""不能，$$AB$$"", ""C"": ""不能，$$CD$$"", ""D"": ""不能，$$GH$$""}","[""拓展思维----组合模块----图论问题----一笔画----一笔画判断"", ""拓展思维----组合模块----图论问题----多笔画----多笔画变一笔画""]"
187,一笔画判断,2503,"[""拓展思维----组合模块----图论问题----一笔画----一笔画判断"", ""知识点----组合模块----图论问题----一笔画----一笔画判断""]","[""question_2503-image_1""]",判断下列图形不可以一笔画出的有（ ）．,"[""C""]",A、$$B$$、$$D$$图有两个奇点，可以一笔画出，其中一个奇点进，另一个奇点出．$$C$$图有$$4$$个奇点，需要$$2$$笔画出．,单选,"{""A"": "" question_2503-image_1"", ""B"": "" question_2503-image_1"", ""C"": "" question_2503-image_1"", ""D"": "" question_2503-image_1""}","[""拓展思维----组合模块----图论问题----一笔画----一笔画判断"", ""知识点----组合模块----图论问题----一笔画----一笔画判断""]"
187,一笔画判断,2516,"[""拓展思维----组合模块----图论问题----一笔画----一笔画判断""]","[""question_2516-image_0""]","下图能够一笔画出的有（ 　）．
 question_2516-image_0","[""C""]",第$$1$$个图有$$0$$个奇点，第$$2$$个图有$$2$$个奇点，第$$3$$个图有$$4$$个奇点，第$$4$$个图有$$2$$个奇点，只有奇点为$$0$$或者$$2$$才能一笔画出来，故第$$1$$个和第$$2$$个，第$$4$$个都可以一笔画出来．,单选,"{""A"": ""$$1$$个"", ""B"": ""$$2$$个"", ""C"": ""$$3$$个"", ""D"": ""$$4$$个""}","[""拓展思维----组合模块----图论问题----一笔画----一笔画判断""]"
187,一笔画判断,2710,"[""拓展思维----组合模块----图论问题----一笔画----一笔画判断""]","[""question_2710-image_0""]","下面图形中不能一笔画出的是图．
 question_2710-image_0","[""C""]","图$$1$$能，因为图中$$2$$个奇点；
图$$2$$能，因为图中全是偶点；
图$$3$$不能，因为有$$4$$个奇点．",单选,"{""A"": ""图1"", ""B"": ""图2"", ""C"": ""图3""}","[""拓展思维----组合模块----图论问题----一笔画----一笔画判断""]"
187,一笔画判断,3020,"[""拓展思维----组合模块----图论问题----一笔画----一笔画判断""]","[""question_3020-image_0""]","观察下图，它一笔画成．
 question_3020-image_0","[""B""]",图中有$$4$$个奇点，不能一笔画成，所以选$$B$$．,单选,"{""A"": ""能"", ""B"": ""不能""}","[""拓展思维----组合模块----图论问题----一笔画----一笔画判断""]"
187,一笔画判断,3362,"[""拓展思维----组合模块----图论问题----一笔画----一笔画判断""]","[""analysis_3362-image_0"", ""question_3362-image_0""]",右图是某展览馆的平面图，一个参观者能否不重复地穿过每一扇门？如果不能，请说明理由．如果能，应从哪开始走？ question_3362-image_0,"[""A""]",转换成如下图形：可知有两个奇点，所以可以一笔画成．从$$A$$ 或者$$D$$点出发． analysis_3362-image_0,单选,"{""A"": ""能"", ""B"": ""不能""}","[""拓展思维----组合模块----图论问题----一笔画----一笔画判断""]"
187,一笔画判断,3388,"[""拓展思维----组合模块----图论问题----一笔画----一笔画判断""]","[""question_3388-image_0""]","下图能否一笔画成． （ ）
 question_3388-image_0","[""A""]",$$2$$个奇点能一笔画成．,单选,"{""A"": ""能"", ""B"": ""不能""}","[""拓展思维----组合模块----图论问题----一笔画----一笔画判断""]"
187,一笔画判断,3456,"[""拓展思维----组合模块----图论问题----一笔画----一笔画判断""]","[""analysis_3456-image_0"", ""question_3456-image_1""]",一笔画图形是指从图的一点出发，笔不离纸，不重复，一笔能画成的图形．下图中哪个图形能够一笔画成（ ）.,"[""A""]","如下图，$$A$$选项的图形没有奇点，可以一笔画出；$$B$$选项的图形圈出来的为奇点，有$$2$$个，但不是封闭图形，不能一笔画出.
 analysis_3456-image_0",单选,"{""A"": "" question_3456-image_1"", ""B"": "" question_3456-image_1""}","[""拓展思维----组合模块----图论问题----一笔画----一笔画判断""]"
187,一笔画判断,3457,"[""拓展思维----组合模块----图论问题----一笔画----一笔画判断""]","[""question_3457-image_0"", ""question_3457-image_1"", ""question_3457-image_2""]","下列图形不能一笔画的是（ ）．
 question_3457-image_0 question_3457-image_1 question_3457-image_2","[""C""]",①②可以，③不可以．①有$$2$$个单数点，可以一笔画成；②有$$0$$个单数点，可以一笔画成；③有$$4$$个单数点，不能一笔画成．,单选,"{""A"": ""①"", ""B"": ""②"", ""C"": ""③"", ""D"": ""都不可以一笔画""}","[""拓展思维----组合模块----图论问题----一笔画----一笔画判断""]"
187,一笔画判断,3458,"[""拓展思维----组合模块----图论问题----一笔画----一笔画判断""]","[""question_3458-image_0""]","判断下列图形能否一笔画
 question_3458-image_0","[""B""]",$4$个奇点，不能一笔画.,单选,"{""A"": ""能"", ""B"": ""不能""}","[""拓展思维----组合模块----图论问题----一笔画----一笔画判断""]"
187,一笔画判断,3472,"[""拓展思维----组合模块----图论问题----一笔画----一笔画判断""]","[""question_3472-image_0"", ""question_3472-image_1""]","下面的图形能否一笔画出？
 question_3472-image_0 question_3472-image_1","[""A""]",数奇点个数，图$$\left( 1 \right)$$奇点有$$2$$个，图$$\left( 2 \right)$$奇点有$$0$$个，根据欧拉定理，可以一笔画出．,单选,"{""A"": ""都能"", ""B"": ""都不能"", ""C"": ""图$$\\left( 1 \\right)$$能，图$$\\left( 2 \\right)$$不能"", ""D"": ""图$$\\left( 2 \\right)$$能，图$$\\left( 1 \\right)$$不能""}","[""拓展思维----组合模块----图论问题----一笔画----一笔画判断""]"
187,一笔画判断,3565,"[""拓展思维----组合模块----图论问题----一笔画----一笔画判断""]","[""question_3565-image_0""]","下图能不能一笔画成（ ）．
 question_3565-image_0","[""A""]",有两个奇点可以一笔画成．,单选,"{""A"": ""能"", ""B"": ""不能"", ""C"": ""无法判断""}","[""拓展思维----组合模块----图论问题----一笔画----一笔画判断""]"
187,一笔画判断,3751,"[""拓展思维----组合模块----图论问题----一笔画----一笔画判断""]","[""question_3751-image_0""]",下图能够一笔画出的有（ ）． question_3751-image_0,"[""C""]",第$$1$$个图有$$0$$个奇点，第$$2$$个图有$$2$$个奇点，第$$3$$个图有$$4$$个奇点，第$$4$$个图有$$2$$个奇点，只有奇点为$$0$$或者$$2$$才能一笔画出来，故第$$1$$个和第$$2$$个，第$$4$$个都可以一笔画出来．,单选,"{""A"": ""$$1$$个"", ""B"": ""$$2$$个"", ""C"": ""$$3$$个"", ""D"": ""$$4$$个""}","[""拓展思维----组合模块----图论问题----一笔画----一笔画判断""]"
187,一笔画判断,3752,"[""拓展思维----组合模块----图论问题----一笔画----一笔画判断""]","[""question_3752-image_0""]",下图不能一笔画成，在（ ）两点之间添加一条线后可以使之变成一笔画图形． question_3752-image_0,"[""B""]",图形中一共有$$A$$、$$B$$、$$C$$、$$D$$四个奇点，为了将原图变成一笔画图形，至少需要消灭其中的两个奇点；四个选项中，仅$$\text{B}$$符合．,单选,"{""A"": ""$$A$$、$$E$$"", ""B"": ""$$B$$、$$C$$"", ""C"": ""$$C$$、$$E$$"", ""D"": ""$$D$$、$$E$$""}","[""拓展思维----组合模块----图论问题----一笔画----一笔画判断""]"
187,一笔画判断,3754,"[""拓展思维----组合模块----图论问题----一笔画----一笔画判断""]","[""analysis_3754-image_0"", ""question_3754-image_0""]",下图是博物馆的平面图．博物馆有$$6$$个展览厅，每两个展览厅之间有门相通．小马想从某个房间出发，不重复地穿过所有的门走到$$F$$房间．那么，他出发的房间是房间． question_3754-image_0,"[""A""]",原图转化为点线图，如下图所示： analysis_3754-image_0 观察到只有$$A$$、$$F$$点均为奇点．既然$$F$$为终点，故应当选$$\text{A}$$为起点．,填空,{},"[""拓展思维----组合模块----图论问题----一笔画----一笔画判断""]"
187,一笔画判断,4363,"[""拓展思维----组合模块----图论问题----一笔画----一笔画判断""]","[""analysis_4363-image_0"", ""question_4363-image_0""]",如下图所示，两条河流的交汇处有两个岛，有七座桥连接这两个岛及河岸．问：一个散步者能否一次不重复地走遍这七座桥？ question_4363-image_0,"[""A""]",转换成如下图形：可知有两个奇点，所以可以一笔画成． analysis_4363-image_0,单选,"{""A"": ""能"", ""B"": ""不能""}","[""拓展思维----组合模块----图论问题----一笔画----一笔画判断""]"
187,一笔画判断,4583,"[""拓展思维----组合模块----图论问题----一笔画----一笔画判断""]","[""analysis_4583-image_0"", ""analysis_4583-image_1"", ""analysis_4583-image_2"", ""analysis_4583-image_3"", ""question_4583-image_0""]",下面$$4$$个字母，有个能一笔写出来． question_4583-image_0,"[""$$3$$""]",有两个奇点，一个偶点，可以一笔画，须由$$A$$开始或由$$B$$开始到$$B$$结束或到$$A$$结束． analysis_4583-image_0 有两个奇点，三个偶点，可以一笔画，须由$$A$$开始或由$$B$$开始到$$B$$结束或到$$A$$结束． analysis_4583-image_1 有四个奇点，一个偶点，不可以一笔画， analysis_4583-image_2 有$$0$$个奇点，三个偶点，可以一笔画，且可以从任意一点画起． analysis_4583-image_3,填空,{},"[""拓展思维----组合模块----图论问题----一笔画----一笔画判断""]"
187,一笔画判断,4584,"[""拓展思维----组合模块----图论问题----一笔画----一笔画判断""]","[""analysis_4584-image_0"", ""analysis_4584-image_1"", ""analysis_4584-image_2"", ""analysis_4584-image_3"", ""question_4584-image_0""]",下面这$$4$$个字，第个能一笔写出来． question_4584-image_0,"[""$$4$$""]",有四个奇点，六个偶点，不可以一笔画， analysis_4584-image_0 有四个奇点，两个偶点，不可以一笔画， analysis_4584-image_1 有六个奇点，四个偶点，不可以一笔画， analysis_4584-image_2 有二个奇点，五个偶点，可以一笔画，须由$$A$$开始或由$$B$$开始到$$B$$结束或到$$A$$结束． analysis_4584-image_3,填空,{},"[""拓展思维----组合模块----图论问题----一笔画----一笔画判断""]"
187,一笔画判断,4587,"[""拓展思维----组合模块----图论问题----一笔画----一笔画判断""]","[""question_4587-image_0""]",下图（ ）（填“能”或“不能”）一笔画出，若不行在（ ）两点之间直接连接一条线即可使其变为一笔画． question_4587-image_0,"[""C""]",图中共有$$4$$个奇点，不能一笔画．在奇点之间连线消灭奇点．所以在$$C$$、$$D$$、$$E$$、$$F$$之间任意两点连线均可，所以答案为$$C$$．,单选,"{""A"": ""能"", ""B"": ""不能，$$AB$$"", ""C"": ""不能，$$ED$$"", ""D"": ""不能，$$GH$$""}","[""拓展思维----组合模块----图论问题----一笔画----一笔画判断"", ""拓展思维----组合模块----图论问题----多笔画----多笔画变一笔画""]"
187,一笔画判断,4676,"[""拓展思维----组合模块----图论问题----一笔画----一笔画判断""]","[""analysis_4676-image_0"", ""question_4676-image_0""]",下图是某博物馆的平面图，有$$6$$个房间，相邻两个房间之间都有门相通，艾迪想要从某一个房间出发，一次不重复地穿过所有的门到达另一个房间，他能做的到吗？ question_4676-image_0,"[""B""]",把每个房间看作一个点，两房间之间有门相通，可以看作两点之间有线相连．这样，博物馆的平面图就转化成点线图，一个实际问题也就转化为这个图能否一笔画成的问题了，即能否从某点出发，一笔画完此图． analysis_4676-image_0 观察点线图，发现只有每个点都是奇点，无法一笔画成.,单选,"{""A"": ""能"", ""B"": ""不能"", ""C"": ""无法确定""}","[""拓展思维----组合模块----图论问题----一笔画----一笔画判断""]"
187,一笔画判断,5017,"[""拓展思维----组合模块----图论问题----一笔画----一笔画判断""]","[""analysis_5017-image_0"", ""question_5017-image_0""]","依次动手试一试，下面这些图形中能一笔(笔不离纸且线不重复、允许线与线有交点)画出的有．
 question_5017-image_0","[""①、②、⑤、⑥""]","尝试后可知一笔画成的仅有$$1$$、$$2$$、$$5$$、$$6$$，$$3$$、$$4$$不是连通图，$$7$$、$$8$$、$$9$$不满足一笔画．
 analysis_5017-image_0",填空,{},"[""拓展思维----组合模块----图论问题----一笔画----一笔画判断""]"
187,一笔画判断,5068,"[""拓展思维----组合模块----图论问题----一笔画----一笔画判断""]","[""analysis_5068-image_0"", ""question_5068-image_0""]",下图是薇儿新家的平面图．新家有$$6$$个房间，相邻房间有门相通．她想从某个房间出发，不重复地穿过所有的门，那么房间是起点，房间是终点． question_5068-image_0,"[""E或F"", ""F或E""]",原图转化为点线图，如下图所示： analysis_5068-image_0 观察到只有$$E$$、$$F$$点均为奇点．所以$$E$$和$$F$$点一个作为起点，一个作为终点．,填空,{},"[""拓展思维----组合模块----图论问题----一笔画----一笔画判断""]"
187,一笔画判断,5228,"[""拓展思维----组合模块----图论问题----一笔画----一笔画判断""]","[""analysis_5228-image_0"", ""question_5228-image_0""]",下面的图形有个奇点？（写出能否一笔画出） question_5228-image_0,"[""$$0$$""]",$$（1）$$中有$$2$$个点发出线的条数是奇数．因此有$$2$$个奇点，是一笔画图形．$$（2）$$中所有点发出线的条数都是偶数，因此有$$0$$个奇点，是一笔画图形． analysis_5228-image_0,填空,{},"[""拓展思维----组合模块----图论问题----一笔画----一笔画判断""]"
187,一笔画判断,5613,"[""拓展思维----组合模块----图论问题----一笔画----一笔画判断""]","[""question_5613-image_0""]","下面图形可以一笔画吗，如果不能，那么最少可以几笔画出？
 question_5613-image_0","[""B""]",图中有四个奇点，不能一笔画成，最少需要两笔画成.,单选,"{""A"": ""能"", ""B"": ""不能，最少两笔画成"", ""C"": ""不能，最少三笔画成"", ""D"": ""不能，最少四笔画成""}","[""拓展思维----组合模块----图论问题----一笔画----一笔画判断""]"
187,一笔画判断,6066,"[""拓展思维----组合模块----图论问题----一笔画----一笔画判断""]",[],判断下面各图，能够一笔画出的有个．,"[""C""]",奇点的个数与笔画数的关系可列如下表，发现：最少笔画数$$=$$奇点数$$\div 2$$图①②③④⑤⑥奇点数$$2$$$$0$$$$8$$$$2$$$$12$$$$0$$最少笔画数$$1$$$$1$$$$4$$$$1$$$$6$$$$1$$,单选,"{""A"": ""$$6$$"", ""B"": ""$$5$$"", ""C"": ""$$4$$"", ""D"": ""$$3$$""}","[""拓展思维----组合模块----图论问题----一笔画----一笔画判断""]"
187,一笔画判断,6482,"[""拓展思维----组合模块----图论问题----一笔画----一笔画判断""]","[""question_6482-image_0"", ""question_6482-image_1""]","判断下列图形不可以一笔画出的有（ ）．
 question_6482-image_0","[""C""]",A、B、D图有两个奇点，可以一笔画出，其中一个奇点进，另一个奇点出．C图有4个奇点，需要2笔画出．,单选,"{""A"": "" question_6482-image_1"", ""B"": "" question_6482-image_1"", ""C"": "" question_6482-image_1"", ""D"": "" question_6482-image_1""}","[""拓展思维----组合模块----图论问题----一笔画----一笔画判断""]"
187,一笔画判断,7036,"[""拓展思维----组合模块----图论问题----一笔画----一笔画判断""]","[""question_7036-image_0""]","下图不能一笔画成，在（ ）两点之间添加一条线后可以使之变成一笔画图形．
 question_7036-image_0","[""B""]","图形中一共有$$A$$、$$B$$、$$C$$、$$D$$四个奇点，
为了将原图变成一笔画图形，至少需要消灭其中的两个奇点；
四个选项中，仅$$\text{B}$$符合．",单选,"{""A"": ""$$A$$、$$E$$"", ""B"": ""$$B$$、$$C$$"", ""C"": ""$$C$$、$$E$$"", ""D"": ""$$D$$、$$E$$""}","[""拓展思维----组合模块----图论问题----一笔画----一笔画判断""]"
187,一笔画判断,7575,"[""拓展思维----组合模块----图论问题----一笔画----一笔画判断"", ""知识点----组合模块----图论问题----一笔画----一笔画判断""]","[""question_7575-image_0""]",依次动手试一试，下面这些图形中能一笔（笔不离纸且线不重复、允许线与线有交点）画出的有． question_7575-image_0,"[""①、③""]",①有$$0$$个奇点，③有$$2$$个奇点，都可以一笔画②不是连通图，④有$$4$$个奇点，需要$$2$$笔,填空,{},"[""拓展思维----组合模块----图论问题----一笔画----一笔画判断"", ""知识点----组合模块----图论问题----一笔画----一笔画判断""]"
229,火柴棒摆数,461,"[""拓展思维----组合模块----智巧趣题----数学趣题----火柴棒问题----火柴棒摆数""]","[""question_461-image_0""]",我们可以用火柴棒摆出数字$$0\sim 9$$．如果给你$$19$$根火柴棒（全部用完），能摆成的最大的数是，能摆成的最小的数是． question_461-image_0,"[""$$711111111$$"", ""$$288$$""]",1）想摆成最大的数，先考虑位数多，想让位数多，每个数字用的火柴棒要少，通过每个数字所需火柴棒根数，可知用火柴棒最少的数字是“$$1$$”，正好$$19$$根火柴棒可以摆出$$8$$个数字$$1$$，和$$1$$个数字$$7$$，所以最大是$$711111111$$．2）想摆成最小的数，先考虑位数少，想让位数少，每个数字用的火柴棒要多，通过每个数字所需火柴棒根数，可知用火柴棒最多的数字是“$$8$$”，用了$$7$$根火柴棒，$$3\times 7$$比$$20$$大，考虑摆三位数：$$19=7+7+5$$可以摆出两个数字$$8$$和$$2/3/5$$中的一个，高位尽量小，最小是$$288$$；$$19=7+6+6$$可以摆出$$8$$和$$0/6/9$$中的两个，高位尽量小，最小是$$608$$，还是$$288$$更小.,填空,{},"[""拓展思维----组合模块----智巧趣题----数学趣题----火柴棒问题----火柴棒摆数""]"
229,火柴棒摆数,1789,"[""拓展思维----组合模块----智巧趣题----数学趣题----火柴棒问题----火柴棒摆数""]","[""question_1789-image_0""]",下边是火柴棒摆成数字的所有情况，请你用火柴棒组成一个数，如果这个数比它所需要火柴棒的根数多$$361$$，那么这个数是？（例如：摆成$$18$$需要用$$9$$根火柴棒，$$18-9=9$$，所以$$18$$比它用到的火柴棒的根数多了$$9$$） question_1789-image_0,"[""$$371$$""]",首先根据根数多$$361$$可知，这个数要比$$361$$大．而$$3$$位数最多使用$$21$$根火柴棍，所以可知这个数最大为$$382$$，可以确定这个数的百位为$$3$$．剩余$$2$$个数位最多使用$$14$$根火柴棍，加$$3$$使用的$$5$$根，这个数最大为$$361+5+14=380$$，可验证$$380$$不符合题意．再根据这个数要比$$361$$大，加上使用的根数后可确定这个数的十位为$$7$$，经尝试为$$371$$．,填空,{},"[""拓展思维----组合模块----智巧趣题----数学趣题----火柴棒问题----火柴棒摆数""]"
229,火柴棒摆数,1792,"[""拓展思维----组合模块----智巧趣题----数学趣题----火柴棒问题----火柴棒摆数""]","[""question_1792-image_0"", ""question_1792-image_1""]","用火柴棒可以摆出所有数字，每个数字的摆法如下图所示：
 question_1792-image_0 
健健按照这种规则用$$37$$根火柴棒摆出了$$20161203$$（如下图），之后健健把其中一个数字的火柴棒在原位置摆成了另一个数字（火柴棒全部使用），那么形成的新的八位数有种．
 question_1792-image_1","[""$$12$$""]","数字$$0$$有$$6$$根；数字$$1$$有$$2$$根；数字$$2$$有$$5$$根；数字$$3$$有$$5$$根；数字$$4$$有$$4$$根；数字$$5$$有$$5$$根；数字$$6$$有$$6$$根；数字$$7$$有$$3$$根；数字$$8$$有$$7$$根；数字$$9$$有$$6$$根．
故数字$$0,6,9$$可互换，$$2,3,5$$可互换．
共$$2+2+2+2+2+2=12$$（种）．",填空,{},"[""拓展思维----组合模块----智巧趣题----数学趣题----火柴棒问题----火柴棒摆数""]"
229,火柴棒摆数,1793,"[""拓展思维----组合模块----智巧趣题----数学趣题----火柴棒问题----火柴棒摆数""]","[""question_1793-image_0""]",用$$18$$根火柴棒（恰好用完），能摆成的数最大是？最小是？ question_1793-image_0,"[""$$111111111$$"", ""$$208$$""]",最大：数位尽可能多，$$12=2\times9$$，$$18$$根火柴棒摆成最大的数是$$111111111$$；最小：数位尽可能少，$$18=7+7+4$$，可以对应摆成数字“$$8$$”、“$$8$$”、“$$4$$”；$$18=7+6+5$$，可以对应摆成数字“$$8$$”、“$$0/6/9$$”、“$$2/3/5$$”；$$18=6+6+6$$，可以对应摆成数字“$$0/6/9$$”.$$18$$根火柴棒摆成最小的数是$$208$$,填空,{},"[""拓展思维----组合模块----智巧趣题----数学趣题----火柴棒问题----火柴棒摆数""]"
229,火柴棒摆数,1794,"[""拓展思维----组合模块----智巧趣题----数学趣题----火柴棒问题----火柴棒摆数""]","[""question_1794-image_0""]",用$$11$$根火柴棒（恰好用完），能摆成的各位数字互不相同的数最大是，最小是. question_1794-image_0,"[""$$971$$"", ""$$20$$""]",最大：数位尽可能多，$$11=2+3+6$$，可以对应摆成数字“$$1$$”、“$$7$$”、“$$0/6/9$$”中的一个，$$11$$根火柴棒摆成最大的数是$$971$$；最小：数位尽可能少，$$11=7+4$$，可以对应摆成数字“$$8$$”、“$$4$$”，$$11=6+5$$，可以对应摆成数字“$$0/6/9$$”中一个和“$$2/3/5$$”中一个$$11$$根火柴棒摆成最小的数为$$20$$．,填空,{},"[""拓展思维----组合模块----智巧趣题----数学趣题----火柴棒问题----火柴棒摆数""]"
229,火柴棒摆数,1845,"[""拓展思维----组合模块----智巧趣题----数学趣题----火柴棒问题----火柴棒摆数""]","[""question_1845-image_0""]",我们可以用火柴棒摆出数字$$0\sim 9$$．请问，摆出的数字中，使用火柴棒数量最多的是． question_1845-image_0,"[""$$8$$""]",8用了$$7$$根,填空,{},"[""拓展思维----组合模块----智巧趣题----数学趣题----火柴棒问题----火柴棒摆数""]"
229,火柴棒摆数,1997,"[""拓展思维----组合模块----智巧趣题----数学趣题----火柴棒问题----火柴棒摆数""]","[""question_1997-image_0""]",现在有$$14$$根火柴棒，用来摆数，恰好全部用完$$.$$ 能摆成的三位数最大是，能摆成的三位数最小是． question_1997-image_0,"[""$$991$$"", ""$$100$$""]",最大高位尽量选$$9$$：$$14=6+6+2$$，最大三位数为$$991$$；最小首位尽量选$$1$$，剩下的尽量选$$0$$：$$14=2+6+6$$，最小三位数为$$100$$．可采用列表分析，配合枚举：$$~~~~~~~~~~~~$$百位 十位 个位最大： 9 9 1根数： 6 6 2$$~~~~~~~~~~~~$$百位 十位 个位最小： 1 0 0根数： 2 6 6,填空,{},"[""拓展思维----组合模块----智巧趣题----数学趣题----火柴棒问题----火柴棒摆数""]"
229,火柴棒摆数,1998,"[""拓展思维----组合模块----智巧趣题----数学趣题----火柴棒问题----火柴棒摆数""]","[""question_1998-image_0""]",现在有$$12$$根火柴棒，用来摆数，恰好全部用完$$.$$ 能摆成的三位数最大是，能摆成的三位数最小是． question_1998-image_0,"[""$$977$$"", ""$$104$$""]",最大高位尽量选$$9$$：$$12=6+3+3$$，最大三位数为$$977$$；最小首位尽量选$$1$$，剩下的尽量选$$0$$：$$14=2+6+4$$，最小三位数为$$104$$．$$~~~~~~~~~~~~$$百位 十位 个位最大： 9 7 7根数： 6 3 3$$~~~~~~~~~~~~$$百位 十位 个位最小： 1 0 4根数： 2 6 4,填空,{},"[""拓展思维----组合模块----智巧趣题----数学趣题----火柴棒问题----火柴棒摆数""]"
229,火柴棒摆数,1999,"[""拓展思维----组合模块----智巧趣题----数学趣题----火柴棒问题----火柴棒摆数""]","[""question_1999-image_0""]",用$$19$$根火柴棒（全部用完），能摆成的各位数字互不相同的数最大，最小是． question_1999-image_0,"[""$$75431$$"", ""$$608$$""]",最大：数位尽可能多，$$19=2+3+4+5+5$$，可以对应摆成数字“$$1$$”、“$$7$$”、“$$4$$”、“$$2/3/5$$”中的两个，所以$$19$$根火柴棒摆成最大的数是$$75431$$；最小：数位尽可能少，$$19=7+6+6$$，可以对应摆成数字“$$8$$”、“$$0/6/9$$”中的两个，所以$$19$$根火柴棒摆成最小的数为$$608$$．,填空,{},"[""拓展思维----组合模块----智巧趣题----数学趣题----火柴棒问题----火柴棒摆数""]"
229,火柴棒摆数,2001,"[""拓展思维----组合模块----智巧趣题----数学趣题----火柴棒问题----火柴棒摆数""]","[""question_2001-image_0""]",我们可以用火柴棒摆出数字$$0\sim 9$$．如果给你$$11$$根火柴棒，恰好全部用完： question_2001-image_0 （1）能摆成的最大的三位数是？,"[""$$971$$""]",$$11$$根火柴棒要想摆成最大的三位数，首先考虑数的首位最大，首位最大就是“$$9$$”，用了$$6$$根火柴棒，接下来再考虑十位最大，还是$$9$$，但是火柴棒不够，所以考虑需要火柴棒根数少的数字，为了个位上还能有火柴棒摆数字，最少要留两根，所以十位上尽量大只能是用三根火柴棒的“$$7$$”，进而个位上只能是“$$1$$”，所以$$11$$根火柴棒能摆成的最大的三位数是$$971$$．,填空,{},"[""拓展思维----组合模块----智巧趣题----数学趣题----火柴棒问题----火柴棒摆数""]"
229,火柴棒摆数,2002,"[""拓展思维----组合模块----智巧趣题----数学趣题----火柴棒问题----火柴棒摆数""]","[""question_2002-image_0""]",我们可以用火柴棒摆出数字$$0\sim 9$$．如果给你$$11$$根火柴棒，恰好全部用完： question_2002-image_0 （2）能摆成的最小的三位数是？,"[""$$107$$""]",$$11$$根火柴棒要想摆成最小的三位数，首先考虑首位最小，首位最小就是“$$1$$”，用了$$2$$根火柴棒，接下来再考虑十位最小可以是“$$0$$”，用了$$6$$根火柴棒，最后还剩$$3$$根火柴棒，所以个位只能是“$$7$$”．所以$$11$$根火柴棒能摆成的最小的三位数是$$107$$．,填空,{},"[""拓展思维----组合模块----智巧趣题----数学趣题----火柴棒问题----火柴棒摆数""]"
229,火柴棒摆数,2003,"[""拓展思维----组合模块----智巧趣题----数学趣题----火柴棒问题----火柴棒摆数""]","[""question_2003-image_0""]",用$$10$$根火柴棒（全部用完），能摆成的各位数字互不相同的数最小是． question_2003-image_0,"[""$$23$$""]",最小：数位尽可能少，只能拆两位，而且尽量首位放$$1$$，十位尽量放$$0$$，$$10=3+7=4+6=5+5$$，此时摆成最小的数为$$23$$．,填空,{},"[""拓展思维----组合模块----智巧趣题----数学趣题----火柴棒问题----火柴棒摆数""]"
229,火柴棒摆数,2004,"[""拓展思维----组合模块----智巧趣题----数学趣题----火柴棒问题----火柴棒摆数""]","[""question_2004-image_0""]",我们可以用火柴棒摆出数字$$0\sim 9$$．如果给你$$10$$根火柴棒（全部用完），能摆成的最大的数是，能摆成的最小的数是． question_2004-image_0,"[""$$11111$$"", ""$$22$$""]",想摆成最大的数，先考虑位数多，想让位数多，每个数字用的火柴棒要少，通过每个数字所需火柴棒根数，可知用火柴棒最少的数字是“$$1$$”，正好$$10$$根火柴棒可以摆出$$5$$个数字$$1$$，所以最大是$$11111$$．想摆成最小的数，先考虑位数少，想让位数少，每个数字用的火柴棒要多，通过分析每个数字所需火柴棒根数，此时最小是$$22$$,填空,{},"[""拓展思维----组合模块----智巧趣题----数学趣题----火柴棒问题----火柴棒摆数""]"
229,火柴棒摆数,3708,"[""拓展思维----组合模块----智巧趣题----数学趣题----火柴棒问题----火柴棒摆数""]","[""question_3708-image_0""]",用$$12$$根火柴棒（恰好用完），能摆成的数最大是. 最小是. question_3708-image_0,"[""$$111111$$"", ""$$28$$""]",最大：数位尽可能多，$$12=2+2+2+2+2+2$$，可以对应摆成数字“$$1$$”，所以$$12$$根火柴棒摆成最大的数是$$111111$$．最小：数位尽可能少，$$12=7+5$$，可以对应摆成数字“$$8$$”、“$$2$$/$$3$$/$$5$$”中的一个，$$12=6+6$$，可以对应摆成数字“$$0/6/9$$”中的两个，所以$$12$$根火柴棒摆成最小的数为$$28$$．,填空,{},"[""拓展思维----组合模块----智巧趣题----数学趣题----火柴棒问题----火柴棒摆数""]"
229,火柴棒摆数,3709,"[""拓展思维----组合模块----智巧趣题----数学趣题----火柴棒问题----火柴棒摆数""]","[""question_3709-image_0""]",现在有$$16$$根火柴棒，用来摆数，恰好全部用完，能摆成的三位数最大是. 能摆成的三位数最小是. question_3709-image_0,"[""$$994$$"", ""$$188$$""]",最大首位优先选$$9$$：$$16=6+6+4$$，最大三位数为$$994$$，最小首位优先选$$1$$：$$16=2+7+7$$，最小三位数为$$188$$．,填空,{},"[""拓展思维----组合模块----智巧趣题----数学趣题----火柴棒问题----火柴棒摆数""]"
229,火柴棒摆数,4175,"[""拓展思维----组合模块----智巧趣题----数学趣题----火柴棒问题----火柴棒摆数""]","[""question_4175-image_0""]",现在有$$14$$根火柴棒，用来摆数，恰好全部用完$$.$$ 能摆成的三位数最大是，能摆成的三位数最小是. question_4175-image_0,"[""$$991$$"", ""$$100$$""]",最大高位尽量选$$9$$：$$14=6+6+2$$，最大三位数为$$991$$；最小首位尽量选$$1$$，剩下的尽量选$$0$$：$$14=2+6+6$$，最小三位数为$$100$$．可采用列表分析，配合枚举：$$~~~~~~~~~~~~$$百位 十位 个位最大： 9 9 1根数： 6 6 2$$~~~~~~~~~~~~$$百位 十位 个位最小： 1 0 0根数： 2 6 6,填空,{},"[""拓展思维----组合模块----智巧趣题----数学趣题----火柴棒问题----火柴棒摆数""]"
229,火柴棒摆数,4176,"[""拓展思维----组合模块----智巧趣题----数学趣题----火柴棒问题----火柴棒摆数""]","[""question_4176-image_0""]",我们可以用火柴棒摆出下面的数字$$0\sim 9$$．如果给你$$6$$根火柴棒（$$6$$根全部用上），那么能摆出个不同的数. question_4176-image_0,"[""$$7$$""]",用$$6$$根火柴棒摆一位数，有$$3$$种．用$$6$$根火柴棒摆两位数，每个数位上的数字所用火柴棒根数有以下$$2$$种情况：$$2+4$$，$$3+3$$；$$2+4$$组成的两位数有$$14$$、$$41$$；$$3+3$$组成的两位数有$$77$$所以一共可以组成$$3$$个两位数．用$$6$$根火柴棒摆三位数，只有$$111$$这一个.一共$$3+3+1=7$$（个）,填空,{},"[""拓展思维----组合模块----智巧趣题----数学趣题----火柴棒问题----火柴棒摆数""]"
229,火柴棒摆数,4177,"[""拓展思维----组合模块----智巧趣题----数学趣题----火柴棒问题----火柴棒摆数""]","[""question_4177-image_0""]",下图是用火柴棒摆出的数字．用$$13$$根火柴棒摆出的最大的各个数位互不相同的数是；最小的各个数位互不相同的数是． question_4177-image_0,"[""$$974$$"", ""$$68$$""]",想要数大，先让位数多，再从高位到低位逐位变小．由于各个数位互不相同，最多三位数，$$13=2+5+6=2+4+7=3+4+6=3+5+5$$，最大的各个数位互不相同的数是$$974$$．想要数小，先让位数少，再从高位到低位逐位变大．由于各个数位互不相同，最少两位数，$$13=7+6$$，最小的各个数位互不相同的数是$$68 $$．,填空,{},"[""拓展思维----组合模块----智巧趣题----数学趣题----火柴棒问题----火柴棒摆数""]"
229,火柴棒摆数,4179,"[""拓展思维----组合模块----智巧趣题----数学趣题----火柴棒问题----火柴棒摆数""]","[""question_4179-image_0""]",我们可以用火柴棒摆出数字$$0\sim 9$$．如果给你$$11$$根火柴棒，恰好全部用完： question_4179-image_0 (1)能摆成的最大的三位数是.(2)能摆成的最小的三位数是.,"[""$$971$$"", ""$$107$$""]",(1)$$11$$根火柴棒要想摆成最大的三位数，首先考虑数的首位最大，首位最大就是“$$9$$”，用了$$6$$根火柴棒，接下来再考虑十位最大，还是$$9$$，但是火柴棒不够，所以考虑需要火柴棒根数少的数字，为了个位上还能有火柴棒摆数字，最少要留两根，所以十位上尽量大只能是用三根火柴棒的“$$7$$”，进而个位上只能是“$$1$$”，所以$$11$$根火柴棒能摆成的最大的三位数是$$971$$．(2)$$11$$根火柴棒要想摆成最小的三位数，首先考虑首位最小，首位最小就是“$$1$$”，用了$$2$$根火柴棒，接下来再考虑十位最小可以是“$$0$$”，用了$$6$$根火柴棒，最后还剩$$3$$根火柴棒，所以个位只能是“$$7$$”．所以$$11$$根火柴棒能摆成的最小的三位数是$$107$$．,填空,{},"[""拓展思维----组合模块----智巧趣题----数学趣题----火柴棒问题----火柴棒摆数""]"
229,火柴棒摆数,4999,"[""拓展思维----组合模块----智巧趣题----数学趣题----火柴棒问题----火柴棒摆数""]","[""question_4999-image_0""]",现在有$$12$$根火柴棒，用来摆数，恰好全部用完$$.$$ 能摆成的三位数最大是，能摆成的三位数最小是. question_4999-image_0,"[""$$977$$"", ""$$104$$""]",最大高位尽量选$$9$$：$$12=6+3+3$$，最大三位数为$$977$$；最小首位尽量选$$1$$，剩下的尽量选$$0$$：$$14=2+6+4$$，最小三位数为$$104$$．$$~~~~~~~~~~~~$$百位 十位 个位最大： 9 7 7根数： 6 3 3$$~~~~~~~~~~~~$$百位 十位 个位最小： 1 0 4根数： 2 6 4,填空,{},"[""拓展思维----组合模块----智巧趣题----数学趣题----火柴棒问题----火柴棒摆数""]"
229,火柴棒摆数,5000,"[""拓展思维----组合模块----智巧趣题----数学趣题----火柴棒问题----火柴棒摆数""]","[""question_5000-image_0""]",我们可以用火柴棒摆出数字$$0\sim 9$$．（2）如果给你$$19$$根火柴棒（全部用完），能摆成的最大的数是，能摆成的最小的数是. question_5000-image_0,"[""$$711111111$$"", ""$$288$$""]",1）想摆成最大的数，先考虑位数多，想让位数多，每个数字用的火柴棒要少，通过每个数字所需火柴棒根数，可知用火柴棒最少的数字是“$$1$$”，正好$$19$$根火柴棒可以摆出$$8$$个数字$$1$$，和$$1$$个数字$$7$$，所以最大是$$711111111$$．2）想摆成最小的数，先考虑位数少，想让位数少，每个数字用的火柴棒要多，通过每个数字所需火柴棒根数，可知用火柴棒最多的数字是“$$8$$”，用了$$7$$根火柴棒，$$3\times 7$$比$$20$$大，考虑摆三位数：$$19=7+7+5$$可以摆出两个数字$$8$$和$$2/3/5$$中的一个，高位尽量小，最小是$$288$$；$$19=7+6+6$$可以摆出$$8$$和$$0/6/9$$中的两个，高位尽量小，最小是$$608$$，还是$$288$$更小.,填空,{},"[""拓展思维----组合模块----智巧趣题----数学趣题----火柴棒问题----火柴棒摆数""]"
229,火柴棒摆数,5001,"[""拓展思维----组合模块----智巧趣题----数学趣题----火柴棒问题----火柴棒摆数""]","[""question_5001-image_0""]",用$$16$$根火柴棒（全部用完），能摆成的各位数字互不相同的数最大是. question_5001-image_0,"[""$$9751$$""]",最大：数位尽可能多，高位尽可能大，且最好能为$$9$$，注意互不相同$$16=2+3+5+6$$，可以对应摆成数字“$$1$$”“$$7$$”“$$2/3/5$$”“$$0/6/9$$”，能摆成最大的数是$$9751$$.,填空,{},"[""拓展思维----计数模块----枚举法综合----整数分拆----整数拆分应用----加法拆数（应用）"", ""拓展思维----组合模块----智巧趣题----数学趣题----火柴棒问题----火柴棒摆数""]"
229,火柴棒摆数,5003,"[""拓展思维----组合模块----智巧趣题----数学趣题----火柴棒问题----火柴棒摆数""]","[""question_5003-image_0""]",用$$9$$根火柴棍，在方框内各摆一个数，摆成的两个数中，所有的数字都各不相同，组成加法算式结果最大是，最小是． question_5003-image_0,"[""$$75$$"", ""$$6$$""]",最大：数位尽可能多，$$9=2+3+4$$，对应数字“$$1$$”、“$$7$$”、“$$4$$”，所以结果最大是“$$74$$”$$+$$“$$1$$”$$=75$$或“$$71$$”$$+$$“$$4$$”$$=75$$．最小：数位尽量最少，$$9=7+2$$，对应数字“$$8$$”、和“$$1$$”，$$9=6+3$$，对应数字“$$0/6/9$$”和$$7$$，$$9=5+4$$，对应数字“$$2/3/5$$”和“$$4$$”，所以结果最小是“$$4$$” $$+$$“$$2$$”$$=6$$或“$$2$$” $$+$$“$$4$$”$$=6$$．,填空,{},"[""拓展思维----组合模块----智巧趣题----数学趣题----火柴棒问题----火柴棒摆数""]"
229,火柴棒摆数,5053,"[""拓展思维----组合模块----智巧趣题----数学趣题----火柴棒问题----火柴棒摆数""]","[""question_5053-image_0""]",我们可以用火柴棒摆出数字$$0\sim 9$$．如果给你$$20$$根火柴棒（全部用完），能摆成的最大的数是，能摆成的最小的数是． question_5053-image_0,"[""$$1111111111$$"", ""$$688$$""]",想摆成最大的数，先考虑位数多，想让位数多，每个数字用的火柴棒要少，通过每个数字所需火柴棒根数，可知用火柴棒最少的数字是“$$1$$”，正好$$20$$根火柴棒可以摆出$$10$$个数字$$1$$，所以最大是$$1111111111$$．想摆成最小的数，先考虑位数少，想让位数少，每个数字用的火柴棒要多，通过每个数字所需火柴棒根数，可知用火柴棒最多的数字是“$$8$$”，用了$$7$$根火柴棒，$$3\times 7$$比$$20$$大，考虑摆三位数，$$20=7+7+6$$可对应摆出两个数字$$8$$和$$0/6/9$$中的一个，三位数要最小，先考虑百位最小，最小是$$688$$．,填空,{},"[""拓展思维----组合模块----智巧趣题----数学趣题----火柴棒问题----火柴棒摆数""]"
229,火柴棒摆数,5054,"[""拓展思维----组合模块----智巧趣题----数学趣题----火柴棒问题----火柴棒摆数""]","[""question_5054-image_0""]",用$$16$$根火柴棒（全部用完），能摆成的各位数字互不相同的数最大是． question_5054-image_0,"[""$$9751$$""]",最大：数位尽可能多，高位尽可能大，注意互不相同$$16=2+3+4+7$$，可以对应摆成数字“$$1$$”“$$7$$”“$$4$$”“$$8$$”，此时摆成最大的数是$$8741$$；$$16=2+3+5+6$$，可以对应摆成数字“$$1$$”“$$7$$”“$$2/3/5$$”“$$0/6/9$$”，此时摆成最大的数是$$9751$$，还是$$9751$$大,填空,{},"[""拓展思维----计数模块----枚举法综合----整数分拆----整数拆分应用----加法拆数（应用）"", ""拓展思维----组合模块----智巧趣题----数学趣题----火柴棒问题----火柴棒摆数""]"
229,火柴棒摆数,5603,"[""拓展思维----组合模块----智巧趣题----数学趣题----火柴棒问题----火柴棒摆数""]","[""question_5603-image_0""]",现在有$$17$$根火柴棒，用来摆数，如图所示，恰好全部用完$$.$$ 能摆成的最大的数字互不相同的数是 question_5603-image_0,"[""$$9761$$""]",考虑位数最多$$17=2+3+5+7$$，最大的数$$8751$$$$17=2+3+6+6$$，最大的数$$9761$$$$17=2+4+5+6$$，最大的数$$9541$$$$17=2+5+5+5$$，最大的数$$5321$$$$17=3+4+5+5$$，最大的数$$7543$$所以，最大的数为$$9761$$,填空,{},"[""拓展思维----组合模块----智巧趣题----数学趣题----火柴棒问题----火柴棒摆数""]"
229,火柴棒摆数,5604,"[""拓展思维----组合模块----智巧趣题----数学趣题----火柴棒问题----火柴棒摆数""]","[""question_5604-image_0""]",现在有$$15$$根火柴棒，用来摆数，如图所示，恰好全部用完$$.$$ 能摆成的四位数最大是 question_5604-image_0,"[""$$9777$$""]",列表分析枚举：$$~~~~~~~~~~~~$$千位 百位 十位 个位最大： 9 7 7 7根数： 6 3 3 3最大高位尽量选$$9$$：如果千位百位都放$$9$$，每个$$9$$用$$6$$根，$$15=6+6+3$$，拆不出四位数；千位放$$9$$，百位放$$7$$，此时用掉$$6+3=9$$根，还剩$$6$$根，拆$$3$$根$$+3$$根，即$$7$$和$$7$$,填空,{},"[""拓展思维----组合模块----智巧趣题----数学趣题----火柴棒问题----火柴棒摆数""]"
229,火柴棒摆数,5899,"[""拓展思维----组合模块----智巧趣题----数学趣题----火柴棒问题----火柴棒摆数""]","[""question_5899-image_0""]",用$$9$$根火柴棍，在方框内各摆一个数，摆成的两个数中，所有的数字都各不相同，组成加法算式结果最大是，最小是． question_5899-image_0,"[""$$75$$"", ""$$6$$""]",最大：数位尽可能多，$$9=2+3+4$$，对应数字“$$1$$”、“$$7$$”、“$$4$$”，所以结果最大是“$$74$$”$$+$$“$$1$$”$$=75$$或“$$71$$”$$+$$“$$4$$”$$=75$$．最小：数位尽量最少，$$9=7+2$$，对应数字“$$8$$”、和“$$1$$”，$$9=6+3$$，对应数字“$$0/6/9$$”和$$7$$，$$9=5+4$$，对应数字“$$2/3/5$$”和“$$4$$”，所以结果最小是“$$4$$” $$+$$“$$2$$”$$=6$$或“$$2$$” $$+$$“$$4$$”$$=6$$．,填空,{},"[""拓展思维----组合模块----智巧趣题----数学趣题----火柴棒问题----火柴棒摆数""]"
229,火柴棒摆数,5965,"[""拓展思维----组合模块----智巧趣题----数学趣题----火柴棒问题----火柴棒摆数""]","[""question_5965-image_0""]",我们可以用火柴棒摆出数字$$0\sim 9$$．（1）如果给你$$20$$根火柴棒（全部用完），能摆成的最大的数是，能摆成的最小的数是. question_5965-image_0,"[""$$1111111111$$"", ""$$688$$""]",想摆成最大的数，先考虑位数多，想让位数多，每个数字用的火柴棒要少，通过每个数字所需火柴棒根数，可知用火柴棒最少的数字是“$$1$$”，正好$$20$$根火柴棒可以摆出$$10$$个数字$$1$$，所以最大是$$1111111111$$．想摆成最小的数，先考虑位数少，想让位数少，每个数字用的火柴棒要多，通过每个数字所需火柴棒根数，可知用火柴棒最多的数字是“$$8$$”，用了$$7$$根火柴棒，$$3\times 7$$比$$20$$大，考虑摆三位数，$$20=7+7+6$$可对应摆出两个数字$$8$$和$$0/6/9$$中的一个，三位数要最小，先考虑百位最小，最小是$$688$$．,填空,{},"[""拓展思维----组合模块----智巧趣题----数学趣题----火柴棒问题----火柴棒摆数""]"
229,火柴棒摆数,5966,"[""拓展思维----组合模块----智巧趣题----数学趣题----火柴棒问题----火柴棒摆数""]","[""question_5966-image_0""]",用$$19$$根火柴棒（全部用完），能摆成的各位数字互不相同的数最大是，最小是. question_5966-image_0,"[""$$75431$$"", ""$$608$$""]",最大：数位尽可能多，$$19=2+3+4+5+5$$，可以对应摆成数字“$$1$$”、“$$7$$”、“$$4$$”、“$$2/3/5$$”中的两个，所以$$19$$根火柴棒摆成最大的数是$$75431$$；最小：数位尽可能少，$$19=7+6+6$$，可以对应摆成数字“$$8$$”、“$$0/6/9$$”中的两个，所以$$19$$根火柴棒摆成最小的数为$$608$$．,填空,{},"[""拓展思维----组合模块----智巧趣题----数学趣题----火柴棒问题----火柴棒摆数""]"
229,火柴棒摆数,6621,"[""拓展思维----组合模块----智巧趣题----数学趣题----火柴棒问题----火柴棒摆数""]","[""question_6621-image_0""]",用$$14$$根火柴棍，在方框内各摆一个数，摆成的两个数中，所有的数字都各不相同，组成加法算式结果最大是，最小是． question_6621-image_0,"[""$$755$$"", ""$$16$$""]",最大：数位尽可能多，$$14=2+3+4+5$$，对应数字“$$1$$”“$$7$$”、“$$4$$”和“$$2/3/5$$”，所以结果最大是“$$754$$” $$+$$“$$1$$”$$=755$$或“$$751$$” $$+$$“$$4$$”$$=755$$．最小：数位尽可能少，$$14=7+5+2$$对应数字“$$8$$”、“$$2/3/5$$”和“$$1$$”，$$14=7+4+3$$对应数字“$$8$$”、“$$4$$”和“$$7$$”，$$14=6+6+2$$对应数字“$$0/6/9$$”、“$$0/6/9$$”和“$$1$$”，$$14=6+5+3$$对应数字“$$0/6/9$$”、“$$2/3/5$$”和“$$7$$”，$$14=5+5+4$$对应数字“$$2/3/5$$”和“$$4$$”，所以结果最小是“$$10$$” $$+$$“$$6$$”$$=16$$或“$$16$$” $$+$$“$$0$$”$$=16$$．,填空,{},"[""拓展思维----组合模块----智巧趣题----数学趣题----火柴棒问题----火柴棒摆数""]"
229,火柴棒摆数,6623,"[""拓展思维----组合模块----智巧趣题----数学趣题----火柴棒问题----火柴棒摆数""]","[""question_6623-image_0""]",【课前热身1】我们可以用火柴棒摆出数字$$0\sim 9$$．如果给你$$11$$根火柴棒，恰好全部用完： question_6623-image_0 (1)能摆成的最大的三位数是.(2)能摆成的最小的三位数是.,"[""$$971$$"", ""$$107$$""]",(1)$$11$$根火柴棒要想摆成最大的三位数，首先考虑数的首位最大，首位最大就是“$$9$$”，用了$$6$$根火柴棒，接下来再考虑十位最大，还是$$9$$，但是火柴棒不够，所以考虑需要火柴棒根数少的数字，为了个位上还能有火柴棒摆数字，最少要留两根，所以十位上尽量大只能是用三根火柴棒的“$$7$$”，进而个位上只能是“$$1$$”，所以$$11$$根火柴棒能摆成的最大的三位数是$$971$$．(2)$$11$$根火柴棒要想摆成最小的三位数，首先考虑首位最小，首位最小就是“$$1$$”，用了$$2$$根火柴棒，接下来再考虑十位最小可以是“$$0$$”，用了$$6$$根火柴棒，最后还剩$$3$$根火柴棒，所以个位只能是“$$7$$”．所以$$11$$根火柴棒能摆成的最小的三位数是$$107$$．,填空,{},"[""拓展思维----组合模块----智巧趣题----数学趣题----火柴棒问题----火柴棒摆数""]"
229,火柴棒摆数,6624,"[""拓展思维----组合模块----智巧趣题----数学趣题----火柴棒问题----火柴棒摆数""]","[""question_6624-image_0""]",【课前热身2】我们可以用火柴棒摆出数字$$0\sim 9$$．如果给你$$10$$根火柴棒（全部用完），能摆成的最大的数是，能摆成的最小的数是． question_6624-image_0,"[""$$11111$$"", ""$$22$$""]",想摆成最大的数，先考虑位数多，想让位数多，每个数字用的火柴棒要少，通过每个数字所需火柴棒根数，可知用火柴棒最少的数字是“$$1$$”，正好$$10$$根火柴棒可以摆出$$5$$个数字$$1$$，所以最大是$$11111$$．想摆成最小的数，先考虑位数少，想让位数少，每个数字用的火柴棒要多，通过分析每个数字所需火柴棒根数，此时最小是$$22$$,填空,{},"[""拓展思维----组合模块----智巧趣题----数学趣题----火柴棒问题----火柴棒摆数""]"
229,火柴棒摆数,6625,"[""拓展思维----组合模块----智巧趣题----数学趣题----火柴棒问题----火柴棒摆数""]","[""question_6625-image_0""]",【课前热身3】用$$10$$根火柴棒（全部用完），能摆成的各位数字互不相同的数最小是． question_6625-image_0,"[""$$23$$""]",最小：数位尽可能少，只能拆两位，而且尽量首位放$$1$$，十位尽量放$$0$$，$$10=3+7=4+6=5+5$$，此时摆成最小的数为$$23$$．,填空,{},"[""拓展思维----组合模块----智巧趣题----数学趣题----火柴棒问题----火柴棒摆数""]"
229,火柴棒摆数,6688,"[""拓展思维----组合模块----智巧趣题----数学趣题----火柴棒问题----火柴棒摆数""]","[""question_6688-image_0""]",用$$14$$根火柴棍，在方框内各摆一个数，摆成的两个数中，所有的数字都各不相同，组成加法算式结果最大是，最小是． question_6688-image_0,"[""$$755$$"", ""$$16$$""]",最大：数位尽可能多，$$14=2+3+4+5$$，对应数字“$$1$$”“$$7$$”、“$$4$$”和“$$2/3/5$$”，所以结果最大是“$$754$$”$$+$$“$$1$$”$$=755$$或“$$751$$”$$+$$“$$4$$”$$=755$$，最小：数位尽可能少，$$14=7+5+2$$对应数字“$$8$$”、“$$2/3/5$$”和“$$1$$”，$$14=7+4+3$$对应数字“$$8$$”、“$$4$$”和“$$7$$”，$$14=6+6+2$$对应数字“$$0/6/9$$”、“$$0/6/9$$”和“$$1$$”，$$14=6+5+3$$对应数字“$$0/6/9$$”、“$$2/3/5$$”和“$$7$$”，$$14=5+5+4$$对应数字“$$2/3/5$$”和“$$4$$”，所以结果最小是“$$10$$”$$+$$“$$6$$”$$=20$$或“$$16$$”$$+$$“$$0$$”$$=16$$．,填空,{},"[""拓展思维----组合模块----智巧趣题----数学趣题----火柴棒问题----火柴棒摆数""]"
149,综合题普通型,281,"[""拓展思维----应用题模块----平均数问题----综合题----综合题普通型""]",[],运动会上三年级一班有男生$$10$$人参加，女生$$8$$人参加，已知男生平均得分是$$14$$分，一班所有参赛学生的平均得分是$$10$$分，女生的平均得分是分．,"[""$$5$$""]",平均数$$=$$总数$$\div $$总份数．男生总得分：$$10\times 14=140$$（分），全班的总分：$$18\times 10=180$$（分），女生总分：$$180-140=40$$（分），再求女生的平均分：$$40\div 8=5$$（分）．,填空,{},"[""拓展思维----应用题模块----平均数问题----综合题----综合题普通型""]"
149,综合题普通型,798,"[""拓展思维----应用题模块----平均数问题----综合题----综合题普通型""]",[],四个数的平均数是$$98$$，去掉一个数后，余下三个数的平均数变为$$89$$，去掉的这个数是．,"[""$$125$$""]",四个数的和为$$98\times 4=392$$，三个数的和为$$89\times 3=267$$，则去掉的这个数是$$392-267=125$$．,填空,{},"[""拓展思维----应用题模块----平均数问题----综合题----综合题普通型""]"
149,综合题普通型,860,"[""拓展思维----应用题模块----平均数问题----综合题----综合题普通型""]",[],小菲期末考试，语文、数学、自然的平均成绩是$$93$$分，英语成绩加入以后，平均成绩上升了$$1$$分，那么小菲英语分．,"[""97""]",英语成绩：$$94\times 4-93\times 3=97$$（分）．,填空,{},"[""拓展思维----应用题模块----平均数问题----综合题----综合题普通型""]"
149,综合题普通型,874,"[""拓展思维----应用题模块----平均数问题----综合题----综合题普通型""]",[],一排有五个数，它们的平均数是$$11$$，又知前三个数的平均数是$$9$$，后三个数的平均数是$$13$$，那么第三个数是．,"[""$$11$$""]",五个数的和为$$11\times 5=55$$，前三个数的和为$$9\times 3=27$$，后三个数的和为$$13\times 3=39$$，第三个数是$$27+39-55=11$$.,填空,{},"[""拓展思维----应用题模块----平均数问题----综合题----综合题普通型""]"
149,综合题普通型,875,"[""拓展思维----应用题模块----平均数问题----综合题----综合题普通型""]",[],三年级小学生制作一些手工花，前$$3$$天共制作了$$76$$朵花，后$$4$$天平均每天制作$$30$$朵花，三年级小学生这$$7$$天平均每天制作朵花．,"[""$$28$$""]",这批花的总数：$$76+30\times 4=196$$（朵），平均每天制作：$$196\div \left( 3+4 \right)=28$$（朵）．,填空,{},"[""拓展思维----应用题模块----平均数问题----综合题----综合题普通型""]"
149,综合题普通型,1697,"[""拓展思维----应用题模块----平均数问题----综合题----综合题普通型""]",[],三个数的平均数是$$120$$，加上一个数后，四个数的平均数变为$$150$$，新加上的数是多少？,"[""C""]",三个数的和为$$120\times 3=360$$，四个数的和为$$150\times 4=600$$，那么加上的这个数是$$600-360=240$$．,单选,"{""A"": ""$$135$$"", ""B"": ""$$200$$"", ""C"": ""$$240$$"", ""D"": ""$$270$$""}","[""拓展思维----应用题模块----平均数问题----综合题----综合题普通型""]"
149,综合题普通型,1698,"[""拓展思维----应用题模块----平均数问题----综合题----综合题普通型""]",[],已知$$A$$、$$B$$、$$C$$、$$D$$、$$E$$五个自然数的平均数是$$15$$，$$A$$、$$B$$和$$C$$的平均数是$$13$$，$$C$$、$$D$$和$$E$$的平均数是$$17$$，求$$C$$是．,"[""$$15$$""]",$$A$$、$$B$$、$$C$$的和为$$13\times 3=39$$，$$C$$、$$D$$、$$E$$的和为$$17\times 3=51$$，$$A$$、$$B$$、$$C$$、$$D$$、$$E$$的和为$$15\times 5=75$$，$$C$$为$$(39+51)-75=15$$．,填空,{},"[""拓展思维----应用题模块----平均数问题----综合题----综合题普通型""]"
149,综合题普通型,1703,"[""拓展思维----应用题模块----平均数问题----综合题----综合题普通型""]",[],甲班有$$33$$人，乙班有$$22$$人． 在一次考试中，甲班的平均分是$$80$$分，甲班和乙班的总平均分是$$82$$分，求乙班的平均分．（ ）,"[""D""]",乙班总分为：$$82\times(33+22)-80\times33=1870$$（分）；平均分为：$$1870\div22=85$$（分）．,单选,"{""A"": ""$$80$$分"", ""B"": ""$$82$$分"", ""C"": ""$$83$$分"", ""D"": ""$$85$$分""}","[""拓展思维----应用题模块----平均数问题----综合题----综合题普通型""]"
149,综合题普通型,2592,"[""拓展思维----应用题模块----平均数问题----综合题----综合题普通型""]",[],小明前四次数学测验的平均成绩是$$89$$分，第五次测验后，他的平均成绩提高到了$$90$$分．请问小明第五次测验得了分．,"[""$$94$$""]",前五次的总成绩减去前四次的总成绩即为第五次的成绩．$$90\times 5-89\times 4=94$$（分）．,填空,{},"[""拓展思维----应用题模块----平均数问题----综合题----综合题普通型""]"
149,综合题普通型,2934,"[""拓展思维----应用题模块----平均数问题----综合题----综合题普通型""]",[],教室里所有人的平均年龄是$$11$$岁，如果不算$$1$$个$$30$$岁的老师，其余人的平均年龄是$$10$$岁，那么教室里有人．,"[""$$20$$""]","当老师不在的时候，所有人的平均年龄为$$10$$岁，老师来了之后，平均年龄都长了一岁，
那么老师相当于给每一个人$$1$$岁，自己还要留下$$11$$岁给自己，那么就给出了$$30-11=19$$（岁），每一个人给$$1$$岁，共有$$19\div 1=19$$（名）学生，加上老师，一共是$$20$$人．",填空,{},"[""拓展思维----应用题模块----平均数问题----综合题----综合题普通型""]"
149,综合题普通型,2936,"[""拓展思维----应用题模块----平均数问题----综合题----综合题普通型""]",[],四个数的平均数是$$98$$，去掉一个数后，三个数的平均数变为$$89$$，去掉的这个数是．,"[""$$125$$""]",四个数的和为$$98\times 4=392$$，三个数的和为$$89\times 3=267$$，则去掉的这个数是$$392-267=125$$．,填空,{},"[""拓展思维----应用题模块----平均数问题----综合题----综合题普通型""]"
149,综合题普通型,2937,"[""拓展思维----应用题模块----平均数问题----综合题----综合题普通型""]",[],甲、乙两个数的和是$$620$$，如果再加上丙数，三个数的平均数比甲、乙两个数的平均数多$$9$$，丙数是．,"[""$$337$$""]",甲乙的平均数是$$620\div 2=310$$，那么甲、乙、丙三数的平均数是$$310+9=319$$，那么丙是$$319\times 3-620=337$$．,填空,{},"[""拓展思维----应用题模块----平均数问题----综合题----综合题普通型""]"
149,综合题普通型,2938,"[""拓展思维----应用题模块----平均数问题----综合题----综合题普通型""]",[],小川本周读完了一本故事书．第一天她读了$$12$$页，接下来的三天平均每天读了$$15$$页，最后三天一共读了$$20$$页．她平均每天读故事书页．,"[""$$11$$""]",一共有$$12+15×3+20=77$$（页），读了$$7$$天，平均每天$$77÷7=11$$（页）．,填空,{},"[""拓展思维----应用题模块----平均数问题----综合题----综合题普通型""]"
149,综合题普通型,2939,"[""拓展思维----应用题模块----平均数问题----综合题----综合题普通型""]",[],三年级($$1$$)班有$$40$$名学生，统计后发现，身高排在前$$10$$名的同学平均身高比全班的平均身高高$$3$$厘米，那么其他同学的平均身高比前$$10$$名同学的平均身高低厘米．,"[""$$4$$""]",因为不能根据总量来求平均值，这里只能选用移多补少的思路：由于前$$10$$名同学的平均身高比全班的平均身高高$$3$$厘米，可推知他们为其他同学提供了$$3\times 10=30$$(厘米)，如果没有这$$30$$厘米，其他同学的平均身高会比全班的平均身高低：$$30\div (40-10)=1$$(厘米)，所以其他同学的平均身高比前$$10$$名同学的平均身高低$$3+1=4$$(厘米)．,填空,{},"[""拓展思维----应用题模块----平均数问题----综合题----综合题普通型""]"
149,综合题普通型,3674,"[""拓展思维----应用题模块----平均数问题----综合题----综合题普通型""]",[],甲、乙、丙三人一起去钓鱼，他们将钓得的鱼放在一个鱼篓中，就在原地躺下休息，结果都睡着了．甲先醒来，他将鱼篓中的鱼平均分成$$3$$份，发现还多$$1$$条，就将多的这条鱼扔回河中，拿着其中的$$1$$份鱼回家了．乙随后醒来，他将鱼篓中现有的鱼平均分成$$3$$份，发现还多$$1$$条，也将多的这条鱼扔回河中，拿着其中的$$1$$份鱼回家了．丙最后醒来，他也将鱼篓中的鱼平均分成$$3$$份，这时也多$$1$$条鱼．这三个人至少钓到条鱼．,"[""$$25$$""]",当丙平分后，每份$$1$$条鱼时，丙平分前有$$1\times 3+1=4$$（条）鱼；那么乙平分后$$2$$份是$$4$$条鱼，$$1$$份$$2$$条鱼，乙平分前有$$2\times 3+1=7$$（条）鱼，为奇数，矛盾；当丙平分后，每份$$2$$条鱼时，丙平分前有$$2\times 3+1=7$$（条）鱼，为奇数，矛盾；当丙平分后，每份$$3$$条鱼时，可列表如下：一份一份一份剩余丙$$3$$$$3$$$$3$$$$1$$乙$$5$$$$5$$$$5$$$$1$$甲$$8$$$$8$$$$8$$$$1$$原来至少$$25$$所以原来至少有$$25$$条鱼．,填空,{},"[""拓展思维----应用题模块----平均数问题----综合题----综合题普通型""]"
149,综合题普通型,3789,"[""拓展思维----应用题模块----平均数问题----综合题----综合题普通型""]",[],小丽买了$$10$$筐苹果，其中有$$3$$筐苹果每筐$$15\text{kg}$$，$$3$$筐苹果每筐$$25\text{kg}$$，$$4$$筐苹果每筐$$20\text{kg}$$．这$$10$$筐苹果平均每筐$$\text{kg}$$．,"[""$$20$$""]",$$10$$筐苹果的总重量是$$3\times15+3\times25+4\times20=200\left(\text{kg}\right)$$，平均每筐重$$200\div10=20\left( \text{kg}\right)$$．,填空,{},"[""拓展思维----应用题模块----平均数问题----综合题----综合题普通型""]"
149,综合题普通型,4442,"[""拓展思维----应用题模块----平均数问题----综合题----综合题普通型""]",[],甲、乙、丙三人一起去钓鱼，他们将钓得的鱼放在一个鱼篓中，就在原地躺下休息，结果都睡着了．甲先醒来，他将鱼篓中的鱼平均分成$$3$$份，发现还多$$1$$条，就将多的这条鱼扔回河中，拿着其中的$$1$$份鱼回家了．乙随后醒来，他将鱼篓中现有的鱼平均分成$$3$$份，发现还多$$1$$条，也将多的这条鱼扔回河中，拿着其中的$$1$$份鱼回家了．丙最后醒来，他也将鱼篓中的鱼平均分成$$3$$份，这时也多$$1$$条鱼．这三个人至少钓到条鱼．,"[""$$25$$""]",当丙平分后，每份$$1$$条鱼时，丙平分前有$$1\times 3+1=4$$（条）鱼；那么乙平分后$$2$$份是$$4$$条鱼，$$1$$份$$2$$条鱼，乙平分前有$$2\times 3+1=7$$（条）鱼，为奇数，矛盾；当丙平分后，每份$$2$$条鱼时，丙平分前有$$2\times 3+1=7$$（条）鱼，为奇数，矛盾；当丙平分后，每份$$3$$条鱼时，可列表如下：一份一份一份剩余丙$$3$$$$3$$$$3$$$$1$$乙$$5$$$$5$$$$5$$$$1$$甲$$8$$$$8$$$$8$$$$1$$原来至少$$25$$所以原来至少有$$25$$条鱼．,填空,{},"[""拓展思维----应用题模块----平均数问题----综合题----综合题普通型""]"
149,综合题普通型,4530,"[""拓展思维----应用题模块----平均数问题----综合题----综合题普通型""]",[],$$A$$、$$B$$、$$C$$、$$D$$四个数的平均数是$$38$$；$$A$$与$$B$$的平均数是$$42$$；$$B$$、$$C$$、$$D$$三个数的平均数是$$36$$，则$$B$$是（ ）．,"[""D""]","用$$A$$、$$B$$的和加上$$B$$、$$C$$、$$D$$的和恰好为$$A$$、$$B$$、$$C$$、$$D$$的和加上$$B$$，则再减去$$A$$、$$B$$、$$C$$、$$D$$之和就是$$B$$．
$$42\times 2+36\times 3-38\times 4=40$$．
故选：$$\text{D}$$．",单选,"{""A"": ""$$44$$"", ""B"": ""$$42$$"", ""C"": ""$$38$$"", ""D"": ""$$40$$""}","[""拓展思维----应用题模块----平均数问题----综合题----综合题普通型""]"
149,综合题普通型,4552,"[""拓展思维----应用题模块----平均数问题----综合题----综合题普通型""]","[""analysis_4552-image_0""]",有$$7$$个数，它们的平均数是$$154$$．若把这$$7$$个数按从小到大的顺序排列起来，则前$$2$$个数的平均数是$$136$$，后$$4$$个数的平均数是$$164$$，求第$$3$$个数是．,"[""$$150$$""]",根据题意画图如下： analysis_4552-image_0 由上图可知，用$$7$$个数的总和$$(154\times 7)$$减去前$$2$$个数的和$$(136\times 2)$$，再减去后$$4$$个数的和$$(164\times 4)$$，所得的结果就是第$$3$$个数．$$154\times 7-136\times 2-164\times 4$$$$=1078-272-656$$$$=150$$．答：第$$3$$个数是$$150$$．,填空,{},"[""拓展思维----应用题模块----平均数问题"", ""拓展思维----应用题模块----平均数问题----综合题----综合题普通型""]"
149,综合题普通型,4833,"[""拓展思维----应用题模块----平均数问题----综合题----综合题普通型""]","[""analysis_4833-image_0""]",一共五人的篮球队中有四名队员的平均身高是$$182$$厘米，第五名队员的身高比全队的平均身高矮$$8$$厘米，这名队员的身高是厘米？,"[""$$172$$""]","如图，图中$$2$$个长方形面积相等，即将前四人多出的身高补给第五人，所以$$a=1\times 8\div 4=2$$，则五人平均身高为$$182-2=180$$（厘米），第五名队员身高为$$180-8=172$$（厘米）．
 analysis_4833-image_0",填空,{},"[""拓展思维----应用题模块----平均数问题----综合题----综合题普通型""]"
149,综合题普通型,5367,"[""拓展思维----应用题模块----平均数问题----综合题----综合题普通型""]","[""analysis_5367-image_0"", ""question_5367-image_0""]",如图所示是小华$$4$$次测验成绩的示意图，其中$$78$$是前四次测验的平均分，那么第$$5$$次测验至少得分才能使平均分提高$$4$$分．请画出第$$5$$次测验成绩的线条和$$5$$次测验平均分的分数线． question_5367-image_0,"[""$$98$$""]",通过统计图可以看出，前四次测验的平均分是$$78$$分，要使平均分提高$$4$$分，即平均分为：$$78+4=82$$（分），即第$$5$$次测验后的总成绩为：$$82\times 5=410$$（分），前四次测验总分为：$$78\times 4=312$$（分），第$$5$$次测验的成绩为：$$410-312=98$$（分），或者第$$5$$次测验成绩至少得：$$78+4\times 5=98$$（分）． analysis_5367-image_0,填空,{},"[""拓展思维----应用题模块----平均数问题----综合题----综合题普通型""]"
149,综合题普通型,5406,"[""拓展思维----应用题模块----平均数问题----综合题----综合题普通型""]",[],西虹市要选拔一批歌手，根据海选成绩确定了录取线，最终从$$630$$名选手中录取了$$30$$名．若所有选手的平均分是$$48$$分，录取选手的平均分是$$88$$分，没有被录取的选手的平均成绩比录取线低$$32$$分，那么录取线是分．,"[""$$78$$""]",录取选手的平均分比所有选手的平均分高$$88-48=40$$(分)，$$30$$人共高$$30\times 40=1200$$(分)，则没被录取的选手的平均分比所有选手的平均分低$$1200\div (630-30)=2$$(分) ．没被录取选手的平均分为$$48-2=46$$(分)，录取线为$$46+32=78$$(分)．,填空,{},"[""拓展思维----应用题模块----平均数问题----综合题----综合题普通型""]"
149,综合题普通型,5420,"[""拓展思维----应用题模块----平均数问题----综合题----综合题普通型""]",[],甲、乙、丙三人的体重，甲最轻，丙最重，那么这三人的平均体重（ ）．,"[""C""]","∵甲、乙、丙三人的体重中，甲最轻，丙最重，
那么这三人的平均体重一定在甲和丙之间．",单选,"{""A"": ""比甲轻"", ""B"": ""比丙重"", ""C"": ""在甲和丙之间"", ""D"": ""无法确定""}","[""拓展思维----应用题模块----平均数问题----综合题----综合题普通型""]"
149,综合题普通型,5422,"[""拓展思维----应用题模块----平均数问题----综合题----综合题普通型""]",[],果品店把$$3$$千克水果糖，$$9$$千克奶糖混合成什锦糖，已知水果糖每千克$$7$$元，奶糖每千克$$11$$元，那么什锦糖每千克多少元？,"[""A""]",要求混合后的什锦糖每千克的价格，必须知道混合后的总价钱和与总价钱相对应的总重量．什锦糖的总价是：$$3\times 7+9\times 11=120$$（元），什锦糖的总重量是：$$3+9=12$$（千克），什锦糖的单价是：$$120\div 12=10$$（元/千克）．,单选,"{""A"": ""$$10$$"", ""B"": ""$$12$$"", ""C"": ""$$14$$"", ""D"": ""$$16$$""}","[""拓展思维----应用题模块----平均数问题----综合题----综合题普通型""]"
149,综合题普通型,5498,"[""拓展思维----应用题模块----平均数问题----综合题----综合题普通型""]",[],一次考试，男生的平均分比总平均分高$$2$$分，女生的平均分比总平均分低$$1$$分．男生的总分数是$$942$$分，女生的总分数是$$1800$$分．求:男生有人．,"[""$$14$$""]","考虑特殊情况：每个男生的得分都一样多，每个女生的得分也一样多．
由于男生的平均分比总平均分高$$2$$分，女生的平均分比总平均分低$$1$$分．根据移多补少的原理．很容易知道女生的人数是男生的$$2$$倍．女生的总分数是$$1800$$分，而人数是男生的$$2$$倍，因此如果女生人数和男生一样，那总分只有$$900$$分．同样人数的男生，男生总分多了$$942-900=42$$（分），而每个男生平均比女生高$$3$$分，因此男生人数为$$42\div 3=14$$（人），女生人数是男生的$$2$$倍，为$$28$$人．",填空,{},"[""拓展思维----应用题模块----平均数问题----综合题----综合题普通型""]"
149,综合题普通型,5701,"[""拓展思维----应用题模块----平均数问题----综合题----综合题普通型""]",[],甲、乙、丙三人一起去钓鱼，他们将钓得的鱼放在一个鱼篓中，就在原地躺下休息，结果都睡着了．甲先醒来，他将鱼篓中的鱼平均分成$$3$$份，发现还多$$1$$条，就将多的这条鱼扔回河中，拿着其中的$$1$$份鱼回家了．乙随后醒来，他将鱼篓中现有的鱼平均分成$$3$$份，发现还多$$1$$条，也将多的这条鱼扔回河中，拿着其中的$$1$$份鱼回家了．丙最后醒来，他也将鱼篓中的鱼平均分成$$3$$份，这时也多$$1$$条鱼．这三个人至少钓到条鱼．,"[""$$25$$""]",当丙平分后，每份$$1$$条鱼时，丙平分前有$$1\times 3+1=4$$（条）鱼；那么乙平分后$$2$$份是$$4$$条鱼，$$1$$份$$2$$条鱼，乙平分前有$$2\times 3+1=7$$（条）鱼，为奇数，矛盾；当丙平分后，每份$$2$$条鱼时，丙平分前有$$2\times 3+1=7$$（条）鱼，为奇数，矛盾；当丙平分后，每份$$3$$条鱼时，可列表如下：一份一份一份剩余丙$$3$$$$3$$$$3$$$$1$$乙$$5$$$$5$$$$5$$$$1$$甲$$8$$$$8$$$$8$$$$1$$原来至少$$25$$所以原来至少有$$25$$条鱼．,填空,{},"[""拓展思维----应用题模块----平均数问题----综合题----综合题普通型""]"
149,综合题普通型,6273,"[""拓展思维----应用题模块----平均数问题----综合题----综合题普通型""]",[],运动会上三年级一班有男生$$10$$人参加，女生$$8$$人参加，已知男生平均得分是$$14$$分，一班所有参赛学生的平均得分是$$10$$分，女生的平均得分为分．,"[""$$5$$""]",平均数$$=$$总数$$\div $$总份数．男生总得分：$$10\times 14=140$$（分），全班的总分：$$18\times 10=180$$（分），女生总分：$$180-140=40$$（分），再求女生的平均分：$$40\div 8=5$$（分）．,填空,{},"[""拓展思维----应用题模块----平均数问题----综合题----综合题普通型""]"
149,综合题普通型,6375,"[""拓展思维----应用题模块----平均数问题----综合题----综合题普通型""]",[],三个数的平均数是$$120$$，加上一个数后，四个数的平均数变为$$150$$，新加上的数是多少？,"[""C""]",三个数的和为$$120\times 3=360$$，四个数的和为$$150\times 4=600$$，那么加上的这个数是$$600-360=240$$．,单选,"{""A"": ""$$135$$"", ""B"": ""$$200$$"", ""C"": ""$$240$$"", ""D"": ""$$270$$""}","[""拓展思维----应用题模块----平均数问题----综合题----综合题普通型""]"
149,综合题普通型,6376,"[""拓展思维----应用题模块----平均数问题----综合题----综合题普通型""]",[],一次考试，男生平均分比总平均分低$$3$$分，女生平均分比男生平均分高$$4$$分，男生总分为$$1232$$分，女生总分为$$3888$$分，那么女生有人．,"[""$$48$$""]",$$\left( 3888\div 3-1232 \right)\div 4\times 3=48$$（人）．,填空,{},"[""拓展思维----应用题模块----平均数问题----综合题----综合题普通型""]"
149,综合题普通型,6377,"[""拓展思维----应用题模块----平均数问题----综合题----综合题普通型""]",[],某校有$$100$$名学生参加数学竞赛，平均分是$$63$$分，其中参赛男同学的平均分是$$60$$分，女同学平均分是$$70$$分，那么该校参赛男同学比女同学多人．,"[""$$40$$""]","解法一：
设男生有$$\text{a}$$人，女生有$$\text{b}$$人，则有： $$\begin{cases}a+b=100 \\ 60a+70b=6300 \end{cases}\Rightarrow \begin{cases}a=70 \\ b=30 \end{cases}\Rightarrow a-b=40$$
解法二：
男同学与总平均分之差是$$3$$，女同学与总平均分之差是$$7$$，那么男同学的人数是$$7$$份，女同学的人数是$$3$$份，那么相差$$100\div (7+3)\times (7-3)=40$$（人）．",填空,{},"[""拓展思维----应用题模块----列方程解应用题----多元一次方程解应用题----整数系数二元一次方程组解应用题"", ""拓展思维----应用题模块----平均数问题----综合题----综合题普通型""]"
149,综合题普通型,6379,"[""拓展思维----应用题模块----平均数问题----综合题----综合题普通型""]",[],若干名小朋友在计算自己的身高，如果艾迪长高$$10\rm cm$$，其他人不变，则他们的平均身高会提升$$2\rm cm$$，那么一共有名小朋友．,"[""$$5$$""]",身高总共增加$$10\rm cm$$，平均每人增高$$2\rm cm$$，所以应该有$$10\div 2=5$$（名）．,填空,{},"[""拓展思维----应用题模块----平均数问题----综合题----综合题普通型""]"
149,综合题普通型,6380,"[""拓展思维----应用题模块----平均数问题----综合题----综合题普通型""]",[],艾迪参加了若干次考试，在最后一次考试时他发现：如果这次考试得$$97$$分，那么他的平均分是$$90$$分；如果这次考试得$$71$$分，那么他的平均分数是$$88$$分．艾迪一共参加了次考试．,"[""$$13$$""]",这次考试得$$97$$分和$$71$$分，导致总和相差：$$97-71=26$$分，而平均分相差：$$90-88=2$$分，所以艾迪一共参加了：$$26\div 2=13$$次考试．,填空,{},"[""拓展思维----应用题模块----平均数问题----综合题----综合题普通型""]"
149,综合题普通型,6655,"[""拓展思维----应用题模块----平均数问题----综合题----综合题普通型""]",[],甲、乙两个班一起去植树，甲班有$$6$$组、乙班有$$4$$组．已知甲班平均每组植树$$9$$棵，两个班一起平均每组植树为$$7$$棵．（1）甲班一共植树棵．（2）两个班一共植树棵．（3）乙班一共植树棵．（4）乙班平均每组植树棵．,"[""$$54$$"", ""$$70$$"", ""$$16$$"", ""$$4$$""]",（1）总数$$=$$平均数$$\times $$总份数，$$6\times 9=54$$（棵）．（2）总数$$=$$平均数$$\times $$总份数，$$(6+4)\times 7=70$$（棵）．（3）$$70-54=16$$（棵）．（4）平均数$$=$$总数$$\div $$总份数．$$16\div 4=4$$（棵）．,填空,{},"[""拓展思维----应用题模块----平均数问题----综合题----综合题普通型""]"
149,综合题普通型,6864,"[""拓展思维----应用题模块----平均数问题----综合题----综合题普通型""]",[],运动会上三年级一班有男生$$10$$人参加，女生$$8$$人参加，已知男生平均得分是$$14$$分，一班所有参赛学生的平均得分是$$10$$分，女生的平均得分是分．,"[""$$5$$""]",平均数$$=$$总数$$\div $$总份数．男生总得分：$$10\times 14=140$$（分），全班的总分：$$18\times 10=180$$（分），女生总分：$$180-140=40$$（分），再求女生的平均分：$$40\div 8=5$$（分）．,填空,{},"[""拓展思维----应用题模块----平均数问题----综合题----综合题普通型""]"
149,综合题普通型,7076,"[""拓展思维----应用题模块----平均数问题----综合题----综合题普通型""]",[],甲、乙两个班一起去植树，甲班有$$6$$组、乙班有$$4$$组．已知甲班平均每组植树$$9$$棵，两个班一起平均每组植树为$$7$$棵．（1）甲班一共植树棵.（2）两个班一共植树棵．（3）乙班一共植树棵．（4）乙班平均每组植树棵．,"[""$$54$$"", ""$$70$$"", ""$$16$$"", ""$$4$$""]",总数$$=$$平均数$$\times $$总份数，$$6\times 9=54$$（棵）．总数$$=$$平均数$$\times $$总份数，$$(6+4)\times 7=70$$（棵）．$$70-54=16$$（棵）．平均数$$=$$总数$$\div $$总份数．$$16\div 4=4$$（棵）．,填空,{},"[""拓展思维----应用题模块----平均数问题----综合题----综合题普通型""]"
149,综合题普通型,7134,"[""知识点----应用题模块----平均数问题----综合题----综合题普通型"", ""拓展思维----应用题模块----平均数问题----综合题----综合题普通型""]",[],甲、乙、丙三人一起去钓鱼，他们将钓得的鱼放在一个鱼篓中，就在原地躺下休息，结果都睡着了．甲先醒来，他将鱼篓中的鱼平均分成$$3$$份，发现还多$$1$$条，就将多的这条鱼扔回河中，拿着其中的$$1$$份鱼回家了．乙随后醒来，他将鱼篓中现有的鱼平均分成$$3$$份，发现还多$$1$$条，也将多的这条鱼扔回河中，拿着其中的$$1$$份鱼回家了．丙最后醒来，他也将鱼篓中的鱼平均分成$$3$$份，这时也多$$1$$条鱼．这三个人至少钓到条鱼．,"[""$$25$$""]",当丙平分后，每份$$1$$条鱼时，丙平分前有$$1\times 3+1=4$$（条）鱼；那么乙平分后$$2$$份是$$4$$条鱼，$$1$$份$$2$$条鱼，乙平分前有$$2\times 3+1=7$$（条）鱼，为奇数，矛盾；当丙平分后，每份$$2$$条鱼时，丙平分前有$$2\times 3+1=7$$（条）鱼，为奇数，矛盾； 当丙平分后，每份$$3$$条鱼时，可列表如下：一份一份一份剩余丙$$3$$$$3$$$$3$$$$1$$乙$$5$$$$5$$$$5$$$$1$$甲$$8$$$$8$$$$8$$$$1$$原来至少$$25$$所以原来至少有$$25$$条鱼．,填空,{},"[""知识点----应用题模块----平均数问题----综合题----综合题普通型"", ""拓展思维----应用题模块----平均数问题----综合题----综合题普通型""]"
149,综合题普通型,7235,"[""知识点----应用题模块----平均数问题----综合题----综合题普通型"", ""拓展思维----应用题模块----平均数问题----综合题----综合题普通型""]","[""analysis_7235-image_0""]",四年级一班有$$6$$名女学生，她们的平均身高是$$140$$厘米．如果她们当中有$$1$$人离开，剩下$$5$$人的平均身高就变成$$135$$厘米．请问：离开的那个女生身高是厘米．,"[""$$165$$""]",方法一：$$6$$个女生的平均身高是$$140$$厘米，那么她们的总身高就是$$140\times 6=840$$厘米．一个女生离开之后，余下$$5$$个人的平均身高是$$135$$厘米，那么总身高就是$$135\times 5=675$$厘米．又知两次总身高相差的就是离开的女生的身高，因此离开的女生的身高是$$840-675=165$$厘米．方法二：另外$$5$$个人的平均身高是$$135$$厘米，又不必考虑她们每个人的身高．不妨设她们的身高都是$$135$$厘米，如图所示： analysis_7235-image_0 由于一个女生的离开而使总平均身高下降$$5$$厘米，如果离开的女生又回来了，那么把她的身高超过$$140$$厘米的部分补给另外$$5$$个人，就能使另外$$5$$个人的身高从$$135$$厘米变成$$140$$厘米，这$$5$$个人的总身高一共提高了$$\left( 140-135 \right)\times 5=25$$厘米，因此离开的那个女生的身高比$$6$$个人的平均身高多$$25$$厘米，即$$140+25=165$$厘米．,填空,{},"[""知识点----应用题模块----平均数问题----综合题----综合题普通型"", ""拓展思维----应用题模块----平均数问题----综合题----综合题普通型""]"
149,综合题普通型,7316,"[""拓展思维----应用题模块----平均数问题----综合题----综合题普通型""]",[],甲、乙、丙三个班的人数分别为$$45$$、$$57$$、$$54$$．已知甲班的平均分为$$92$$分，乙班的平均分为$$90$$分，三个班的总平均分为$$93$$分，丙班的平均分是分．,"[""$$97$$""]",丙班总分为：$$93\times (45+57+54)-92\times 45-90\times 57=5238$$分；则丙班的平均分为：$$5238\div 54=97$$分．,填空,{},"[""拓展思维----应用题模块----平均数问题----综合题----综合题普通型""]"
149,综合题普通型,7413,"[""拓展思维----应用题模块----平均数问题----综合题----综合题普通型""]",[],甲、乙两个数的和是$$620$$，如果再加上丙数，三个数的平均数比甲、乙两个数的平均数多$$9$$，丙数是．,"[""$$337$$""]",甲乙的平均数是$$620\div 2=310$$，那么甲、乙、丙三数的平均数是$$310+9=319$$，那么丙是$$319\times 3-620=337$$．,填空,{},"[""拓展思维----应用题模块----平均数问题----综合题----综合题普通型""]"
149,综合题普通型,7576,"[""拓展思维----应用题模块----平均数问题----综合题----综合题普通型""]",[],甲、乙、丙三个班的人数分别为$$45$$、$$57$$、$$54$$．已知甲班的平均分为$$92$$分，乙班的平均分为$$90$$分，三个班的总平均分为$$93$$分，丙班的平均分是分．,"[""$$97$$""]",丙班总分为：$$93\times (45+57+54)-92\times 45-90\times 57=5238$$分；则丙班的平均分为：$$5238\div 54=97$$分．,填空,{},"[""拓展思维----应用题模块----平均数问题----综合题----综合题普通型""]"
118,除法竖式谜,203,"[""拓展思维----组合模块----数字谜----竖式数字谜----除法竖式谜""]","[""question_203-image_0""]","图中是个残缺的除法竖式，这个竖式中的被除数是（ ）．
 question_203-image_0","[""A""]",余数为$$8$$，那么除数肯定是$$9$$，依次往下填，可以得出被除数为$$1133$$．,单选,"{""A"": ""$$1133$$"", ""B"": ""$$1223$$"", ""C"": ""$$1134$$"", ""D"": ""$$1125$$""}","[""拓展思维----组合模块----数字谜----竖式数字谜----除法竖式谜""]"
118,除法竖式谜,207,"[""拓展思维----组合模块----数字谜----竖式数字谜----除法竖式谜""]","[""question_207-image_0""]","在下面除法竖式的□中填入适当的数，使竖式成立，其中被除数是．
 question_207-image_0","[""$$153$$""]",尾数分析法，商只能是$$9$$，被除数是$$17\times 9=153$$．,填空,{},"[""拓展思维----组合模块----数字谜----竖式数字谜----除法竖式谜""]"
118,除法竖式谜,211,"[""拓展思维----组合模块----数字谜----竖式数字谜----除法竖式谜""]","[""question_211-image_0""]","在下面的“$$\square $$”内填上适当的数字，使得竖式成立，被除数是．
 question_211-image_0","[""$$936$$""]",商的个位乘除数是个三位数，商的十位乘除数是个两位数，所以商的十位只能是$$1$$，被除数为$$78\times 12=936$$．,填空,{},"[""拓展思维----组合模块----数字谜----竖式数字谜----除法竖式谜""]"
118,除法竖式谜,719,"[""拓展思维----组合模块----数字谜----竖式数字谜----除法竖式谜""]","[""question_719-image_0""]",如图，在图中的空格内填入合适的数字，使除法竖式成立，那么算式中被除数是． question_719-image_0,"[""$$595$$""]",商的十位$$8$$乘除数是$$\overline{5\square }$$，所以除数为$$7$$，商的个位乘除数$$7$$是$$\overline{3\square }$$，所以商的个位是$$5$$，原式为$$595\div 7=85$$，被除数是$$595$$．$$8\times \square =\overline{5\square }$$，可以推出除数为$$7$$，商的个位$$\times 7=\overline{3\square }$$，可知，商为$$85$$，所以$$595\div 7=85$$，被除数是$$595$$．,填空,{},"[""拓展思维----组合模块----数字谜----竖式数字谜----除法竖式谜""]"
118,除法竖式谜,744,"[""拓展思维----组合模块----数字谜----竖式数字谜----除法竖式谜""]",[],"在下面除法竖式的“$$\square$$”中填入适当的数，使竖式成立，被除数是．
 7 3  2   9 0","[""$$259$$""]",尾数分析法，除数是$$37$$，被除数是$$37\times 7=259$$．,填空,{},"[""拓展思维----组合模块----数字谜----竖式数字谜----除法竖式谜""]"
118,除法竖式谜,747,"[""拓展思维----组合模块----数字谜----竖式数字谜----除法竖式谜""]","[""question_747-image_0""]","在图中空格处填入合适的数字，使除法竖式成立，这个除法竖式的被除数是．
 question_747-image_0","[""$$696$$""]",商的十位数字、个位数字与$$7$$相乘后个位都是$$3$$，则商的十位数字、个位数字都是$$9$$；综上商为$$99$$，结合除数与余数易得被除数为$$99\times 7+3=696$$．,填空,{},"[""拓展思维----组合模块----数字谜----竖式数字谜----除法竖式谜""]"
118,除法竖式谜,1508,"[""拓展思维----组合模块----数字谜----竖式数字谜----除法竖式谜""]",[],"在下图的数字谜中，被除数为．
22




□
□


□
□
□


6
□



□
□
2


□
□
□




0","[""$$792$$""]",第一个乘积用首位分析，第二个乘积用末位分析，确定商为$$36$$，$$36\times 22=792$$．,填空,{},"[""拓展思维----组合模块----数字谜----竖式数字谜----除法竖式谜""]"
118,除法竖式谜,1509,"[""拓展思维----组合模块----数字谜----竖式数字谜----除法竖式谜""]","[""question_1509-image_0""]","如图，在图中的方框内填入合适的数字，使除法竖式成立．那么所得到的商是．
 question_1509-image_0","[""$$288$$""]",根据第$$5$$行，$$8\times \square =5\square $$，可以确定除数是$$7$$，那么有第$$3$$行：$$7\times \square =\square 4$$，可以确定商的百位是$$2$$，依次可以确定商的个位是$$8$$，所以商是$$288$$，这个除法算式是$$2016\div 7=288$$．,填空,{},"[""拓展思维----组合模块----数字谜----竖式数字谜----除法竖式谜""]"
118,除法竖式谜,2156,"[""拓展思维----组合模块----数字谜----竖式数字谜----除法竖式谜""]","[""analysis_2156-image_0"", ""question_2156-image_0""]",下图是一个残缺的除法竖式，这个算式中的被除数是. question_2156-image_0,"[""$$11087$$""]",从整个算式的余数为$$98$$可以推断．除数一定大于$$98$$，且为两位数，所以除数只能是$$99$$．再从除数与商的各位数字乘积均为两位数可以看出，商的各位数字只能全部为$$1$$．算式可表示如下： analysis_2156-image_0,填空,{},"[""拓展思维----组合模块----数字谜----竖式数字谜----除法竖式谜""]"
118,除法竖式谜,2157,"[""拓展思维----组合模块----数字谜----竖式数字谜----除法竖式谜""]","[""question_2157-image_0""]",如图，在图中的空格内填入合适的数字，使除法竖式成立．那么除数是. question_2157-image_0,"[""$$73$$""]",位数分析，商的个位只能是$$1$$，则除数十位为$$7$$；个位分析，除数的个位只能是$$3$$或者$$8$$，若为$$8$$，后面的差不可能是$$\overline{7\square }$$，因此只能是$$1534\div 73=21\cdots \cdots 1$$．,填空,{},"[""拓展思维----组合模块----数字谜----竖式数字谜----除法竖式谜""]"
118,除法竖式谜,3101,"[""拓展思维----组合模块----数字谜----竖式数字谜----除法竖式谜""]","[""question_3101-image_0""]","在除法竖式的$$\square$$中填入适当的数，使竖式成立，被除数是．
 question_3101-image_0","[""$$7373$$""]","首先，商的十位必然为$$0$$．继续分析，除数为$$7$$$$\square$$，乘以商的百位和个位后得到的都依然是一个两位数，
因此商的百位和个位应均为$$1$$，从而除数应为$$73$$．算式为$$7373\div 73=101$$．",填空,{},"[""拓展思维----组合模块----数字谜----竖式数字谜----除法竖式谜""]"
118,除法竖式谜,5540,"[""拓展思维----组合模块----数字谜----竖式数字谜----除法竖式谜""]","[""question_5540-image_0""]",在下图的方格内填入适当的数字，使下列除法竖式成立，除数是. question_5540-image_0,"[""$$87$$""]",除数$$\times 9=783$$，那么除数是$$783\div 9=87$$．原式即为$$6003\div 87=69$$．,填空,{},"[""拓展思维----组合模块----数字谜----竖式数字谜----除法竖式谜""]"
118,除法竖式谜,5541,"[""拓展思维----组合模块----数字谜----竖式数字谜----除法竖式谜""]","[""analysis_5541-image_0"", ""question_5541-image_0""]",下图是一个残缺的除法竖式，这个算式中的被除数是. question_5541-image_0,"[""$$11087$$""]",从整个算式的余数为$$98$$可以推断．除数一定大于$$98$$，且为两位数，所以除数只能是$$99$$．再从除数与商的各位数字乘积均为两位数可以看出，商的各位数字只能全部为$$1$$．算式可表示如下： analysis_5541-image_0,填空,{},"[""拓展思维----组合模块----数字谜----竖式数字谜----除法竖式谜""]"
118,除法竖式谜,5842,"[""拓展思维----组合模块----数字谜----竖式数字谜----除法竖式谜""]","[""question_5842-image_0""]",在下图的方格内填入适当的数字，使下列除法竖式成立，除数是. question_5842-image_0,"[""$$29$$""]",除数$$\times 8=232$$，那么除数是$$232\div 8=29$$．原式即为$$2465\div 29=85$$．,填空,{},"[""拓展思维----组合模块----数字谜----竖式数字谜----除法竖式谜""]"
118,除法竖式谜,6078,"[""拓展思维----组合模块----数字谜----竖式数字谜----除法竖式谜""]","[""analysis_6078-image_0"", ""question_6078-image_0""]","在右图中竖式除法中，被除数为．
 question_6078-image_0","[""$$20952$$""]","前$$4$$个突破口见图示：
 analysis_6078-image_0 
突破口5：$$\overline{10\square }\times 9=\overline{9\square 2}\Rightarrow 108\times 9=972$$；由$$\overline{101\square }-972$$的差可知商的个位为$$3$$或$$4$$，经尝试，结果为：$$20952=108\times 194．$$",填空,{},"[""拓展思维----组合模块----数字谜----竖式数字谜----除法竖式谜""]"
118,除法竖式谜,6316,"[""拓展思维----组合模块----数字谜----竖式数字谜----除法竖式谜""]","[""analysis_6316-image_0"", ""question_6316-image_0""]",在下面算式的空格内，各填入一个数字，使算式成立．那么除数是. question_6316-image_0,"[""$$9$$""]",由于余数是$$8$$，根据余数要比除数小这个原则，可以确定除数为$$9$$．依次从下至上填出所有数． analysis_6316-image_0,填空,{},"[""拓展思维----组合模块----数字谜----竖式数字谜----除法竖式谜""]"
232,加法竖式谜,464,"[""拓展思维----组合模块----数字谜----竖式数字谜----加法竖式谜""]","[""analysis_464-image_0"", ""question_464-image_0""]",回答下列问题：在空格内填入适当的数字，使图中的竖式成立，那么相加的结果是． question_464-image_0,"[""$$2000$$""]",先填个位，$$8+\square +1$$的个位为$$0$$，所以方框内只能填$$1$$，并且个位向十位进$$1$$．再填十位，$$\square +3+9+1$$（进位）的个位为$$0$$，所以方框内只能填$$7$$，并且十位向百位进$$2$$．最后填百位，$$4+5+\square +2$$（进位）的十位为$$2$$，所以方框内只能填$$9$$，和的$$\square $$内填$$0$$．故答案为：$$478+531+991=2000$$ analysis_464-image_0 ．,填空,{},"[""拓展思维----组合模块----数字谜----竖式数字谜----加法竖式谜""]"
232,加法竖式谜,466,"[""拓展思维----组合模块----数字谜----竖式数字谜----加法竖式谜""]","[""question_466-image_0""]",如图所示，空格中的数都是$$3$$~$$8$$中的数字（可以重复使用），那么这$$6$$个空格中数字之和. question_466-image_0,"[""$$39$$""]",先看个位，$$3$$个$$3$$~$$8$$范围的数加起来个位是$$8$$，这个和只能是$$18$$，因此个位向十位进$$1$$，同理，十位上$$2$$个3~-8范围的数加起来个位是$$5$$，这个和只能是$$15$$，因此十位向百位进$$1$$，而百位上一个数字加进位$$1$$是$$7$$，所以百位是$$6$$，没进位，因此这$$6$$个空格中数字之和是：$$18+15+6=39$$．,填空,{},"[""拓展思维----组合模块----数字谜----竖式数字谜----加法竖式谜""]"
232,加法竖式谜,850,"[""拓展思维----组合模块----数字谜----竖式数字谜----加法竖式谜""]","[""question_850-image_0""]","在空格内填入适当的数字，使图中的加法竖式成立．那么竖式中的和是．
 question_850-image_0","[""$$1940$$""]",$$981+959=1940$$．,填空,{},"[""拓展思维----组合模块----数字谜----竖式数字谜----加法竖式谜""]"
232,加法竖式谜,851,"[""拓展思维----组合模块----数字谜----竖式数字谜----加法竖式谜""]","[""question_851-image_0""]","下面的算式里，四个小纸片各盖住了一个数字．被盖住的四个数字的总和是多少?
 question_851-image_0","[""B""]",$$149$$的个位数是$$9$$，说明两个个位数相加没有进位，因此，$$9$$是两个个位数的和，$$14$$是两个十位数的和．于是，四个数字的总和是$$14＋9＝23$$．,单选,"{""A"": ""$$22$$"", ""B"": ""$$23$$"", ""C"": ""$$24$$"", ""D"": ""$$25$$""}","[""拓展思维----组合模块----数字谜----竖式数字谜----加法竖式谜""]"
232,加法竖式谜,852,"[""拓展思维----组合模块----数字谜----竖式数字谜----加法竖式谜""]","[""analysis_852-image_0"", ""question_852-image_0""]","下列竖式如果成立的话，该竖式最后的结果为．
 question_852-image_0","[""$$102$$""]","竖式中存在黄金三角．
 analysis_852-image_0",填空,{},"[""拓展思维----组合模块----数字谜----竖式数字谜----加法竖式谜""]"
232,加法竖式谜,1374,"[""拓展思维----组合模块----数字谜----竖式数字谜----加法竖式谜""]","[""question_1374-image_0""]","在空格内填入适当的数字，使下图中的加法竖式成立，请写出这个算式：.
 question_1374-image_0","[""$$79+966=1045$$""]",从个位看，第一个加数个位为$$9$$，并且进一位；从十位看，第二个加数的十位是$$6$$；第二个加数的 百位一定是$$9$$才能保证有进位，所以得数为$$1045$$．,填空,{},"[""拓展思维----组合模块----数字谜----竖式数字谜----加法竖式谜""]"
232,加法竖式谜,1376,"[""拓展思维----组合模块----数字谜----竖式数字谜----加法竖式谜""]","[""question_1376-image_0""]",在图中的空格内填入适当的数字，使加法竖式成立．算式的结果是． question_1376-image_0,"[""$$1005$$""]",从个位看起，第二个加数的个位是$$9$$，向十位进$$1$$，第二个加数的十位是$$9$$，接受个位的进位结果是$$10$$，向百位进$$1$$，前面部分组成$$109$$三角空位.$$6+999=1005$$．,填空,{},"[""拓展思维----组合模块----数字谜----竖式数字谜----加法竖式谜""]"
232,加法竖式谜,1377,"[""拓展思维----组合模块----数字谜----竖式数字谜----加法竖式谜""]","[""question_1377-image_0""]",下列算式中相同汉字表示相同的数字，不同汉字表示不同的数字，请求出“真”，“是”，“有”，“趣”所代表数字的和． question_1377-image_0,"[""$$16$$""]",个位：$$3$$个“趣”相加得到的结果个位上的数是$$2$$，则“趣”只能等于$$4$$，十位：$$3$$个“有”相加等于$$9$$，“有”$$=3$$；百位：真$$+$$是$$+1$$的和个位为$$0$$，“真”不可能等于$$2$$，故千位真$$=1$$，百位会向千位进位$$1$$，$$1+$$是$$+1=10$$，“是”$$=8$$，真$$+$$是$$+$$有$$+$$趣$$=1+8+3+4=16$$．,填空,{},"[""拓展思维----组合模块----数字谜----竖式数字谜----加法竖式谜""]"
232,加法竖式谜,1378,"[""拓展思维----组合模块----数字谜----竖式数字谜----加法竖式谜""]","[""analysis_1378-image_0"", ""question_1378-image_0""]",下面的算式中不同的汉字表示不同的数字，相同的汉字表示相同的数字．如果巧$$+$$解$$+$$数$$+$$字$$+$$谜$$=30$$，那么“$$\overline{巧解数字谜}$$”所代表的五位数是？ question_1378-image_0,"[""$$28965$$""]",观察算式的个位，由于谜$$+$$谜$$+$$谜$$+$$谜$$+$$谜和的个位还是“谜”，所以“谜”$$0$$或$$5$$．①若“谜”$$=0$$，则十位上字$$\times 4$$的个位是字，字$$=0$$，出现重复数字，因此“谜”$$\ne 0$$．②若“谜”$$=5$$，则巧$$+$$解$$+$$数$$+$$字$$=25$$．观察这个算式的十位，由于字$$+$$字$$+$$字$$+$$字$$+2$$和的个位还是“字”，所以“字”$$=6$$，则巧$$+$$解$$+$$数$$=19$$．再看算式的百位，由于数$$+$$数$$+$$数$$+2$$和的个位还是“数”，因而“数”$$=4$$或$$9$$，若“数”$$=4$$，则“解”$$9$$．因而“巧”$$=19-4-9=6$$，“赛”$$=5$$，与“谜”$$=5$$重复，因此“数”$$\ne 4$$，所以“数”$$=9$$，则“巧”$$+$$ “解”$$=10$$．最后看算式的千位，由于“解”$$+$$ “解”$$+2$$和的个位还是“解”，所以“解”$$=8$$，则“巧”$$=2$$，因此“赛”$$=1$$．问题得解． analysis_1378-image_0 因此，“巧解数字谜”所代表的五位数为$$28965$$．,填空,{},"[""拓展思维----组合模块----数字谜----竖式数字谜----加法竖式谜""]"
232,加法竖式谜,1379,"[""拓展思维----组合模块----数字谜----竖式数字谜----加法竖式谜""]","[""question_1379-image_0""]",下面的竖式共有$$10$$个数字，恰好是$$0$$~$$9$$各一个．其中$$4$$的位置已经给出，请计数：共有种满足要求的不同的竖式？ question_1379-image_0,"[""$$12$$""]",高位是$$1$$、$$0$$、$$9$$，数字和分析可知进了$$3$$次位，和的数字和是$$9$$，即$$1026$$或$$1035$$．加数十位填$$8$$时个位有$$6$$种换法，十位填$$7$$时个位也有$$6$$种换法，共$$12$$种．,填空,{},"[""拓展思维----组合模块----数字谜----竖式数字谜----加法竖式谜""]"
232,加法竖式谜,1381,"[""拓展思维----组合模块----数字谜----竖式数字谜----加法竖式谜""]","[""question_1381-image_0""]",在图中的每个空格内填入$$1$$、$$3$$、$$5$$、$$7$$、$$9$$这五个数字中的一个（可以重复使用），使其成为正确的加法竖式，那么所填的各个数字之和是？ question_1381-image_0,"[""$$38$$""]",先看百位，只能填$$5$$，十位加起来只能是$$12$$，个位相加是$$21$$，$$5+12+21=38$$．,填空,{},"[""拓展思维----组合模块----数字谜----竖式数字谜----加法竖式谜""]"
232,加法竖式谜,1382,"[""拓展思维----组合模块----数字谜----竖式数字谜----加法竖式谜""]","[""question_1382-image_0""]",如图所示，$$\square $$、$$\bigcirc $$和$$\triangle $$分别表示不同的数字．请找出它们分别表示什么数字．$$\bigcirc =$$；$$\square= $$；$$\triangle =$$． question_1382-image_0,"[""$$8$$"", ""$$9$$"", ""$$5$$""]",从个位看“$$\triangle +\triangle +\triangle $$”的个位是$$\triangle $$，那么$$\triangle=0$$或$$5$$，只能是$$5$$，进一位；从十位看，“$$\square +\square+1 $$”的个位是$$\square $$，$$\square=9 $$；百位上$$\bigcirc =8$$．,填空,{},"[""拓展思维----组合模块----数字谜----竖式数字谜----加法竖式谜""]"
232,加法竖式谜,1383,"[""拓展思维----组合模块----数字谜----竖式数字谜----加法竖式谜""]","[""analysis_1383-image_0"", ""question_1383-image_0""]",在下面的$$\square $$内填入适当的数字，使竖式分别成立．算式的结果是． question_1383-image_0,"[""$$2000$$""]",和首位为$$2$$，则百位向前进$$2$$，只能$9+9+2=20$十位向前进$$2$$，一定是$3+6+9+2$个位向前进$$2$$，一定是$8+3+9$ analysis_1383-image_0,填空,{},"[""拓展思维----组合模块----数字谜----竖式数字谜----加法竖式谜""]"
232,加法竖式谜,1384,"[""拓展思维----组合模块----数字谜----竖式数字谜----加法竖式谜""]","[""question_1384-image_0""]","在空格内填入适当的数字，使下图中的加法竖式成立，第二个加数是．
 question_1384-image_0","[""$$966$$""]",从个位看，第一个加数个位为$$9$$，并且进一位；从十位看，第二个加数的十位是$$6$$；第二个加数的 百位一定是$$9$$才能保证有进位，所以得数为$$1045$$．即$$79+966=1045$$．,填空,{},"[""拓展思维----组合模块----数字谜----竖式数字谜----加法竖式谜""]"
232,加法竖式谜,1385,"[""拓展思维----组合模块----数字谜----竖式数字谜----加法竖式谜""]","[""question_1385-image_0""]","如下图，在空格内填入合适的数字，使竖式成立，第二个加数是．
 question_1385-image_0","[""$$991$$""]",从个位看，第二个加数的个位是$$1$$；从十位看，第一个加数的十位是$$8$$；从最高位看，要满足进位，第一个加数和第二个加数的最高位都是$$9$$．故$$9087+991=10078$$．,填空,{},"[""拓展思维----组合模块----数字谜----竖式数字谜----加法竖式谜""]"
232,加法竖式谜,1386,"[""拓展思维----组合模块----数字谜----竖式数字谜----加法竖式谜""]","[""question_1386-image_0""]","在竖式中填入适当的数字，使竖式成立，那么第一个竖式的和（也就是第二个竖式的被减数）是（ ）．
 question_1386-image_0","[""B""]",根据后面四位数减三位数可得，上个竖式的和是$$1000$$或$$1001$$，减数是$$998$$或者$$999$$，再根据两个加数可得最小是$$900$$和$$101$$，和都为$$1001$$，所以只能是$$1001$$．,单选,"{""A"": ""$$1000$$"", ""B"": ""$$1001$$"", ""C"": ""$$1002$$"", ""D"": ""$$1003$$""}","[""拓展思维----组合模块----数字谜----竖式数字谜----加法竖式谜"", ""拓展思维----组合模块----数字谜----竖式数字谜----减法竖式谜""]"
232,加法竖式谜,1539,"[""拓展思维----组合模块----数字谜----竖式数字谜----加法竖式谜""]","[""analysis_1539-image_0"", ""question_1539-image_0""]",回答下列各题：在空格内填入适当的数字，使图中的竖式成立，那么相加的结果是． question_1539-image_0,"[""$$2000$$""]",先填个位，$$8+\square +1$$的个位为$$0$$，所以方框内只能填$$1$$，并且个位向十位进$$1$$．再填十位，$$\square +3+9+1$$（进位）的个位为$$0$$，所以方框内只能填$$7$$，并且十位向百位进$$2$$．最后填百位，$$4+5+\square +2$$（进位）的十位为$$2$$，所以方框内只能填$$9$$，和的$$\square $$内填$$0$$．故答案为：$$478+531+991=2000$$ analysis_1539-image_0 ．,填空,{},"[""拓展思维----组合模块----数字谜----竖式数字谜----加法竖式谜""]"
232,加法竖式谜,1542,"[""拓展思维----组合模块----数字谜----竖式数字谜----加法竖式谜""]","[""question_1542-image_0""]",如图所示，空格中的数都是$$3$$~$$8$$中的数字（可以重复使用），那么这$$6$$个空格中数字之和是． question_1542-image_0,"[""$$39$$""]",先看个位，$$3$$个$$3$$~$$8$$范围的数加起来个位是$$8$$，这个和只能是$$18$$，因此个位向十位进$$1$$，同理，十位上$$2$$个3~-8范围的数加起来个位是$$5$$，这个和只能是$$15$$，因此十位向百位进$$1$$，而百位上一个数字加进位$$1$$是$$7$$，所以百位是$$6$$，没进位，因此这$$6$$个空格中数字之和是：$$18+15+6=39$$．,填空,{},"[""拓展思维----组合模块----数字谜----竖式数字谜----加法竖式谜""]"
232,加法竖式谜,1937,"[""拓展思维----组合模块----数字谜----竖式数字谜----加法竖式谜""]","[""question_1937-image_0""]","在下列算式中，相同汉字代表相同的数字，不同汉字代表不同的数字，""爱""代表,""学""代表,""习""代表．
 question_1937-image_0","[""$$1$$"", ""$$5$$"", ""$$0$$""]","个位：三个习相加所得的数个位为习，故习可能等于$$0$$或者$$5$$
若习为$$0$$，十位学$$=5$$，爱$$=1$$
若习为$$5$$，无解，故习$$=0$$，学$$=5$$，爱$$=1$$．",填空,{},"[""拓展思维----组合模块----数字谜----竖式数字谜----加法竖式谜""]"
232,加法竖式谜,2006,"[""拓展思维----组合模块----数字谜----竖式数字谜----加法竖式谜""]","[""question_2006-image_0""]",下面的加法竖式中，相同的汉字代表相同的数字，不同的汉字代表不同的数字，那么“好”所代表的数字是． question_2006-image_0,"[""$$9$$""]",从个位看，“生$$+$$生$$+$$生”的个位是$$2$$，生$$=4$$，进一位；从十位看，“学$$+$$学$$+$$学$$+1$$”的个位是$$2$$，学$$=7$$，进两位；从百位看，“好$$+$$好$$+2$$”的个位是$$0$$，好$$=4$$或$$9$$，数字不能重复，所以好$$=9$$，进两位；千位上，三$$=1$$．,填空,{},"[""拓展思维----组合模块----数字谜----竖式数字谜----加法竖式谜""]"
232,加法竖式谜,2007,"[""拓展思维----组合模块----数字谜----竖式数字谜----加法竖式谜""]","[""question_2007-image_0""]",如下图所示，空格中的数都是$$2\sim6$$中的数字（可以重复使用），那么这$$9$$个空格中数字之和是. question_2007-image_0,"[""$$38$$""]",先看个位，$$3$$个$$2\sim6$$范围的数加起来在$$6-18$$之间，这个和只能是$$14$$，因此个位向十位进$$1$$，同理，十位上$$3$$个$$2\sim6$$范围的数加起来个位是$$5$$，这个和只能是$$15$$，因此十位向百位进$$1$$，而百位上两个数字加$$1$$个位是$$6$$，所以这两个数字相加等于$$5$$，没进位，所以千位是$$4$$，因此这$$9$$个空格中数字之和是：$$14+15+5+4=38$$．,填空,{},"[""拓展思维----组合模块----数字谜----竖式数字谜----加法竖式谜""]"
232,加法竖式谜,2008,"[""拓展思维----组合模块----数字谜----竖式数字谜----加法竖式谜""]","[""question_2008-image_0""]",下面的竖式共有$$10$$个数字，恰好是$$0$$~$$9$$各一个．其中$$3$$的位置已经给出，请计数：共有种满足要求的不同的竖式. question_2008-image_0,"[""$$6$$""]",千位是$$1$$，百位是$$9$$加进位点得$$0$$，这说明已经至少进了$$2$$次位．总数字和是$$45$$，故进位总次数是奇数次，即$$3$$次，进而求得和的数字和是$$9.$$于是和只能是$$1026.$$十位是$$8$$加$$3$$加进位点，个位是$$4$$加$$5$$加$$7$$进位得$$6.$$本题即使枚举尝试，也能很快发现除了加数的个位之外，数字是固定的．首位分析，1/0/9金三角，且十位向百位进位，第$$2$$个加数的十位经尝试，只能是$$8$$，个位凑$$16$$，结果是$$1026$$.除了加数的个位之外，数字是固定的，个位顺序可变，分别是$$16=4+5+7=4+7+5=5+4+7=5+7+4=7+4+5=7+5+4$$，共$$6$$种.,填空,{},"[""拓展思维----组合模块----数字谜----竖式数字谜----加法竖式谜""]"
232,加法竖式谜,2009,"[""拓展思维----组合模块----数字谜----竖式数字谜----加法竖式谜""]","[""analysis_2009-image_0"", ""analysis_2009-image_1"", ""question_2009-image_0""]","把数字$$0$$、$$1$$、$$2$$、$$3$$、$$4$$、$$5$$分别填写在下面算式中的$$\square$$里，和为．
 question_2009-image_0","[""D""]","和的个位为$$2+1=3$$．
因为$$0$$不能在首位，且不能在和的十位（如果$$0$$在和的十位，则加数的十位为$$8$$），
所以$$0$$在加数的十位．所以和的十位为$$2+0=2$$．
两个加数的百位分别为$$1$$和$$4$$，和的百位为$$5$$．
竖式如图所示．
 analysis_2009-image_0 或 analysis_2009-image_1",单选,"{""A"": ""$$453$$"", ""B"": ""$$423$$"", ""C"": ""$$532$$"", ""D"": ""$$523$$""}","[""拓展思维----组合模块----数字谜----竖式数字谜----加法竖式谜""]"
232,加法竖式谜,2010,"[""拓展思维----组合模块----数字谜----竖式数字谜----加法竖式谜""]",[],"所给的竖式中，相同的图形代表相同的数字，不同的图形代表不同的数字，则☆=，○=，△=．




☆
○


+
☆
○



△
6


-

△



4
2","[""$$2$$"", ""$$3$$"", ""$$4$$""]","☆$$=2$$$$,$$○$$=3$$$$,$$△$$=4$$$$.$$",填空,{},"[""拓展思维----组合模块----数字谜----竖式数字谜----加法竖式谜""]"
232,加法竖式谜,2011,"[""拓展思维----组合模块----数字谜----竖式数字谜----加法竖式谜""]",[],"完成下列算式．





$$6$$



$$+$$


$$2$$




$$4$$
$$8$$","[""$$6$$"", ""$$9$$"", ""$$8$$"", ""$$1$$"", ""$$0$$""]","根据“黄金三角”填出首位“$$9$$”“$$1$$”“$$0$$”，根据$$\square +2=8$$得出方框为$$6$$，根据$$6+\square $$个位为$$4$$，得出$$\square $$为$$8$$．





$$6$$
$$6$$


$$+$$
$$9$$
$$8$$
$$2$$


$$1$$
$$0$$
$$4$$
$$8$$



故答案为：$$6$$；$$9$$；$$8$$；$$1$$；$$0$$．",填空,{},"[""拓展思维----组合模块----数字谜----竖式数字谜----加法竖式谜""]"
232,加法竖式谜,2315,"[""拓展思维----组合模块----数字谜----竖式数字谜----加法竖式谜""]","[""question_2315-image_0""]","在图中算式的每个空格中，各填入一个合适的数字，使竖式成立．问：和数是．
 question_2315-image_0","[""$$10078$$""]",采用个位分析法知：第一个加数个位中的□填$$1$$，第二个加数十位中的□填$$8$$．采用首位分析法知：和中的万位填$$1$$，千位填$$0$$，则知第二个加数中的千位是$$9$$，第一个加数中的百位填$$9$$．则$$991+9087=10078$$．,填空,{},"[""拓展思维----组合模块----数字谜----竖式数字谜----加法竖式谜""]"
232,加法竖式谜,2318,"[""拓展思维----组合模块----数字谜----竖式数字谜----加法竖式谜""]","[""analysis_2318-image_0"", ""analysis_2318-image_1"", ""question_2318-image_0"", ""question_2318-image_1""]","给下列竖式的□里填上合适的数字，使算式成立．计算：$$A+B=$$．
 question_2318-image_0 question_2318-image_1","[""$$9$$""]","根据加减法的进退位分析法，来填写每个就竖式中的空．
具体答案如下：
 analysis_2318-image_0  analysis_2318-image_1 
所以$$A=4$$，$$B=5$$．
故答案为：$$9$$．",填空,{},"[""拓展思维----组合模块----数字谜----竖式数字谜----加法竖式谜"", ""拓展思维----组合模块----数字谜----竖式数字谜----减法竖式谜""]"
232,加法竖式谜,2319,"[""拓展思维----组合模块----数字谜----竖式数字谜----加法竖式谜""]",[],"请你算一算，算式中的每个汉字各表示几？相同的汉字代表相同的数字，不同的汉字代表不同的数字，三$$+$$好$$+$$学$$+$$生=．
$$\begin{matrix}&&& 学 & 生 \\&&好&学&生\\ +&三 & 好&学&生 \\ \hline&3 & 0&2&2 \end{matrix}$$","[""$$21$$""]","从个位看，“生$$+$$生$$+$$生”的个位是$$2$$，生$$=4$$，进一位；
从十位看，“学$$+$$学$$+$$学$$+1$$” 的个位是$$2$$，学$$=7$$，进两位；
从百位看，“好$$+$$好$$+2$$” 的个位是$$0$$，好$$=4$$或$$9$$，数字不能重复，
所以好$$=9$$，进两位；千位上，三$$=1$$．",填空,{},"[""拓展思维----组合模块----数字谜----竖式数字谜----加法竖式谜""]"
232,加法竖式谜,2321,"[""拓展思维----组合模块----数字谜----竖式数字谜----加法竖式谜""]","[""analysis_2321-image_0"", ""analysis_2321-image_1"", ""analysis_2321-image_2"", ""question_2321-image_0""]","贪玩的艾迪不小心打翻了墨汁，墨水将纸上竖式中的数字涂黑了$$.$$ 妈妈告诉艾迪左边竖式的结果刚好是右边竖式的一个加数$$.$$ 聪明的小朋友们，你能帮艾迪将这两个竖式复原吗？你得到的加法竖式的结果是．
 question_2321-image_0","[""$$101$$""]","先看减法竖式，两位数减$$9$$得一位数，这个两位数的十位一定是$$1$$，即被减数为$$12$$，差为$$3$$，得 analysis_2321-image_0 ． 则右侧加法竖式补充为 analysis_2321-image_1 ．
再看加法竖式，有黄金三角，分析易得 analysis_2321-image_2 ，即这个加法竖式的计算结果为101．",填空,{},"[""拓展思维----组合模块----数字谜----竖式数字谜----加法竖式谜"", ""拓展思维----组合模块----数字谜----竖式数字谜----图文减法竖式数字谜""]"
232,加法竖式谜,2322,"[""拓展思维----组合模块----数字谜----竖式数字谜----加法竖式谜""]","[""question_2322-image_0""]","下图的每个方框中填入一个数字，有种填法．
 question_2322-image_0","[""$$6$$""]",加数可以是（$$4$$，$$9$$），（$$5$$，$$8$$），（$$6$$，$$7$$），（$$7$$，$$6$$），（$$8$$，$$5$$），（$$9$$，$$4$$ ）共$$6$$种．,填空,{},"[""拓展思维----组合模块----数字谜----竖式数字谜----加法竖式谜""]"
232,加法竖式谜,2587,"[""拓展思维----组合模块----数字谜----竖式数字谜----加法竖式谜""]",[],"在图中的空格内填入适当的数字，使加法竖式成立．求：加法竖式得到的和为．
$$\begin{matrix}& & &\boxed{7} \\ +&&\square & \boxed{5} \\ \hline &\square&\square & \square \end{matrix}$$","[""$$102$$""]","见下图





7


+
9
5


1
0
2",填空,{},"[""拓展思维----组合模块----数字谜----竖式数字谜----加法竖式谜""]"
232,加法竖式谜,2903,"[""拓展思维----组合模块----数字谜----竖式数字谜----加法竖式谜""]","[""question_2903-image_0""]","已知有如图竖式谜：$$☆=$$，$$△=$$?
 question_2903-image_0","[""B""]","个位$$☆+3=9$$,那么$$☆=9-3=6$$，没有进位，十位$$5+△=6$$，得到$$△=1$$，所以选择B.",单选,"{""A"": ""$$3$$,$$2$$"", ""B"": ""$$6$$,$$1$$"", ""C"": ""$$2$$,$$1$$"", ""D"": ""$$2$$,$$4$$""}","[""拓展思维----组合模块----数字谜----竖式数字谜----加法竖式谜""]"
232,加法竖式谜,2904,"[""拓展思维----组合模块----数字谜----竖式数字谜----加法竖式谜""]","[""question_2904-image_0""]","在下图的加法算式中，每个字母代表一个数字，不同的字母代表不同的数字，那么$$\overline{EFFC}$$代表的四位数是（ ）．
 question_2904-image_0","[""D""]",根据黄金三角，那么$$E=1$$，$$F=0$$，$$C=9$$，那么$$\overline{EFFC}$$代表的四位数为$$1009$$．,单选,"{""A"": ""$$1006$$"", ""B"": ""$$1007$$"", ""C"": ""$$1008$$"", ""D"": ""$$1009$$""}","[""拓展思维----组合模块----数字谜----竖式数字谜----加法竖式谜""]"
232,加法竖式谜,2905,"[""拓展思维----组合模块----数字谜----竖式数字谜----加法竖式谜""]","[""question_2905-image_0""]","请问下列竖式中第二个加数是多少？（ ）．
 question_2905-image_0","[""B""]",末位分析结合进位分析．,单选,"{""A"": ""$$68$$"", ""B"": ""$$78$$"", ""C"": ""$$88$$"", ""D"": ""$$98$$""}","[""拓展思维----组合模块----数字谜----竖式数字谜----加法竖式谜""]"
232,加法竖式谜,2921,"[""拓展思维----组合模块----数字谜----竖式数字谜----加法竖式谜""]",[],"完成下列竖式，使竖式成立．
 7  9 +  5  4 4 3","[""B""]",$$789+654=1443$$,单选,"{""A"": ""$$779+654=1443$$"", ""B"": ""$$789+654=1443$$"", ""C"": ""$$779+752=1443$$"", ""D"": ""$$789+553=1443$$""}","[""拓展思维----组合模块----数字谜----竖式数字谜----加法竖式谜""]"
232,加法竖式谜,3033,"[""拓展思维----组合模块----数字谜----竖式数字谜----加法竖式谜""]","[""question_3033-image_0""]","在空格内填入适当的数字，使图中的加法竖式成立，问号处填入．
 question_3033-image_0","[""$$6$$""]",$$384+657=1041$$,填空,{},"[""拓展思维----组合模块----数字谜----竖式数字谜----加法竖式谜""]"
232,加法竖式谜,3035,"[""拓展思维----组合模块----数字谜----竖式数字谜----加法竖式谜""]","[""question_3035-image_0""]",在空格内填入适当的数字，使下图中的减法竖式成立．算式的结果是． question_3035-image_0,"[""$$991$$""]",根据“109三角”推出被减数为10□78，再跟据借位分析得到$$10078$$．$$10078-9087=991$$．,填空,{},"[""拓展思维----组合模块----数字谜----竖式数字谜----加法竖式谜"", ""拓展思维----组合模块----数字谜----竖式数字谜----减法竖式谜""]"
232,加法竖式谜,3037,"[""拓展思维----组合模块----数字谜----竖式数字谜----加法竖式谜""]","[""question_3037-image_0""]","在图中的空格内填入适当的数字，使加法竖式成立．
式子应为+=$$1089$$
 question_3037-image_0","[""$$841$$"", ""$$248$$""]",$$841+248=1089$$,填空,{},"[""拓展思维----组合模块----数字谜----竖式数字谜----加法竖式谜""]"
232,加法竖式谜,3604,"[""拓展思维----组合模块----数字谜----竖式数字谜----加法竖式谜""]","[""analysis_3604-image_0"", ""question_3604-image_0""]", 回答下列问题：在空格内填入适当的数字，使图中的竖式成立，那么相加的结果是． question_3604-image_0,"[""$$1118$$""]",加数的个位为$$3$$，且个位向十位进$$1$$．和的千位为$$1$$，加数的百位为$$9$$且十位向百位进$$2$$．所以其它两个加数的十位都为$$9$$．竖式如图所示．故答案为：$$98+97+923=1118$$ analysis_3604-image_0 ．,填空,{},"[""拓展思维----组合模块----数字谜----竖式数字谜----加法竖式谜""]"
232,加法竖式谜,3682,"[""拓展思维----组合模块----数字谜----竖式数字谜----加法竖式谜""]",[],"在空格里填入适当的数字，使竖式成立．





3

9


+
1

7





0
6
3","[""$$8$$"", ""$$6$$"", ""$$4$$"", ""$$2$$""]","个位上，由$$9+4=13$$，可得，下面加数的个位为$$4$$，向十位进$$1$$；
十位上，由$$7+8+1=16$$，可得，上面加数的十位为$$8$$，向百位进$$1$$；
百位上，由$$3+6+1=10$$，可得，下面加数的百位为$$6$$，向千位进$$1$$；
得数的千位上，$$1+1=2$$，可得，得数的□填$$2$$．
由以上分析可得竖式是：





3
8
9


+
1
6
7
4



2
0
6
3",填空,{},"[""拓展思维----组合模块----数字谜----竖式数字谜----加法竖式谜""]"
232,加法竖式谜,3788,"[""拓展思维----组合模块----数字谜----竖式数字谜----加法竖式谜""]","[""question_3788-image_0""]",在图中的空格内填入适当的数字，使加法竖式成立．这个竖式的结果为 question_3788-image_0,"[""$$1005$$""]",$$6+999=1005$$．,填空,{},"[""拓展思维----组合模块----数字谜----竖式数字谜----加法竖式谜""]"
232,加法竖式谜,4250,"[""拓展思维----组合模块----数字谜----竖式数字谜----加法竖式谜""]","[""analysis_4250-image_0"", ""question_4250-image_0""]",回答下列各题：在空格内填入适当的数字，使图中的竖式成立，那么相加的结果是. question_4250-image_0,"[""$$2000$$""]",先填个位，$$8+\square +1$$的个位为$$0$$，所以方框内只能填$$1$$，并且个位向十位进$$1$$．再填十位，$$\square +3+9+1$$（进位）的个位为$$0$$，所以方框内只能填$$7$$，并且十位向百位进$$2$$．最后填百位，$$4+5+\square +2$$（进位）的十位为$$2$$，所以方框内只能填$$9$$，和的$$\square $$内填$$0$$．故答案为：$$478+531+991=2000$$ analysis_4250-image_0 ．,填空,{},"[""拓展思维----组合模块----数字谜----竖式数字谜----加法竖式谜""]"
232,加法竖式谜,4252,"[""拓展思维----组合模块----数字谜----竖式数字谜----加法竖式谜""]","[""question_4252-image_0""]",下面的加法竖式中，相同的汉字代表相同的数字，不同的汉字代表不同的数字，那么“好”所代表的数字是（ ）． question_4252-image_0,"[""D""]",从个位看，“生$$+$$生$$+$$生”的个位是$$2$$，生$$=4$$，进一位；从十位看，“学$$+$$学$$+$$学$$+1$$”的个位是$$2$$，学$$=7$$，进两位；从百位看，“好$$+$$好$$+2$$”的个位是$$0$$，好$$=4$$或$$9$$，数字不能重复，所以好$$=9$$，进两位；千位上，三$$=1$$．故选$$\text{D}$$．,单选,"{""A"": ""$$0$$"", ""B"": ""$$5$$"", ""C"": ""$$4$$"", ""D"": ""$$9$$""}","[""拓展思维----组合模块----数字谜----竖式数字谜----加法竖式谜""]"
232,加法竖式谜,4254,"[""拓展思维----组合模块----数字谜----竖式数字谜----加法竖式谜""]","[""question_4254-image_0""]","在下列竖式的方框中填入合适的数字，使竖式成立．那么最后的和是．
 question_4254-image_0","[""$$10078$$""]",从个位开始分析，个位$$1+7=8$$，填$$1$$；十位$$9+8=17$$，填$$8$$，写$$7$$进$$1$$；百位不好确定，可以先看首位，有一个“$$910$$金三角”，说明百位（ ）$$+0$$是可以进$$1$$的，只有$$9+0$$再加上进位$$1$$，所以百位填$$9$$和$$0$$．最终的算式是$$991+9087=10078$$．,填空,{},"[""拓展思维----组合模块----数字谜----竖式数字谜----加法竖式谜""]"
232,加法竖式谜,5266,"[""拓展思维----组合模块----数字谜----竖式数字谜----加法竖式谜""]","[""analysis_5266-image_0"", ""question_5266-image_0""]",在下面算式的空格内填入合适的数字，使算式成立． question_5266-image_0 第一个加数为？,"[""B""]",突破口在减法竖式，四位数减三位数差为$$1$$，所以一定是$$1000-999=1$$，再填出加法即可．这是一道加减混合算式，观察这两个算式从减法算式入手比较简单．由位数分析法可知一个四位数减去一个三位数结果为$$1$$只有$$1000-999$$，故加法算式中$$764+236=1000$$. analysis_5266-image_0,单选,"{""A"": ""$$765$$"", ""B"": ""$$764$$"", ""C"": ""$$763$$"", ""D"": ""$$754$$""}","[""拓展思维----组合模块----数字谜----竖式数字谜----加法竖式谜"", ""拓展思维----组合模块----数字谜----竖式数字谜----减法竖式谜""]"
232,加法竖式谜,5363,"[""拓展思维----组合模块----数字谜----竖式数字谜----加法竖式谜""]","[""question_5363-image_0""]",在下面算式中，相同的字母代表相同的数字，不同的字母代表不同的数字，那么$$A=$$，$$B=$$，$$C=$$，$$D=$$． question_5363-image_0,"[""$$9$$"", ""$$8$$"", ""$$0$$"", ""$$1$$""]",易得$$D=1$$，且$$A$$ 至少为$$5$$（否则不可能发生进位）．接下来分情况讨论即可．1）若$$A=5$$，根据个位，得出$$B=0$$；根据十位，易得$$C=4$$；此时百位即发生矛盾；2）若$$A=6$$，根据个位，得出$$B=2$$；根据十位，易得$$C=3$$；此时百位即发生矛盾；3）若$$A=7$$，根据个位，得出$$B=4$$；根据十位，易得$$C=2$$；此时百位即发生矛盾；4）若$$A=8$$，根据个位，得出$$B=6$$；根据十位，易得$$C=1$$；此时百位即发生矛盾；5）若$$A=9$$，根据个位，得出$$B=8$$；根据十位，易得$$C=0$$；百位满足条件．所以 $$A=9$$，$$B=8$$，$$C=0$$，$$D=1$$．法二：易得$$D=1.$$分析千位与个位，$$A+A$$一定向前进位，且末位是$$B$$，则百位的$$B+C$$一定没有进位，故$$B+C=B$$，得$$C=0.$$此时分析十位知$$B+1=A$$，$$2A=10+B$$，得$$B=8$$，A=9.所以 $$A=9$$，$$B=8$$，$$C=0$$，$$D=1$$．,填空,{},"[""拓展思维----组合模块----数字谜----竖式数字谜----加法竖式谜""]"
232,加法竖式谜,5384,"[""拓展思维----组合模块----数字谜----竖式数字谜----加法竖式谜""]","[""question_5384-image_0""]","下面竖式，相同字母代表相同数字，不同字母代表不同数字，如果没有发生进位，求$$A+B+C+D$$的值（ ）．
 question_5384-image_0","[""D""]","没进位说明$$B+D=4$$，$$A+C=9$$，$$A+B+C+D=9+4=13$$．
故选$$\text{D}$$．",单选,"{""A"": ""$$4$$"", ""B"": ""$$7$$"", ""C"": ""$$9$$"", ""D"": ""$$13$$""}","[""拓展思维----组合模块----数字谜----竖式数字谜----加法竖式谜""]"
232,加法竖式谜,5385,"[""拓展思维----组合模块----数字谜----竖式数字谜----加法竖式谜""]","[""analysis_5385-image_0"", ""question_5385-image_0""]","在下面算式的空格内，各填入一个合适的数字，使算式成立．最后结果是．
 question_5385-image_0","[""C""]","加数的个位填$$9$$，加数十位填$$1$$．
因为百位没有向千位进位，所以加数的百位填$$1$$，和的百位填$$9$$．
竖式如图所示．
 analysis_5385-image_0",单选,"{""A"": ""$$1146$$"", ""B"": ""$$1046$$"", ""C"": ""$$946$$"", ""D"": ""$$846$$""}","[""拓展思维----组合模块----数字谜----竖式数字谜----加法竖式谜""]"
232,加法竖式谜,5386,"[""拓展思维----组合模块----数字谜----竖式数字谜----加法竖式谜""]",[],"下列竖式中和的十位是（ ）．




□


+
□


□
□","[""A""]",两数相加最多进$$1$$，故选$$\rm A$$．,单选,"{""A"": ""$$1$$"", ""B"": ""$$2$$"", ""C"": ""$$3$$"", ""D"": ""不知道""}","[""拓展思维----组合模块----数字谜----竖式数字谜----加法竖式谜""]"
232,加法竖式谜,5388,"[""拓展思维----组合模块----数字谜----竖式数字谜----加法竖式谜""]",[],"不同的图形代表不同的数字，下面的图形各代表多少？请选择正确的答案（ ）．
$$\begin{matrix}& ▲ & 8 \\ +&1 & ■ \\ \hline &6 & 4 \end{matrix}$$
▲$$=(\quad )$$
■$$=(\quad )$$","[""C""]","个位：$$8+$$■$$=14$$（满十进一）■$$=6$$，
十位：▲$$+1+1=6$$（注意进位“$$1$$”）▲$$=4$$．
故选$$\text{C}$$．",单选,"{""A"": ""▲$$=5$$\n■$$=6$$"", ""B"": ""▲$$=5$$\n■$$=4$$"", ""C"": ""▲$$=4$$\n■$$=6$$""}","[""拓展思维----组合模块----数字谜----竖式数字谜----加法竖式谜""]"
232,加法竖式谜,5389,"[""拓展思维----组合模块----数字谜----竖式数字谜----加法竖式谜""]","[""question_5389-image_0""]","右图是一个两位数的加法算式，已知$$A+B+C+D=22$$，则$$X+Y=$$（ ）．
 question_5389-image_0","[""B""]",由于$$B+D=9$$，所以$$A+C=13$$，所以$$X+Y=4$$．,单选,"{""A"": ""$$2$$"", ""B"": ""$$4$$"", ""C"": ""$$7$$"", ""D"": ""$$9$$""}","[""拓展思维----组合模块----数字谜----竖式数字谜----加法竖式谜""]"
232,加法竖式谜,5394,"[""拓展思维----组合模块----数字谜----竖式数字谜----加法竖式谜""]","[""question_5394-image_0""]","下面的算式里，四个小纸片各盖住了一个数字．被盖住的四个数字的总和是多少?
 question_5394-image_0","[""C""]",根据加法计算原则，个位上的两个数字和为$$9$$，十位上的两个数字和为$$11$$，所以这四个数字的和为$$20$$．,单选,"{""A"": ""$$28$$"", ""B"": ""$$32$$"", ""C"": ""$$20$$"", ""D"": ""$$56$$""}","[""拓展思维----组合模块----数字谜----竖式数字谜----加法竖式谜""]"
232,加法竖式谜,5426,"[""拓展思维----组合模块----数字谜----竖式数字谜----加法竖式谜""]","[""question_5426-image_0""]","如下图所示，空格中的数都是2～6 中的数字（可以重复使用），那么这$$9$$ 个空格中数字之和是.
 question_5426-image_0","[""$$38$$""]",先看个位，3个2~6范围的数加起来个位是4，这个和只能是14，因此个位向十位进1，同理，十位上3个2~6范围的数加起来个位是5，这个和只能是15，因此十位向百位进1，而百位上两个数字加1个位是6，所以这两个数字相加等于5，没进位，所以千位是4，因此这9个空格中数字之和是：14+15+5+4=38 .,填空,{},"[""拓展思维----组合模块----数字谜----竖式数字谜----加法竖式谜""]"
232,加法竖式谜,5427,"[""拓展思维----组合模块----数字谜----竖式数字谜----加法竖式谜""]","[""question_5427-image_0""]","在下面的算式中，不同的汉字表示不同的数字，相同的汉字表示相同的数字，使得算式成立．那么，四 位数“ 喜爱数学”是（ ）．
 question_5427-image_0","[""B""]",从个位看可知，学代表$$9$$，向十位进$$3$$位，则数代表$$6$$，且十位向百位进$$2$$ 位，则爱代表$$4$$，向千位进$$1$$，则喜代表$$1$$.,单选,"{""A"": ""$$2016$$"", ""B"": ""$$1469$$"", ""C"": ""$$2685$$"", ""D"": ""$$4032$$""}","[""拓展思维----组合模块----数字谜----竖式数字谜----加法竖式谜""]"
232,加法竖式谜,5564,"[""拓展思维----组合模块----数字谜----竖式数字谜----加法竖式谜""]","[""question_5564-image_0""]","下面两个算式中，相同的字母代表相同的数字，不同的字母代表不同的数字，那么$$A＋B＋C＋D＋E＋F＋G=$$．
 question_5564-image_0","[""$$36$$""]",突破口为第一个加法竖式． 因为百位结果为$$0$$，所以必然对千位产生进位，故$$A$$只能为$$1$$，由第二个竖式$$A+E=7$$或$$17$$知$$E=6$$．再由第一个竖式十位结果也为$$0$$知十位对百位也有进位，所以$$B+E=9$$，故$$B=3$$，由第二个竖式得$$F=5$$．因为$$C$$和$$F$$不同，而$$C+F$$只能为$$9$$或$$10$$，所以$$C=4$$，$$D+G=17$$，由第二个竖式知$$G=9$$，$$D=8$$．所以$$A+B+C+D+E+F+G=1+3+4+8+6+5+9=36$$.,填空,{},"[""拓展思维----组合模块----数字谜----竖式数字谜----加法竖式谜""]"
232,加法竖式谜,5565,"[""拓展思维----组合模块----数字谜----竖式数字谜----加法竖式谜""]","[""question_5565-image_0""]","在下列的算式中，相同字母代表相同数字，不同字母代表不同数字．那么$$A$$、$$B$$、$$C$$、$$D$$之和是．
 question_5565-image_0","[""$$21$$""]",从高位开始推，易得$$A$$为$$3$$，$$B$$为$$8$$，$$C$$为$$9$$，$$D$$为$$1$$，和为$$21$$.,填空,{},"[""拓展思维----组合模块----数字谜----竖式数字谜----加法竖式谜""]"
232,加法竖式谜,5568,"[""拓展思维----组合模块----数字谜----竖式数字谜----加法竖式谜""]",[],在下面算式的空格内填入合适的数字，使算式成立，请分别写出这两个算式（先写加法算式，再写减法算式）：；． 6  + 2  6   -  1,"[""$$764+236=1000$$"", ""$$1000-999=1$$""]",突破口在减法竖式，四位数减三位数差为$$1$$，所以一定是$$1000-999=1$$，再填出加法即可．,填空,{},"[""拓展思维----组合模块----数字谜----竖式数字谜----加法竖式谜"", ""拓展思维----组合模块----数字谜----竖式数字谜----减法竖式谜""]"
232,加法竖式谜,5570,"[""拓展思维----组合模块----数字谜----竖式数字谜----加法竖式谜""]",[],"在下面的算式中，汉字”美、丽、山、村、一、起、护”，代表$$1$$，$$2$$，$$3$$，$$4$$，$$5$$，$$6$$，$$7$$，$$8$$，$$9$$中的$$7$$个数字，不同的汉字代表不同的数字，恰使得加法算式成立．则”美、丽、山、村、一、起、护”所代表的$$7$$个数字的和等于.




美
丽
山
村


+

一
起
护



2
0
0
6","[""$$35$$""]","根据和中的两个$$0$$易知：“丽”$$+$$“一”$$＝9$$，“美”为$$1$$;
若“村”$$+$$“护”为$$6$$则只能是$$2+4$$，同时“山”$$+$$”起”为$$10$$，剔除$$1$$，$$2$$，$$4$$后剩$$3$$，$$5$$，$$6$$，$$7$$，$$8$$，$$9$$，
无法同时凑出两组数和分别为$$9$$和$$10$$；可见“村”$$+$$”护”为$$16$$，而“山”$$+$$”起”为$$9$$，七个数字总和为$$1+9+9+16=35$$．",填空,{},"[""拓展思维----组合模块----数字谜----竖式数字谜----加法竖式谜"", ""拓展思维----组合模块----数字谜----竖式数字谜----图文加法竖式数字谜""]"
232,加法竖式谜,5571,"[""拓展思维----组合模块----数字谜----竖式数字谜----加法竖式谜""]","[""question_5571-image_0""]","如下图，算式中不同的汉字代表不同的数字，已知：“级$$=5$$”，那么“$$\overline{学而思}$$”代表的三位数是．
 question_5571-image_0","[""$$892$$""]",“更”$$=1$$，故“进”$$=0$$；十位必然向百位进位了，故“学”$$=8$$，进而“而”$$=9$$；此时可知个位没有向十位进位，“思$$+5=$$步”只能为“$$2+5=7$$”；综上，答案为$$892$$．,填空,{},"[""拓展思维----组合模块----数字谜----竖式数字谜----加法竖式谜""]"
232,加法竖式谜,5574,"[""拓展思维----组合模块----数字谜----竖式数字谜----加法竖式谜""]","[""question_5574-image_0""]","如图，相同的汉字代表相同的数字，不同的汉字代表不同数字．所有的汉字都不为$$0$$，也不与图已经出现的数字相同，那么四位数“$$\overline{好多绵羊}$$”$$=$$．
 question_5574-image_0","[""$$8543$$""]","由百位无进住，则“好$$>$$绵”，则“好$$+$$多”进位，
（$$1$$）当“$$7+$$好”无进位时，“$$7+$$好$$=$$多，由”好$$+$$多$$=$$绵$$+10$$，则“好$$+7+$$好$$=$$绵$$+10$$，
因此：$$2\times $$好$$=$$绵$$+3$$，
当绵$$=1$$时，排除，
当绵$$=3$$时，则好$$=3$$，排除，
当绵$$=5$$时，则好$$=4$$，多$$=1$$，排除，
当绵$$=7$$时，排除，
当绵$$=9$$时，则羊$$=0$$，排除．
（$$2$$）当“$$7+$$好”进位时，“$$7+$$好$$=$$多$$+10$$”，由“好$$+$$多$$+1=$$绵$$+10$$”，则“多$$+3+$$多$$+1=$$绵$$+10$$”．
因此$$2\times $$多$$=$$绵$$+6$$，
当绵$$=2$$时，则多$$=4$$，好$$=7$$，排除，
当绵$$=4$$时，则多$$=5$$，好$$=8$$，羊$$=3$$，正确
当绵$$=6$$时，则多$$=6$$，排除
当绵$$=8$$时，则多$$=7$$，排除
因此，“好多绵羊”$$=8543$$．
故答案为：$$8543$$．",填空,{},"[""拓展思维----组合模块----数字谜----竖式数字谜----加法竖式谜""]"
232,加法竖式谜,5575,"[""拓展思维----组合模块----数字谜----竖式数字谜----加法竖式谜""]","[""analysis_5575-image_0"", ""analysis_5575-image_1"", ""question_5575-image_0""]",下面算式中，相同字母代表相同数字，不同字母代表不同数字．那么，“$$\overline{EDCAD}$$”代表的数是． question_5575-image_0 ​,"[""$$10890$$""]",由于四位数加上四位数其和为五位数，所以可确定和的首位数字$$E=1$$．又因为个位上$$D+D=D$$，所以$$D=0$$．此时算式为： analysis_5575-image_0 下面分两种情况进行讨论：百位没有向千位进位，则由千位可确定$$A=9$$，由十位可确定$$C=8$$，由百位可确定$$B=4$$．因 此得到问题的一个解： analysis_5575-image_1 百位向千位进$$1$$，则由千位可确定$$A=8$$，由十位可确定$$C7$$，百位上不论$$B$$为什么样的整 数，$$B+B$$和的个位都不可能为$$7$$，因此此时不成立．所以$$\overline{EDCAD}=10890$$．,填空,{},"[""拓展思维----组合模块----数字谜----竖式数字谜----加法竖式谜""]"
232,加法竖式谜,5576,"[""拓展思维----组合模块----数字谜----竖式数字谜----加法竖式谜""]","[""question_5576-image_0""]",如图所示，$$\square $$、$$\bigcirc $$和$$\triangle $$分别表示不同的数字．请找出它们分别表示什么数字．$$\square $$=、$$\bigcirc $$=、$$\triangle $$= question_5576-image_0,"[""$$9$$"", ""$$8$$"", ""$$5$$""]",从个位看“$$\triangle +\triangle +\triangle $$”的个位是$$\triangle $$，那么$$\triangle =5$$，进一位；从十位看，“$$\square +\square+1 $$”的个位是$$\square $$，$$\square=9 $$；百位上$$\bigcirc =8$$．,填空,{},"[""拓展思维----组合模块----数字谜----竖式数字谜----加法竖式谜""]"
232,加法竖式谜,5577,"[""拓展思维----组合模块----数字谜----竖式数字谜----加法竖式谜""]","[""question_5577-image_0""]",在下面算式的空格内填入一个合适的数字，使算式成立．最后的结果是 question_5577-image_0,"[""$$21$$""]",从加法部分看：个位向十位、十位向百位、百位向千位都发生进位，可推出百位上的两个空格里填的数字都是$$9$$，个位上空格里的数字是$$9$$，和是$$1910$$．减法部分易得：$$1910-1889=21$$．,填空,{},"[""拓展思维----组合模块----数字谜----竖式数字谜----加法竖式谜"", ""拓展思维----组合模块----数字谜----竖式数字谜----减法竖式谜""]"
232,加法竖式谜,5843,"[""拓展思维----组合模块----数字谜----竖式数字谜----加法竖式谜""]","[""analysis_5843-image_0"", ""question_5843-image_0""]",回答下列各题：在空格内填入适当的数字，使图中的竖式成立，那么相加的结果是. question_5843-image_0,"[""$$1118$$""]",加数的个位为$$3$$，且个位向十位进$$1$$．和的千位为$$1$$，加数的百位为$$9$$且十位向百位进$$2$$．所以其它两个加数的十位都为$$9$$．竖式如图所示．故答案为：$$98+97+923=1118$$ analysis_5843-image_0 ．,填空,{},"[""拓展思维----组合模块----数字谜----竖式数字谜----加法竖式谜""]"
232,加法竖式谜,5871,"[""拓展思维----组合模块----数字谜----竖式数字谜----加法竖式谜""]","[""analysis_5871-image_0"", ""question_5871-image_0""]",下面的算式中不同的汉字表示不同的数字，相同的汉字表示相同的数字．如果巧$$+$$解$$+$$数$$+$$字$$+$$谜$$=30$$，那么“巧解数字谜”所代表的五位数是． question_5871-image_0,"[""$$28965$$""]",观察算式的个位，由于谜$$+$$谜$$+$$谜$$+$$谜$$+$$谜和的个位还是“谜”，所以“谜”$$0$$或$$5$$．①若“谜”$$=0$$，则十位上字$$\times 4$$的个位是字，字$$=0$$，出现重复数字，因此“谜”$$\ne 0$$．②若“谜”$$=5$$，则巧$$+$$解$$+$$数$$+$$字$$=25$$．观察这个算式的十位，由于字$$+$$字$$+$$字$$+$$字$$+2$$和的个位还是“字”，所以“字”$$=6$$，则巧$$+$$解$$+$$数$$=19$$．再看算式的百位，由于数$$+$$数$$+$$数$$+2$$和的个位还是“数”，因而“数”$$=4$$或$$9$$，若“数”$$=4$$，则“解”$$9$$．因而“巧”$$=19-4-9=6$$，“赛”$$=5$$，与“谜”$$=5$$重复，因此“数”$$\ne 4$$，所以“数”$$=9$$，则“巧”$$+$$ “解”$$=10$$．最后看算式的千位，由于“解”$$+$$ “解”$$+2$$和的个位还是“解”，所以“解”$$=8$$，则“巧”$$=2$$，因此“赛”$$=1$$．问题得解． analysis_5871-image_0 因此，“巧解数字谜”所代表的五位数为$$28965$$．根据末位分析法，从个位看起．$$5$$个谜相加$$=$$谜，可以推出“谜”$$=5$$，进位为$$2$$．接着看十位，$$4$$个“字”相加$$+2=$$字，可以推出“字”$$=6$$，进位为$$2$$．百位中，$$3$$个“数”相加$$+2=$$数，可以推出“数”$$=9$$或“数”$$=4$$．若“数”$$=9$$，进位为$$2$$．千位上，解$$+$$解$$+2=$$解，可得“解”$$=8$$，进位$$1$$．由于巧$$+$$解$$+$$数$$+$$字$$+$$谜$$=30$$，可得“巧”$$=2$$．若数$$=4$$，进位为$$1$$．千位上，解$$+$$解$$+1=$$解，可得“解”$$=9$$，进位$$1$$．由于“巧$$+$$解$$+$$数$$+$$字$$+$$谜$$=30$$”，可得“巧”$$=6$$，与“字”$$=6$$相同，不符合题意，不成立．因此“巧解数字谜”所代表的五位数为$$28965$$．,填空,{},"[""拓展思维----组合模块----数字谜----竖式数字谜----加法竖式谜""]"
232,加法竖式谜,5902,"[""拓展思维----组合模块----数字谜----竖式数字谜----加法竖式谜""]","[""question_5902-image_0""]","下面的加法竖式中，相同的汉字代表相同的数字，不同的汉字代表不同的数字，那么$$\overline{好未来}$$所代表的三位数是．
 question_5902-image_0","[""$$963$$""]","观察个位可得出来$$=3$$，并且不向十位进位；
由于三个数相加最多进位$$2$$，因此显然，好$$=9$$，且十位需要向百位进位$$2$$；
因此未$$+$$未$$=21-9=12$$，得到未$$=6$$；
由此可得，$$\overline{好未来}$$所代表的三位数是$$963$$．
故答案为：$$963$$．",填空,{},"[""拓展思维----组合模块----数字谜----竖式数字谜----加法竖式谜"", ""拓展思维----组合模块----数字谜----竖式数字谜----图文加法竖式数字谜""]"
232,加法竖式谜,6130,"[""拓展思维----组合模块----数字谜----竖式数字谜----加法竖式谜""]","[""analysis_6130-image_0"", ""question_6130-image_0""]",回答下列各题：在空格内填入适当的数字，使图中的竖式成立，那么相加的结果是． question_6130-image_0,"[""$$1118$$""]",加数的个位为$$3$$，且个位向十位进$$1$$．和的千位为$$1$$，加数的百位为$$9$$且十位向百位进$$2$$．所以其它两个加数的十位都为$$9$$．竖式如图所示．故答案为：$$98+97+923=1118$$ analysis_6130-image_0 ．,填空,{},"[""拓展思维----组合模块----数字谜----竖式数字谜----加法竖式谜""]"
232,加法竖式谜,6132,"[""拓展思维----组合模块----数字谜----竖式数字谜----加法竖式谜""]",[],下面的加法竖式中，相同的汉字代表相同的数字，不同的汉字代表不同的数字，那么“好”所代表的数字是（ ）．学生好学生+三好学生3022,"[""D""]",从个位看，“生$$+$$生$$+$$生”的个位是$$2$$，生$$=4$$，进一位；从十位看，“学$$+$$学$$+$$学$$+1$$”的个位是$$2$$，学$$=7$$，进两位；从百位看，“好$$+$$好$$+2$$”的个位是$$0$$，好$$=4$$或$$9$$，数字不能重复，所以好$$=9$$，进两位；千位上，三$$=1$$．故选$$\text{D}$$．,单选,"{""A"": ""$$0$$"", ""B"": ""$$5$$"", ""C"": ""$$4$$"", ""D"": ""$$9$$""}","[""拓展思维----组合模块----数字谜----竖式数字谜----加法竖式谜""]"
232,加法竖式谜,6133,"[""拓展思维----组合模块----数字谜----竖式数字谜----加法竖式谜""]","[""question_6133-image_0""]",如下图所示，空格中的数都是$$2\sim6$$中的数字（可以重复使用），那么这$$9$$个空格中数字之和是． question_6133-image_0,"[""$$38$$""]",先看个位，$$3$$个$$2\sim6$$范围的数加起来在$$6-18$$之间，这个和只能是$$14$$，因此个位向十位进$$1$$，同理，十位上$$3$$个$$2\sim6$$范围的数加起来个位是$$5$$，这个和只能是$$15$$，因此十位向百位进$$1$$，而百位上两个数字加$$1$$个位是$$6$$，所以这两个数字相加等于$$5$$，没进位，所以千位是$$4$$，因此这$$9$$个空格中数字之和是：$$14+15+5+4=38$$．,填空,{},"[""拓展思维----组合模块----数字谜----竖式数字谜----加法竖式谜""]"
232,加法竖式谜,6134,"[""拓展思维----组合模块----数字谜----竖式数字谜----加法竖式谜""]","[""analysis_6134-image_0"", ""question_6134-image_0""]",下面的算式中不同的汉字表示不同的数字，相同的汉字表示相同的数字．如果巧$$+$$解$$+$$数$$+$$字$$+$$谜$$=30$$，那么“巧解数字谜”所代表的五位数是. question_6134-image_0,"[""$$28965$$""]",观察算式的个位，由于谜$$+$$谜$$+$$谜$$+$$谜$$+$$谜和的个位还是“谜”，所以“谜”$$0$$或$$5$$．①若“谜”$$=0$$，则十位上字$$\times 4$$的个位是字，字$$=0$$，出现重复数字，因此“谜”$$\ne 0$$．②若“谜”$$=5$$，则巧$$+$$解$$+$$数$$+$$字$$=25$$．观察这个算式的十位，由于字$$+$$字$$+$$字$$+$$字$$+2$$和的个位还是“字”，所以“字”$$=6$$，则巧$$+$$解$$+$$数$$=19$$．再看算式的百位，由于数$$+$$数$$+$$数$$+2$$和的个位还是“数”，因而“数”$$=4$$或$$9$$，若“数”$$=4$$，则“解”$$9$$．因而“巧”$$=19-4-9=6$$，“赛”$$=5$$，与“谜”$$=5$$重复，因此“数”$$\ne 4$$，所以“数”$$=9$$，则“巧”$$+$$ “解”$$=10$$．最后看算式的千位，由于“解”$$+$$ “解”$$+2$$和的个位还是“解”，所以“解”$$=8$$，则“巧”$$=2$$，因此“赛”$$=1$$．问题得解． analysis_6134-image_0 因此，“巧解数字谜”所代表的五位数为$$28965$$．根据末位分析法，从个位看起．$$5$$个谜相加$$=$$谜，可以推出“谜”$$=5$$，进位为$$2$$．接着看十位，$$4$$个“字”相加$$+2=$$字，可以推出“字”$$=6$$，进位为$$2$$．百位中，$$3$$个“数”相加$$+2=$$数，可以推出“数”$$=9$$或“数”$$=4$$．若“数”$$=9$$，进位为$$2$$．千位上，解$$+$$解$$+2=$$解，可得“解”$$=8$$，进位$$1$$．由于巧$$+$$解$$+$$数$$+$$字$$+$$谜$$=30$$，可得“巧”$$=2$$．若数$$=4$$，进位为$$1$$．千位上，解$$+$$解$$+1=$$解，可得“解”$$=9$$，进位$$1$$．由于“巧$$+$$解$$+$$数$$+$$字$$+$$谜$$=30$$”，可得“巧”$$=6$$，与“字”$$=6$$相同，不符合题意，不成立．因此“巧解数字谜”所代表的五位数为$$28965$$．,填空,{},"[""拓展思维----组合模块----数字谜----竖式数字谜----加法竖式谜""]"
232,加法竖式谜,6277,"[""拓展思维----组合模块----数字谜----竖式数字谜----加法竖式谜""]","[""analysis_6277-image_0"", ""question_6277-image_0""]",下面的算式中不同的汉字表示不同的数字，相同的汉字表示相同的数字．如果巧$$+$$解$$+$$数$$+$$字$$+$$谜$$=30$$，那么“巧解数字谜”所代表的五位数是． question_6277-image_0,"[""$$28965$$""]",观察算式的个位，由于谜$$+$$谜$$+$$谜$$+$$谜$$+$$谜和的个位还是“谜”，所以“谜”$$0$$或$$5$$．①若“谜”$$=0$$，则十位上字$$\times 4$$的个位是字，字$$=0$$，出现重复数字，因此“谜”$$\ne 0$$．②若“谜”$$=5$$，则巧$$+$$解$$+$$数$$+$$字$$=25$$．观察这个算式的十位，由于字$$+$$字$$+$$字$$+$$字$$+2$$和的个位还是“字”，所以“字”$$=6$$，则巧$$+$$解$$+$$数$$=19$$．再看算式的百位，由于数$$+$$数$$+$$数$$+2$$和的个位还是“数”，因而“数”$$=4$$或$$9$$，若“数”$$=4$$，则“解”$$9$$．因而“巧”$$=19-4-9=6$$，“赛”$$=5$$，与“谜”$$=5$$重复，因此“数”$$\ne 4$$，所以“数”$$=9$$，则“巧”$$+$$ “解”$$=10$$．最后看算式的千位，由于“解”$$+$$ “解”$$+2$$和的个位还是“解”，所以“解”$$=8$$，则“巧”$$=2$$，因此“赛”$$=1$$．问题得解． analysis_6277-image_0 因此，“巧解数字谜”所代表的五位数为$$28965$$．根据末位分析法，从个位看起．$$5$$个谜相加$$=$$谜，可以推出“谜”$$=5$$，进位为$$2$$．接着看十位，$$4$$个“字”相加$$+2=$$字，可以推出“字”$$=6$$，进位为$$2$$．百位中，$$3$$个“数”相加$$+2=$$数，可以推出“数”$$=9$$或“数”$$=4$$．若“数”$$=9$$，进位为$$2$$．千位上，解$$+$$解$$+2=$$解，可得“解”$$=8$$，进位$$1$$．由于巧$$+$$解$$+$$数$$+$$字$$+$$谜$$=30$$，可得“巧”$$=2$$．若数$$=4$$，进位为$$1$$．千位上，解$$+$$解$$+1=$$解，可得“解”$$=9$$，进位$$1$$．由于“巧$$+$$解$$+$$数$$+$$字$$+$$谜$$=30$$”，可得“巧”$$=6$$，与“字”$$=6$$相同，不符合题意，不成立．因此“巧解数字谜”所代表的五位数为$$28965$$．,填空,{},"[""拓展思维----组合模块----数字谜----竖式数字谜----加法竖式谜""]"
232,加法竖式谜,7251,"[""拓展思维----组合模块----数字谜----竖式数字谜----加法竖式谜""]","[""analysis_7251-image_0"", ""analysis_7251-image_1"", ""question_7251-image_0""]",下面算式中，相同字母代表相同数字，不同字母代表不同数字．那么，“$$\overline{EDCAD}$$”代表的数是. question_7251-image_0,"[""$$10890$$""]",由于四位数加上四位数其和为五位数，所以可确定和的首位数字$$E=1$$．又因为个位上$$D+D=D$$，所以$$D=0$$．此时算式为： analysis_7251-image_0 下面分两种情况进行讨论：百位没有向千位进位，则由千位可确定$$A=9$$，由十位可确定$$C=8$$，由百位可确定$$B=4$$．因 此得到问题的一个解： analysis_7251-image_1 百位向千位进$$1$$，则由千位可确定$$A=8$$，由十位可确定$$C7$$，百位上不论$$B$$为什么样的整 数，$$B+B$$和的个位都不可能为$$7$$，因此此时不成立．所以$$\overline{EDCAD}=10890$$．,填空,{},"[""拓展思维----组合模块----数字谜----竖式数字谜----加法竖式谜""]"
232,加法竖式谜,7252,"[""拓展思维----组合模块----数字谜----竖式数字谜----加法竖式谜""]","[""question_7252-image_0""]",在下面算式的空格中，各填入一个合适的数字，使算式成立．从上到下，这三个数分别是、、． question_7252-image_0,"[""$$485$$"", ""$$9643$$"", ""$$10128$$""]",从个位看，第一个加数的个位是$$5$$，无进位；从十位看，第二个加数的十位是$$4$$，进一位；从百位看，第一个加数的百位是$$4$$；第二个加数的千位一定是$$9$$才能保证进位，故得数为$$10128$$．,填空,{},"[""拓展思维----组合模块----数字谜----竖式数字谜----加法竖式谜""]"
232,加法竖式谜,7254,"[""拓展思维----组合模块----数字谜----竖式数字谜----加法竖式谜""]","[""question_7254-image_0""]",在空格内填入适当的数字，使下图中的加法竖式成立．从上到下，这三个数分别是、、． question_7254-image_0,"[""$$79$$"", ""$$966$$"", ""$$1045$$""]",从个位看，第一个加数个位为$$9$$，并且进一位；从十位看，第二个加数的十位是$$6$$；第二个加数的百位一定是$$9$$才能保证有进位，所以得数为$$1045$$．,填空,{},"[""拓展思维----组合模块----数字谜----竖式数字谜----加法竖式谜""]"
232,加法竖式谜,7255,"[""拓展思维----组合模块----数字谜----竖式数字谜----加法竖式谜""]","[""question_7255-image_0""]",请你算一算，算式中的数表示，学表示，好表示． question_7255-image_0,"[""$$8$$"", ""$$5$$"", ""$$2$$""]",从加法部分个位看，学$$=5$$；从加法部分十位看，好$$=2$$；从减法部分十位看，数$$=8$$．,填空,{},"[""拓展思维----组合模块----数字谜----竖式数字谜----加法竖式谜""]"
232,加法竖式谜,7256,"[""拓展思维----组合模块----数字谜----竖式数字谜----加法竖式谜""]","[""question_7256-image_0""]",如图所示，$$\square $$、$$\bigcirc $$和$$\triangle $$分别表示不同的数字．$$\square $$表示、$$\bigcirc $$表示、$$\triangle $$表示． question_7256-image_0,"[""$$9$$"", ""$$8$$"", ""$$5$$""]",从个位看“$$\triangle +\triangle +\triangle $$”的个位是$$\triangle $$，那么$$\triangle =5$$，进一位；从十位看，“$$\square +\square+1 $$”的个位是$$\square $$，$$\square=9 $$；百位上$$\bigcirc =8$$．,填空,{},"[""拓展思维----组合模块----数字谜----竖式数字谜----加法竖式谜""]"
232,加法竖式谜,7459,"[""拓展思维----组合模块----数字谜----竖式数字谜----加法竖式谜""]","[""analysis_7459-image_0"", ""question_7459-image_0""]",在下面算式的空格内填入合适的数字，使算式成立．从上到下，这四个数分别是、、、． question_7459-image_0,"[""$$764$$"", ""$$236$$"", ""$$1000$$"", ""$$999$$""]",突破口在减法竖式，四位数减三位数差为$$1$$，所以一定是$$1000-999=1$$，再填出加法即可．这是一道加减混合算式，观察这两个算式从减法算式入手比较简单．由位数分析法可知一个四位数减去一个三位数结果为$$1$$只有$$1000-999$$，故加法算式中$$764+236=1000$$. analysis_7459-image_0,填空,{},"[""拓展思维----组合模块----数字谜----竖式数字谜----加法竖式谜"", ""拓展思维----组合模块----数字谜----竖式数字谜----减法竖式谜""]"
232,加法竖式谜,7460,"[""拓展思维----组合模块----数字谜----竖式数字谜----加法竖式谜""]","[""question_7460-image_0""]",在下面算式中，每个方框代表一个数字，问每个算式中所有方框中的数字之和是. question_7460-image_0,"[""$$49$$""]",方法一：完成以上加法竖式，能得到几组答案：$$999+994$$，$$998+995$$，$$997+996$$，无论哪一组，数字之和都为$$49$$．方法二：和的千位是$$1$$，说明百位向千位进$$1$$，说明百位上两个数字的和是$$18$$，并且十位向百位进位$$1$$，说明十位上两个数字的和是$$18$$，并且个位向十位进位$$1$$，个位上两个数字之和是$$13$$．$$18+18+13=49$$．方法三：在加法中，每进一位，加数的数字之和减少$$9$$．由题可知，百位、十位、个位一定都有进位，故加数的数字之和为$$1+9+9+3+9\times 3=49$$．,填空,{},"[""拓展思维----组合模块----数字谜----竖式数字谜----加法竖式谜""]"
