candidate_kc_key,candidate_kc_name,question_id,image_token,source_field,resolved_image_path,copied_to
422,各点等价,1624,question_1624-image_0,content,..\data\xes3g5m\metadata\images\question_1624-image_0.png,kc_candidate_question_outputs\images\question_1624-image_0.png
422,各点等价,1668,question_1668-image_0,content,..\data\xes3g5m\metadata\images\question_1668-image_0.png,kc_candidate_question_outputs\images\question_1668-image_0.png
422,各点等价,2171,question_2171-image_0,content,..\data\xes3g5m\metadata\images\question_2171-image_0.png,kc_candidate_question_outputs\images\question_2171-image_0.png
422,各点等价,2174,question_2174-image_0,content,..\data\xes3g5m\metadata\images\question_2174-image_0.png,kc_candidate_question_outputs\images\question_2174-image_0.png
422,各点等价,2174,analysis_2174-image_0,analysis,..\data\xes3g5m\metadata\images\analysis_2174-image_0.png,kc_candidate_question_outputs\images\analysis_2174-image_0.png
422,各点等价,2183,question_2183-image_0,content,..\data\xes3g5m\metadata\images\question_2183-image_0.png,kc_candidate_question_outputs\images\question_2183-image_0.png
422,各点等价,3256,question_3256-image_0,content,..\data\xes3g5m\metadata\images\question_3256-image_0.png,kc_candidate_question_outputs\images\question_3256-image_0.png
422,各点等价,3599,question_3599-image_0,content,..\data\xes3g5m\metadata\images\question_3599-image_0.png,kc_candidate_question_outputs\images\question_3599-image_0.png
422,各点等价,4430,question_4430-image_0,content,..\data\xes3g5m\metadata\images\question_4430-image_0.png,kc_candidate_question_outputs\images\question_4430-image_0.png
422,各点等价,4557,question_4557-image_0,content,..\data\xes3g5m\metadata\images\question_4557-image_0.png,kc_candidate_question_outputs\images\question_4557-image_0.png
422,各点等价,4769,question_4769-image_0,content,..\data\xes3g5m\metadata\images\question_4769-image_0.png,kc_candidate_question_outputs\images\question_4769-image_0.png
422,各点等价,4769,analysis_4769-image_0,analysis,..\data\xes3g5m\metadata\images\analysis_4769-image_0.png,kc_candidate_question_outputs\images\analysis_4769-image_0.png
422,各点等价,4769,analysis_4769-image_1,analysis,..\data\xes3g5m\metadata\images\analysis_4769-image_1.png,kc_candidate_question_outputs\images\analysis_4769-image_1.png
422,各点等价,4988,question_4988-image_0,content,..\data\xes3g5m\metadata\images\question_4988-image_0.png,kc_candidate_question_outputs\images\question_4988-image_0.png
422,各点等价,5779,question_5779-image_0,content,..\data\xes3g5m\metadata\images\question_5779-image_0.png,kc_candidate_question_outputs\images\question_5779-image_0.png
402,直线和交点,1432,question_1432-image_0,content,..\data\xes3g5m\metadata\images\question_1432-image_0.png,kc_candidate_question_outputs\images\question_1432-image_0.png
402,直线和交点,1432,analysis_1432-image_0,analysis,..\data\xes3g5m\metadata\images\analysis_1432-image_0.png,kc_candidate_question_outputs\images\analysis_1432-image_0.png
402,直线和交点,1854,question_1854-image_0,content,..\data\xes3g5m\metadata\images\question_1854-image_0.png,kc_candidate_question_outputs\images\question_1854-image_0.png
402,直线和交点,1854,analysis_1854-image_0,analysis,..\data\xes3g5m\metadata\images\analysis_1854-image_0.png,kc_candidate_question_outputs\images\analysis_1854-image_0.png
402,直线和交点,1855,question_1855-image_0,content,..\data\xes3g5m\metadata\images\question_1855-image_0.png,kc_candidate_question_outputs\images\question_1855-image_0.png
402,直线和交点,1855,analysis_1855-image_0,analysis,..\data\xes3g5m\metadata\images\analysis_1855-image_0.png,kc_candidate_question_outputs\images\analysis_1855-image_0.png
402,直线和交点,3156,question_3156-image_0,content,..\data\xes3g5m\metadata\images\question_3156-image_0.png,kc_candidate_question_outputs\images\question_3156-image_0.png
402,直线和交点,3156,analysis_3156-image_0,analysis,..\data\xes3g5m\metadata\images\analysis_3156-image_0.png,kc_candidate_question_outputs\images\analysis_3156-image_0.png
402,直线和交点,3156,analysis_3156-image_1,analysis,..\data\xes3g5m\metadata\images\analysis_3156-image_1.png,kc_candidate_question_outputs\images\analysis_3156-image_1.png
402,直线和交点,4289,question_4289-image_0,content,..\data\xes3g5m\metadata\images\question_4289-image_0.png,kc_candidate_question_outputs\images\question_4289-image_0.png
402,直线和交点,4289,analysis_4289-image_0,analysis,..\data\xes3g5m\metadata\images\analysis_4289-image_0.png,kc_candidate_question_outputs\images\analysis_4289-image_0.png
402,直线和交点,4289,analysis_4289-image_1,analysis,..\data\xes3g5m\metadata\images\analysis_4289-image_1.png,kc_candidate_question_outputs\images\analysis_4289-image_1.png
402,直线和交点,4503,question_4503-image_0,content,..\data\xes3g5m\metadata\images\question_4503-image_0.png,kc_candidate_question_outputs\images\question_4503-image_0.png
402,直线和交点,4503,analysis_4503-image_0,analysis,..\data\xes3g5m\metadata\images\analysis_4503-image_0.png,kc_candidate_question_outputs\images\analysis_4503-image_0.png
402,直线和交点,4503,analysis_4503-image_1,analysis,..\data\xes3g5m\metadata\images\analysis_4503-image_1.png,kc_candidate_question_outputs\images\analysis_4503-image_1.png
402,直线和交点,4503,analysis_4503-image_2,analysis,..\data\xes3g5m\metadata\images\analysis_4503-image_2.png,kc_candidate_question_outputs\images\analysis_4503-image_2.png
402,直线和交点,4503,analysis_4503-image_3,analysis,..\data\xes3g5m\metadata\images\analysis_4503-image_3.png,kc_candidate_question_outputs\images\analysis_4503-image_3.png
402,直线和交点,4503,analysis_4503-image_4,analysis,..\data\xes3g5m\metadata\images\analysis_4503-image_4.png,kc_candidate_question_outputs\images\analysis_4503-image_4.png
402,直线和交点,4503,analysis_4503-image_5,analysis,..\data\xes3g5m\metadata\images\analysis_4503-image_5.png,kc_candidate_question_outputs\images\analysis_4503-image_5.png
402,直线和交点,4504,question_4504-image_0,content,..\data\xes3g5m\metadata\images\question_4504-image_0.png,kc_candidate_question_outputs\images\question_4504-image_0.png
402,直线和交点,4504,analysis_4504-image_0,analysis,..\data\xes3g5m\metadata\images\analysis_4504-image_0.png,kc_candidate_question_outputs\images\analysis_4504-image_0.png
402,直线和交点,4663,question_4663-image_0,content,..\data\xes3g5m\metadata\images\question_4663-image_0.png,kc_candidate_question_outputs\images\question_4663-image_0.png
402,直线和交点,4663,analysis_4663-image_0,analysis,..\data\xes3g5m\metadata\images\analysis_4663-image_0.png,kc_candidate_question_outputs\images\analysis_4663-image_0.png
402,直线和交点,4720,question_4720-image_0,content,..\data\xes3g5m\metadata\images\question_4720-image_0.png,kc_candidate_question_outputs\images\question_4720-image_0.png
402,直线和交点,4720,analysis_4720-image_0,analysis,..\data\xes3g5m\metadata\images\analysis_4720-image_0.png,kc_candidate_question_outputs\images\analysis_4720-image_0.png
402,直线和交点,4721,question_4721-image_0,content,..\data\xes3g5m\metadata\images\question_4721-image_0.png,kc_candidate_question_outputs\images\question_4721-image_0.png
402,直线和交点,4721,analysis_4721-image_0,analysis,..\data\xes3g5m\metadata\images\analysis_4721-image_0.png,kc_candidate_question_outputs\images\analysis_4721-image_0.png
402,直线和交点,4722,question_4722-image_0,content,..\data\xes3g5m\metadata\images\question_4722-image_0.png,kc_candidate_question_outputs\images\question_4722-image_0.png
402,直线和交点,4722,analysis_4722-image_0,analysis,..\data\xes3g5m\metadata\images\analysis_4722-image_0.png,kc_candidate_question_outputs\images\analysis_4722-image_0.png
402,直线和交点,4722,analysis_4722-image_1,analysis,..\data\xes3g5m\metadata\images\analysis_4722-image_1.png,kc_candidate_question_outputs\images\analysis_4722-image_1.png
402,直线和交点,4938,question_4938-image_0,content,..\data\xes3g5m\metadata\images\question_4938-image_0.png,kc_candidate_question_outputs\images\question_4938-image_0.png
402,直线和交点,4938,analysis_4938-image_0,analysis,..\data\xes3g5m\metadata\images\analysis_4938-image_0.png,kc_candidate_question_outputs\images\analysis_4938-image_0.png
402,直线和交点,4938,analysis_4938-image_1,analysis,..\data\xes3g5m\metadata\images\analysis_4938-image_1.png,kc_candidate_question_outputs\images\analysis_4938-image_1.png
402,直线和交点,4939,question_4939-image_0,content,..\data\xes3g5m\metadata\images\question_4939-image_0.png,kc_candidate_question_outputs\images\question_4939-image_0.png
402,直线和交点,4939,analysis_4939-image_0,analysis,..\data\xes3g5m\metadata\images\analysis_4939-image_0.png,kc_candidate_question_outputs\images\analysis_4939-image_0.png
402,直线和交点,4939,analysis_4939-image_1,analysis,..\data\xes3g5m\metadata\images\analysis_4939-image_1.png,kc_candidate_question_outputs\images\analysis_4939-image_1.png
402,直线和交点,4940,question_4940-image_0,content,..\data\xes3g5m\metadata\images\question_4940-image_0.png,kc_candidate_question_outputs\images\question_4940-image_0.png
402,直线和交点,4940,analysis_4940-image_0,analysis,..\data\xes3g5m\metadata\images\analysis_4940-image_0.png,kc_candidate_question_outputs\images\analysis_4940-image_0.png
402,直线和交点,4940,analysis_4940-image_1,analysis,..\data\xes3g5m\metadata\images\analysis_4940-image_1.png,kc_candidate_question_outputs\images\analysis_4940-image_1.png
402,直线和交点,5464,question_5464-image_0,content,..\data\xes3g5m\metadata\images\question_5464-image_0.png,kc_candidate_question_outputs\images\question_5464-image_0.png
402,直线和交点,5465,question_5465-image_0,content,..\data\xes3g5m\metadata\images\question_5465-image_0.png,kc_candidate_question_outputs\images\question_5465-image_0.png
402,直线和交点,5465,analysis_5465-image_0,analysis,..\data\xes3g5m\metadata\images\analysis_5465-image_0.png,kc_candidate_question_outputs\images\analysis_5465-image_0.png
402,直线和交点,5749,question_5749-image_0,content,..\data\xes3g5m\metadata\images\question_5749-image_0.png,kc_candidate_question_outputs\images\question_5749-image_0.png
402,直线和交点,5749,analysis_5749-image_0,analysis,..\data\xes3g5m\metadata\images\analysis_5749-image_0.png,kc_candidate_question_outputs\images\analysis_5749-image_0.png
402,直线和交点,5767,question_5767-image_0,content,..\data\xes3g5m\metadata\images\question_5767-image_0.png,kc_candidate_question_outputs\images\question_5767-image_0.png
402,直线和交点,5767,analysis_5767-image_0,analysis,..\data\xes3g5m\metadata\images\analysis_5767-image_0.png,kc_candidate_question_outputs\images\analysis_5767-image_0.png
402,直线和交点,5767,analysis_5767-image_1,analysis,..\data\xes3g5m\metadata\images\analysis_5767-image_1.png,kc_candidate_question_outputs\images\analysis_5767-image_1.png
402,直线和交点,6065,question_6065-image_0,content,..\data\xes3g5m\metadata\images\question_6065-image_0.png,kc_candidate_question_outputs\images\question_6065-image_0.png
402,直线和交点,6065,analysis_6065-image_0,analysis,..\data\xes3g5m\metadata\images\analysis_6065-image_0.png,kc_candidate_question_outputs\images\analysis_6065-image_0.png
402,直线和交点,6065,analysis_6065-image_1,analysis,..\data\xes3g5m\metadata\images\analysis_6065-image_1.png,kc_candidate_question_outputs\images\analysis_6065-image_1.png
402,直线和交点,6435,question_6435-image_0,content,..\data\xes3g5m\metadata\images\question_6435-image_0.png,kc_candidate_question_outputs\images\question_6435-image_0.png
402,直线和交点,6435,analysis_6435-image_0,analysis,..\data\xes3g5m\metadata\images\analysis_6435-image_0.png,kc_candidate_question_outputs\images\analysis_6435-image_0.png
402,直线和交点,6435,analysis_6435-image_1,analysis,..\data\xes3g5m\metadata\images\analysis_6435-image_1.png,kc_candidate_question_outputs\images\analysis_6435-image_1.png
257,实心方阵基本问题,583,analysis_583-image_0,analysis,..\data\xes3g5m\metadata\images\analysis_583-image_0.png,kc_candidate_question_outputs\images\analysis_583-image_0.png
257,实心方阵基本问题,2362,question_2362-image_0,content,..\data\xes3g5m\metadata\images\question_2362-image_0.png,kc_candidate_question_outputs\images\question_2362-image_0.png
257,实心方阵基本问题,2363,question_2363-image_0,content,..\data\xes3g5m\metadata\images\question_2363-image_0.png,kc_candidate_question_outputs\images\question_2363-image_0.png
257,实心方阵基本问题,2364,question_2364-image_0,content,..\data\xes3g5m\metadata\images\question_2364-image_0.png,kc_candidate_question_outputs\images\question_2364-image_0.png
257,实心方阵基本问题,2365,analysis_2365-image_0,analysis,..\data\xes3g5m\metadata\images\analysis_2365-image_0.png,kc_candidate_question_outputs\images\analysis_2365-image_0.png
257,实心方阵基本问题,2366,question_2366-image_0,content,..\data\xes3g5m\metadata\images\question_2366-image_0.png,kc_candidate_question_outputs\images\question_2366-image_0.png
257,实心方阵基本问题,2638,question_2638-image_1,content,..\data\xes3g5m\metadata\images\question_2638-image_1.png,kc_candidate_question_outputs\images\question_2638-image_1.png
257,实心方阵基本问题,2639,question_2639-image_0,content,..\data\xes3g5m\metadata\images\question_2639-image_0.png,kc_candidate_question_outputs\images\question_2639-image_0.png
257,实心方阵基本问题,2726,question_2726-image_0,content,..\data\xes3g5m\metadata\images\question_2726-image_0.png,kc_candidate_question_outputs\images\question_2726-image_0.png
257,实心方阵基本问题,2727,question_2727-image_0,content,..\data\xes3g5m\metadata\images\question_2727-image_0.png,kc_candidate_question_outputs\images\question_2727-image_0.png
257,实心方阵基本问题,4348,question_4348-image_0,content,..\data\xes3g5m\metadata\images\question_4348-image_0.png,kc_candidate_question_outputs\images\question_4348-image_0.png
257,实心方阵基本问题,4348,analysis_4348-image_0,analysis,..\data\xes3g5m\metadata\images\analysis_4348-image_0.png,kc_candidate_question_outputs\images\analysis_4348-image_0.png
257,实心方阵基本问题,6151,question_6151-image_0,content,..\data\xes3g5m\metadata\images\question_6151-image_0.png,kc_candidate_question_outputs\images\question_6151-image_0.png
257,实心方阵基本问题,6427,question_6427-image_0,content,..\data\xes3g5m\metadata\images\question_6427-image_0.png,kc_candidate_question_outputs\images\question_6427-image_0.png
257,实心方阵基本问题,6428,question_6428-image_0,content,..\data\xes3g5m\metadata\images\question_6428-image_0.png,kc_candidate_question_outputs\images\question_6428-image_0.png
374,多笔画变一笔画,1202,question_1202-image_0,content,..\data\xes3g5m\metadata\images\question_1202-image_0.png,kc_candidate_question_outputs\images\question_1202-image_0.png
374,多笔画变一笔画,1989,question_1989-image_0,content,..\data\xes3g5m\metadata\images\question_1989-image_0.png,kc_candidate_question_outputs\images\question_1989-image_0.png
374,多笔画变一笔画,1989,analysis_1989-image_0,analysis,..\data\xes3g5m\metadata\images\analysis_1989-image_0.png,kc_candidate_question_outputs\images\analysis_1989-image_0.png
374,多笔画变一笔画,1990,question_1990-image_0,content,..\data\xes3g5m\metadata\images\question_1990-image_0.png,kc_candidate_question_outputs\images\question_1990-image_0.png
374,多笔画变一笔画,2501,question_2501-image_0,content,..\data\xes3g5m\metadata\images\question_2501-image_0.png,kc_candidate_question_outputs\images\question_2501-image_0.png
374,多笔画变一笔画,2709,question_2709-image_0,content,..\data\xes3g5m\metadata\images\question_2709-image_0.png,kc_candidate_question_outputs\images\question_2709-image_0.png
374,多笔画变一笔画,3392,question_3392-image_0,content,..\data\xes3g5m\metadata\images\question_3392-image_0.png,kc_candidate_question_outputs\images\question_3392-image_0.png
374,多笔画变一笔画,3392,analysis_3392-image_0,analysis,..\data\xes3g5m\metadata\images\analysis_3392-image_0.png,kc_candidate_question_outputs\images\analysis_3392-image_0.png
374,多笔画变一笔画,3753,question_3753-image_0,content,..\data\xes3g5m\metadata\images\question_3753-image_0.png,kc_candidate_question_outputs\images\question_3753-image_0.png
374,多笔画变一笔画,4587,question_4587-image_0,content,..\data\xes3g5m\metadata\images\question_4587-image_0.png,kc_candidate_question_outputs\images\question_4587-image_0.png
374,多笔画变一笔画,4681,question_4681-image_0,content,..\data\xes3g5m\metadata\images\question_4681-image_0.png,kc_candidate_question_outputs\images\question_4681-image_0.png
374,多笔画变一笔画,5093,question_5093-image_0,content,..\data\xes3g5m\metadata\images\question_5093-image_0.png,kc_candidate_question_outputs\images\question_5093-image_0.png
374,多笔画变一笔画,5946,question_5946-image_0,content,..\data\xes3g5m\metadata\images\question_5946-image_0.png,kc_candidate_question_outputs\images\question_5946-image_0.png
374,多笔画变一笔画,5946,analysis_5946-image_0,analysis,..\data\xes3g5m\metadata\images\analysis_5946-image_0.png,kc_candidate_question_outputs\images\analysis_5946-image_0.png
374,多笔画变一笔画,6067,question_6067-image_0,content,..\data\xes3g5m\metadata\images\question_6067-image_0.png,kc_candidate_question_outputs\images\question_6067-image_0.png
374,多笔画变一笔画,6067,analysis_6067-image_0,analysis,..\data\xes3g5m\metadata\images\analysis_6067-image_0.png,kc_candidate_question_outputs\images\analysis_6067-image_0.png
374,多笔画变一笔画,6480,question_6480-image_0,content,..\data\xes3g5m\metadata\images\question_6480-image_0.png,kc_candidate_question_outputs\images\question_6480-image_0.png
374,多笔画变一笔画,6480,analysis_6480-image_0,analysis,..\data\xes3g5m\metadata\images\analysis_6480-image_0.png,kc_candidate_question_outputs\images\analysis_6480-image_0.png
374,多笔画变一笔画,6480,question_6480-image_1,options.A,..\data\xes3g5m\metadata\images\question_6480-image_1.png,kc_candidate_question_outputs\images\question_6480-image_1.png
374,多笔画变一笔画,6480,question_6480-image_1,options.B,..\data\xes3g5m\metadata\images\question_6480-image_1.png,kc_candidate_question_outputs\images\question_6480-image_1.png
374,多笔画变一笔画,6480,question_6480-image_1,options.C,..\data\xes3g5m\metadata\images\question_6480-image_1.png,kc_candidate_question_outputs\images\question_6480-image_1.png
374,多笔画变一笔画,6480,question_6480-image_1,options.D,..\data\xes3g5m\metadata\images\question_6480-image_1.png,kc_candidate_question_outputs\images\question_6480-image_1.png
374,多笔画变一笔画,7037,question_7037-image_0,content,..\data\xes3g5m\metadata\images\question_7037-image_0.png,kc_candidate_question_outputs\images\question_7037-image_0.png
78,二量容斥,130,analysis_130-image_0,analysis,..\data\xes3g5m\metadata\images\analysis_130-image_0.png,kc_candidate_question_outputs\images\analysis_130-image_0.png
78,二量容斥,130,analysis_130-image_1,analysis,..\data\xes3g5m\metadata\images\analysis_130-image_1.png,kc_candidate_question_outputs\images\analysis_130-image_1.png
78,二量容斥,985,question_985-image_0,content,..\data\xes3g5m\metadata\images\question_985-image_0.png,kc_candidate_question_outputs\images\question_985-image_0.png
78,二量容斥,986,question_986-image_0,content,..\data\xes3g5m\metadata\images\question_986-image_0.png,kc_candidate_question_outputs\images\question_986-image_0.png
78,二量容斥,1208,analysis_1208-image_0,analysis,..\data\xes3g5m\metadata\images\analysis_1208-image_0.png,kc_candidate_question_outputs\images\analysis_1208-image_0.png
78,二量容斥,1210,analysis_1210-image_0,analysis,..\data\xes3g5m\metadata\images\analysis_1210-image_0.png,kc_candidate_question_outputs\images\analysis_1210-image_0.png
78,二量容斥,2125,analysis_2125-image_0,analysis,..\data\xes3g5m\metadata\images\analysis_2125-image_0.png,kc_candidate_question_outputs\images\analysis_2125-image_0.png
78,二量容斥,2127,analysis_2127-image_0,analysis,..\data\xes3g5m\metadata\images\analysis_2127-image_0.png,kc_candidate_question_outputs\images\analysis_2127-image_0.png
78,二量容斥,2128,analysis_2128-image_0,analysis,..\data\xes3g5m\metadata\images\analysis_2128-image_0.png,kc_candidate_question_outputs\images\analysis_2128-image_0.png
78,二量容斥,2345,analysis_2345-image_0,analysis,..\data\xes3g5m\metadata\images\analysis_2345-image_0.png,kc_candidate_question_outputs\images\analysis_2345-image_0.png
78,二量容斥,2521,analysis_2521-image_0,analysis,..\data\xes3g5m\metadata\images\analysis_2521-image_0.png,kc_candidate_question_outputs\images\analysis_2521-image_0.png
78,二量容斥,2620,analysis_2620-image_0,analysis,..\data\xes3g5m\metadata\images\analysis_2620-image_0.png,kc_candidate_question_outputs\images\analysis_2620-image_0.png
78,二量容斥,3196,analysis_3196-image_0,analysis,..\data\xes3g5m\metadata\images\analysis_3196-image_0.png,kc_candidate_question_outputs\images\analysis_3196-image_0.png
78,二量容斥,3463,question_3463-image_0,content,..\data\xes3g5m\metadata\images\question_3463-image_0.png,kc_candidate_question_outputs\images\question_3463-image_0.png
78,二量容斥,3618,analysis_3618-image_0,analysis,..\data\xes3g5m\metadata\images\analysis_3618-image_0.png,kc_candidate_question_outputs\images\analysis_3618-image_0.png
78,二量容斥,3844,analysis_3844-image_0,analysis,..\data\xes3g5m\metadata\images\analysis_3844-image_0.png,kc_candidate_question_outputs\images\analysis_3844-image_0.png
78,二量容斥,3844,analysis_3844-image_1,analysis,..\data\xes3g5m\metadata\images\analysis_3844-image_1.png,kc_candidate_question_outputs\images\analysis_3844-image_1.png
78,二量容斥,3844,analysis_3844-image_2,analysis,..\data\xes3g5m\metadata\images\analysis_3844-image_2.png,kc_candidate_question_outputs\images\analysis_3844-image_2.png
78,二量容斥,4591,analysis_4591-image_0,analysis,..\data\xes3g5m\metadata\images\analysis_4591-image_0.png,kc_candidate_question_outputs\images\analysis_4591-image_0.png
78,二量容斥,4592,question_4592-image_0,content,..\data\xes3g5m\metadata\images\question_4592-image_0.png,kc_candidate_question_outputs\images\question_4592-image_0.png
78,二量容斥,4788,analysis_4788-image_0,analysis,..\data\xes3g5m\metadata\images\analysis_4788-image_0.png,kc_candidate_question_outputs\images\analysis_4788-image_0.png
78,二量容斥,4790,analysis_4790-image_0,analysis,..\data\xes3g5m\metadata\images\analysis_4790-image_0.png,kc_candidate_question_outputs\images\analysis_4790-image_0.png
78,二量容斥,4791,analysis_4791-image_0,analysis,..\data\xes3g5m\metadata\images\analysis_4791-image_0.png,kc_candidate_question_outputs\images\analysis_4791-image_0.png
78,二量容斥,4915,analysis_4915-image_0,analysis,..\data\xes3g5m\metadata\images\analysis_4915-image_0.png,kc_candidate_question_outputs\images\analysis_4915-image_0.png
78,二量容斥,5013,analysis_5013-image_0,analysis,..\data\xes3g5m\metadata\images\analysis_5013-image_0.png,kc_candidate_question_outputs\images\analysis_5013-image_0.png
78,二量容斥,5013,analysis_5013-image_1,analysis,..\data\xes3g5m\metadata\images\analysis_5013-image_1.png,kc_candidate_question_outputs\images\analysis_5013-image_1.png
78,二量容斥,5013,analysis_5013-image_2,analysis,..\data\xes3g5m\metadata\images\analysis_5013-image_2.png,kc_candidate_question_outputs\images\analysis_5013-image_2.png
78,二量容斥,6033,analysis_6033-image_0,analysis,..\data\xes3g5m\metadata\images\analysis_6033-image_0.png,kc_candidate_question_outputs\images\analysis_6033-image_0.png
78,二量容斥,6035,analysis_6035-image_0,analysis,..\data\xes3g5m\metadata\images\analysis_6035-image_0.png,kc_candidate_question_outputs\images\analysis_6035-image_0.png
78,二量容斥,6073,analysis_6073-image_0,analysis,..\data\xes3g5m\metadata\images\analysis_6073-image_0.png,kc_candidate_question_outputs\images\analysis_6073-image_0.png
78,二量容斥,6433,analysis_6433-image_0,analysis,..\data\xes3g5m\metadata\images\analysis_6433-image_0.png,kc_candidate_question_outputs\images\analysis_6433-image_0.png
78,二量容斥,6434,analysis_6434-image_0,analysis,..\data\xes3g5m\metadata\images\analysis_6434-image_0.png,kc_candidate_question_outputs\images\analysis_6434-image_0.png
78,二量容斥,6740,analysis_6740-image_0,analysis,..\data\xes3g5m\metadata\images\analysis_6740-image_0.png,kc_candidate_question_outputs\images\analysis_6740-image_0.png
78,二量容斥,6743,analysis_6743-image_0,analysis,..\data\xes3g5m\metadata\images\analysis_6743-image_0.png,kc_candidate_question_outputs\images\analysis_6743-image_0.png
78,二量容斥,7003,analysis_7003-image_0,analysis,..\data\xes3g5m\metadata\images\analysis_7003-image_0.png,kc_candidate_question_outputs\images\analysis_7003-image_0.png
78,二量容斥,7038,analysis_7038-image_0,analysis,..\data\xes3g5m\metadata\images\analysis_7038-image_0.png,kc_candidate_question_outputs\images\analysis_7038-image_0.png
78,二量容斥,7127,analysis_7127-image_0,analysis,..\data\xes3g5m\metadata\images\analysis_7127-image_0.png,kc_candidate_question_outputs\images\analysis_7127-image_0.png
78,二量容斥,7208,analysis_7208-image_0,analysis,..\data\xes3g5m\metadata\images\analysis_7208-image_0.png,kc_candidate_question_outputs\images\analysis_7208-image_0.png
187,一笔画判断,363,question_363-image_0,content,..\data\xes3g5m\metadata\images\question_363-image_0.png,kc_candidate_question_outputs\images\question_363-image_0.png
187,一笔画判断,452,question_452-image_0,content,..\data\xes3g5m\metadata\images\question_452-image_0.png,kc_candidate_question_outputs\images\question_452-image_0.png
187,一笔画判断,452,analysis_452-image_0,analysis,..\data\xes3g5m\metadata\images\analysis_452-image_0.png,kc_candidate_question_outputs\images\analysis_452-image_0.png
187,一笔画判断,973,question_973-image_0,content,..\data\xes3g5m\metadata\images\question_973-image_0.png,kc_candidate_question_outputs\images\question_973-image_0.png
187,一笔画判断,974,question_974-image_0,content,..\data\xes3g5m\metadata\images\question_974-image_0.png,kc_candidate_question_outputs\images\question_974-image_0.png
187,一笔画判断,974,question_974-image_1,content,..\data\xes3g5m\metadata\images\question_974-image_1.png,kc_candidate_question_outputs\images\question_974-image_1.png
187,一笔画判断,974,question_974-image_2,content,..\data\xes3g5m\metadata\images\question_974-image_2.png,kc_candidate_question_outputs\images\question_974-image_2.png
187,一笔画判断,974,question_974-image_3,content,..\data\xes3g5m\metadata\images\question_974-image_3.png,kc_candidate_question_outputs\images\question_974-image_3.png
187,一笔画判断,975,question_975-image_0,content,..\data\xes3g5m\metadata\images\question_975-image_0.png,kc_candidate_question_outputs\images\question_975-image_0.png
187,一笔画判断,976,question_976-image_0,content,..\data\xes3g5m\metadata\images\question_976-image_0.png,kc_candidate_question_outputs\images\question_976-image_0.png
187,一笔画判断,976,analysis_976-image_0,analysis,..\data\xes3g5m\metadata\images\analysis_976-image_0.png,kc_candidate_question_outputs\images\analysis_976-image_0.png
187,一笔画判断,983,question_983-image_0,content,..\data\xes3g5m\metadata\images\question_983-image_0.png,kc_candidate_question_outputs\images\question_983-image_0.png
187,一笔画判断,983,question_983-image_1,content,..\data\xes3g5m\metadata\images\question_983-image_1.png,kc_candidate_question_outputs\images\question_983-image_1.png
187,一笔画判断,983,question_983-image_2,content,..\data\xes3g5m\metadata\images\question_983-image_2.png,kc_candidate_question_outputs\images\question_983-image_2.png
187,一笔画判断,983,question_983-image_3,content,..\data\xes3g5m\metadata\images\question_983-image_3.png,kc_candidate_question_outputs\images\question_983-image_3.png
187,一笔画判断,983,question_983-image_4,content,..\data\xes3g5m\metadata\images\question_983-image_4.png,kc_candidate_question_outputs\images\question_983-image_4.png
187,一笔画判断,1194,question_1194-image_0,content,..\data\xes3g5m\metadata\images\question_1194-image_0.png,kc_candidate_question_outputs\images\question_1194-image_0.png
187,一笔画判断,1194,analysis_1194-image_0,analysis,..\data\xes3g5m\metadata\images\analysis_1194-image_0.png,kc_candidate_question_outputs\images\analysis_1194-image_0.png
187,一笔画判断,1198,question_1198-image_0,content,..\data\xes3g5m\metadata\images\question_1198-image_0.png,kc_candidate_question_outputs\images\question_1198-image_0.png
187,一笔画判断,1198,analysis_1198-image_0,analysis,..\data\xes3g5m\metadata\images\analysis_1198-image_0.png,kc_candidate_question_outputs\images\analysis_1198-image_0.png
187,一笔画判断,1203,question_1203-image_0,content,..\data\xes3g5m\metadata\images\question_1203-image_0.png,kc_candidate_question_outputs\images\question_1203-image_0.png
187,一笔画判断,1367,question_1367-image_0,content,..\data\xes3g5m\metadata\images\question_1367-image_0.png,kc_candidate_question_outputs\images\question_1367-image_0.png
187,一笔画判断,1368,question_1368-image_0,content,..\data\xes3g5m\metadata\images\question_1368-image_0.png,kc_candidate_question_outputs\images\question_1368-image_0.png
187,一笔画判断,1368,analysis_1368-image_0,analysis,..\data\xes3g5m\metadata\images\analysis_1368-image_0.png,kc_candidate_question_outputs\images\analysis_1368-image_0.png
187,一笔画判断,2501,question_2501-image_0,content,..\data\xes3g5m\metadata\images\question_2501-image_0.png,kc_candidate_question_outputs\images\question_2501-image_0.png
187,一笔画判断,2503,question_2503-image_1,options.A,..\data\xes3g5m\metadata\images\question_2503-image_1.png,kc_candidate_question_outputs\images\question_2503-image_1.png
187,一笔画判断,2503,question_2503-image_1,options.B,..\data\xes3g5m\metadata\images\question_2503-image_1.png,kc_candidate_question_outputs\images\question_2503-image_1.png
187,一笔画判断,2503,question_2503-image_1,options.C,..\data\xes3g5m\metadata\images\question_2503-image_1.png,kc_candidate_question_outputs\images\question_2503-image_1.png
187,一笔画判断,2503,question_2503-image_1,options.D,..\data\xes3g5m\metadata\images\question_2503-image_1.png,kc_candidate_question_outputs\images\question_2503-image_1.png
187,一笔画判断,2516,question_2516-image_0,content,..\data\xes3g5m\metadata\images\question_2516-image_0.png,kc_candidate_question_outputs\images\question_2516-image_0.png
187,一笔画判断,2710,question_2710-image_0,content,..\data\xes3g5m\metadata\images\question_2710-image_0.png,kc_candidate_question_outputs\images\question_2710-image_0.png
187,一笔画判断,3020,question_3020-image_0,content,..\data\xes3g5m\metadata\images\question_3020-image_0.png,kc_candidate_question_outputs\images\question_3020-image_0.png
187,一笔画判断,3362,question_3362-image_0,content,..\data\xes3g5m\metadata\images\question_3362-image_0.png,kc_candidate_question_outputs\images\question_3362-image_0.png
187,一笔画判断,3362,analysis_3362-image_0,analysis,..\data\xes3g5m\metadata\images\analysis_3362-image_0.png,kc_candidate_question_outputs\images\analysis_3362-image_0.png
187,一笔画判断,3388,question_3388-image_0,content,..\data\xes3g5m\metadata\images\question_3388-image_0.png,kc_candidate_question_outputs\images\question_3388-image_0.png
187,一笔画判断,3456,analysis_3456-image_0,analysis,..\data\xes3g5m\metadata\images\analysis_3456-image_0.png,kc_candidate_question_outputs\images\analysis_3456-image_0.png
187,一笔画判断,3456,question_3456-image_1,options.A,..\data\xes3g5m\metadata\images\question_3456-image_1.png,kc_candidate_question_outputs\images\question_3456-image_1.png
187,一笔画判断,3456,question_3456-image_1,options.B,..\data\xes3g5m\metadata\images\question_3456-image_1.png,kc_candidate_question_outputs\images\question_3456-image_1.png
187,一笔画判断,3457,question_3457-image_0,content,..\data\xes3g5m\metadata\images\question_3457-image_0.png,kc_candidate_question_outputs\images\question_3457-image_0.png
187,一笔画判断,3457,question_3457-image_1,content,..\data\xes3g5m\metadata\images\question_3457-image_1.png,kc_candidate_question_outputs\images\question_3457-image_1.png
187,一笔画判断,3457,question_3457-image_2,content,..\data\xes3g5m\metadata\images\question_3457-image_2.png,kc_candidate_question_outputs\images\question_3457-image_2.png
187,一笔画判断,3458,question_3458-image_0,content,..\data\xes3g5m\metadata\images\question_3458-image_0.png,kc_candidate_question_outputs\images\question_3458-image_0.png
187,一笔画判断,3472,question_3472-image_0,content,..\data\xes3g5m\metadata\images\question_3472-image_0.png,kc_candidate_question_outputs\images\question_3472-image_0.png
187,一笔画判断,3472,question_3472-image_1,content,..\data\xes3g5m\metadata\images\question_3472-image_1.png,kc_candidate_question_outputs\images\question_3472-image_1.png
187,一笔画判断,3565,question_3565-image_0,content,..\data\xes3g5m\metadata\images\question_3565-image_0.png,kc_candidate_question_outputs\images\question_3565-image_0.png
187,一笔画判断,3751,question_3751-image_0,content,..\data\xes3g5m\metadata\images\question_3751-image_0.png,kc_candidate_question_outputs\images\question_3751-image_0.png
187,一笔画判断,3752,question_3752-image_0,content,..\data\xes3g5m\metadata\images\question_3752-image_0.png,kc_candidate_question_outputs\images\question_3752-image_0.png
187,一笔画判断,3754,question_3754-image_0,content,..\data\xes3g5m\metadata\images\question_3754-image_0.png,kc_candidate_question_outputs\images\question_3754-image_0.png
187,一笔画判断,3754,analysis_3754-image_0,analysis,..\data\xes3g5m\metadata\images\analysis_3754-image_0.png,kc_candidate_question_outputs\images\analysis_3754-image_0.png
187,一笔画判断,4363,question_4363-image_0,content,..\data\xes3g5m\metadata\images\question_4363-image_0.png,kc_candidate_question_outputs\images\question_4363-image_0.png
187,一笔画判断,4363,analysis_4363-image_0,analysis,..\data\xes3g5m\metadata\images\analysis_4363-image_0.png,kc_candidate_question_outputs\images\analysis_4363-image_0.png
187,一笔画判断,4583,question_4583-image_0,content,..\data\xes3g5m\metadata\images\question_4583-image_0.png,kc_candidate_question_outputs\images\question_4583-image_0.png
187,一笔画判断,4583,analysis_4583-image_0,analysis,..\data\xes3g5m\metadata\images\analysis_4583-image_0.png,kc_candidate_question_outputs\images\analysis_4583-image_0.png
187,一笔画判断,4583,analysis_4583-image_1,analysis,..\data\xes3g5m\metadata\images\analysis_4583-image_1.png,kc_candidate_question_outputs\images\analysis_4583-image_1.png
187,一笔画判断,4583,analysis_4583-image_2,analysis,..\data\xes3g5m\metadata\images\analysis_4583-image_2.png,kc_candidate_question_outputs\images\analysis_4583-image_2.png
187,一笔画判断,4583,analysis_4583-image_3,analysis,..\data\xes3g5m\metadata\images\analysis_4583-image_3.png,kc_candidate_question_outputs\images\analysis_4583-image_3.png
187,一笔画判断,4584,question_4584-image_0,content,..\data\xes3g5m\metadata\images\question_4584-image_0.png,kc_candidate_question_outputs\images\question_4584-image_0.png
187,一笔画判断,4584,analysis_4584-image_0,analysis,..\data\xes3g5m\metadata\images\analysis_4584-image_0.png,kc_candidate_question_outputs\images\analysis_4584-image_0.png
187,一笔画判断,4584,analysis_4584-image_1,analysis,..\data\xes3g5m\metadata\images\analysis_4584-image_1.png,kc_candidate_question_outputs\images\analysis_4584-image_1.png
187,一笔画判断,4584,analysis_4584-image_2,analysis,..\data\xes3g5m\metadata\images\analysis_4584-image_2.png,kc_candidate_question_outputs\images\analysis_4584-image_2.png
187,一笔画判断,4584,analysis_4584-image_3,analysis,..\data\xes3g5m\metadata\images\analysis_4584-image_3.png,kc_candidate_question_outputs\images\analysis_4584-image_3.png
187,一笔画判断,4587,question_4587-image_0,content,..\data\xes3g5m\metadata\images\question_4587-image_0.png,kc_candidate_question_outputs\images\question_4587-image_0.png
187,一笔画判断,4676,question_4676-image_0,content,..\data\xes3g5m\metadata\images\question_4676-image_0.png,kc_candidate_question_outputs\images\question_4676-image_0.png
187,一笔画判断,4676,analysis_4676-image_0,analysis,..\data\xes3g5m\metadata\images\analysis_4676-image_0.png,kc_candidate_question_outputs\images\analysis_4676-image_0.png
187,一笔画判断,5017,question_5017-image_0,content,..\data\xes3g5m\metadata\images\question_5017-image_0.png,kc_candidate_question_outputs\images\question_5017-image_0.png
187,一笔画判断,5017,analysis_5017-image_0,analysis,..\data\xes3g5m\metadata\images\analysis_5017-image_0.png,kc_candidate_question_outputs\images\analysis_5017-image_0.png
187,一笔画判断,5068,question_5068-image_0,content,..\data\xes3g5m\metadata\images\question_5068-image_0.png,kc_candidate_question_outputs\images\question_5068-image_0.png
187,一笔画判断,5068,analysis_5068-image_0,analysis,..\data\xes3g5m\metadata\images\analysis_5068-image_0.png,kc_candidate_question_outputs\images\analysis_5068-image_0.png
187,一笔画判断,5228,question_5228-image_0,content,..\data\xes3g5m\metadata\images\question_5228-image_0.png,kc_candidate_question_outputs\images\question_5228-image_0.png
187,一笔画判断,5228,analysis_5228-image_0,analysis,..\data\xes3g5m\metadata\images\analysis_5228-image_0.png,kc_candidate_question_outputs\images\analysis_5228-image_0.png
187,一笔画判断,5613,question_5613-image_0,content,..\data\xes3g5m\metadata\images\question_5613-image_0.png,kc_candidate_question_outputs\images\question_5613-image_0.png
187,一笔画判断,6482,question_6482-image_0,content,..\data\xes3g5m\metadata\images\question_6482-image_0.png,kc_candidate_question_outputs\images\question_6482-image_0.png
187,一笔画判断,6482,question_6482-image_1,options.A,..\data\xes3g5m\metadata\images\question_6482-image_1.png,kc_candidate_question_outputs\images\question_6482-image_1.png
187,一笔画判断,6482,question_6482-image_1,options.B,..\data\xes3g5m\metadata\images\question_6482-image_1.png,kc_candidate_question_outputs\images\question_6482-image_1.png
187,一笔画判断,6482,question_6482-image_1,options.C,..\data\xes3g5m\metadata\images\question_6482-image_1.png,kc_candidate_question_outputs\images\question_6482-image_1.png
187,一笔画判断,6482,question_6482-image_1,options.D,..\data\xes3g5m\metadata\images\question_6482-image_1.png,kc_candidate_question_outputs\images\question_6482-image_1.png
187,一笔画判断,7036,question_7036-image_0,content,..\data\xes3g5m\metadata\images\question_7036-image_0.png,kc_candidate_question_outputs\images\question_7036-image_0.png
187,一笔画判断,7575,question_7575-image_0,content,..\data\xes3g5m\metadata\images\question_7575-image_0.png,kc_candidate_question_outputs\images\question_7575-image_0.png
149,综合题普通型,4552,analysis_4552-image_0,analysis,..\data\xes3g5m\metadata\images\analysis_4552-image_0.png,kc_candidate_question_outputs\images\analysis_4552-image_0.png
149,综合题普通型,4833,analysis_4833-image_0,analysis,..\data\xes3g5m\metadata\images\analysis_4833-image_0.png,kc_candidate_question_outputs\images\analysis_4833-image_0.png
149,综合题普通型,5367,question_5367-image_0,content,..\data\xes3g5m\metadata\images\question_5367-image_0.png,kc_candidate_question_outputs\images\question_5367-image_0.png
149,综合题普通型,5367,analysis_5367-image_0,analysis,..\data\xes3g5m\metadata\images\analysis_5367-image_0.png,kc_candidate_question_outputs\images\analysis_5367-image_0.png
149,综合题普通型,7235,analysis_7235-image_0,analysis,..\data\xes3g5m\metadata\images\analysis_7235-image_0.png,kc_candidate_question_outputs\images\analysis_7235-image_0.png
229,火柴棒摆数,461,question_461-image_0,content,..\data\xes3g5m\metadata\images\question_461-image_0.png,kc_candidate_question_outputs\images\question_461-image_0.png
229,火柴棒摆数,1789,question_1789-image_0,content,..\data\xes3g5m\metadata\images\question_1789-image_0.png,kc_candidate_question_outputs\images\question_1789-image_0.png
229,火柴棒摆数,1792,question_1792-image_0,content,..\data\xes3g5m\metadata\images\question_1792-image_0.png,kc_candidate_question_outputs\images\question_1792-image_0.png
229,火柴棒摆数,1792,question_1792-image_1,content,..\data\xes3g5m\metadata\images\question_1792-image_1.png,kc_candidate_question_outputs\images\question_1792-image_1.png
229,火柴棒摆数,1793,question_1793-image_0,content,..\data\xes3g5m\metadata\images\question_1793-image_0.png,kc_candidate_question_outputs\images\question_1793-image_0.png
229,火柴棒摆数,1794,question_1794-image_0,content,..\data\xes3g5m\metadata\images\question_1794-image_0.png,kc_candidate_question_outputs\images\question_1794-image_0.png
229,火柴棒摆数,1845,question_1845-image_0,content,..\data\xes3g5m\metadata\images\question_1845-image_0.png,kc_candidate_question_outputs\images\question_1845-image_0.png
229,火柴棒摆数,1997,question_1997-image_0,content,..\data\xes3g5m\metadata\images\question_1997-image_0.png,kc_candidate_question_outputs\images\question_1997-image_0.png
229,火柴棒摆数,1998,question_1998-image_0,content,..\data\xes3g5m\metadata\images\question_1998-image_0.png,kc_candidate_question_outputs\images\question_1998-image_0.png
229,火柴棒摆数,1999,question_1999-image_0,content,..\data\xes3g5m\metadata\images\question_1999-image_0.png,kc_candidate_question_outputs\images\question_1999-image_0.png
229,火柴棒摆数,2001,question_2001-image_0,content,..\data\xes3g5m\metadata\images\question_2001-image_0.png,kc_candidate_question_outputs\images\question_2001-image_0.png
229,火柴棒摆数,2002,question_2002-image_0,content,..\data\xes3g5m\metadata\images\question_2002-image_0.png,kc_candidate_question_outputs\images\question_2002-image_0.png
229,火柴棒摆数,2003,question_2003-image_0,content,..\data\xes3g5m\metadata\images\question_2003-image_0.png,kc_candidate_question_outputs\images\question_2003-image_0.png
229,火柴棒摆数,2004,question_2004-image_0,content,..\data\xes3g5m\metadata\images\question_2004-image_0.png,kc_candidate_question_outputs\images\question_2004-image_0.png
229,火柴棒摆数,3708,question_3708-image_0,content,..\data\xes3g5m\metadata\images\question_3708-image_0.png,kc_candidate_question_outputs\images\question_3708-image_0.png
229,火柴棒摆数,3709,question_3709-image_0,content,..\data\xes3g5m\metadata\images\question_3709-image_0.png,kc_candidate_question_outputs\images\question_3709-image_0.png
229,火柴棒摆数,4175,question_4175-image_0,content,..\data\xes3g5m\metadata\images\question_4175-image_0.png,kc_candidate_question_outputs\images\question_4175-image_0.png
229,火柴棒摆数,4176,question_4176-image_0,content,..\data\xes3g5m\metadata\images\question_4176-image_0.png,kc_candidate_question_outputs\images\question_4176-image_0.png
229,火柴棒摆数,4177,question_4177-image_0,content,..\data\xes3g5m\metadata\images\question_4177-image_0.png,kc_candidate_question_outputs\images\question_4177-image_0.png
229,火柴棒摆数,4179,question_4179-image_0,content,..\data\xes3g5m\metadata\images\question_4179-image_0.png,kc_candidate_question_outputs\images\question_4179-image_0.png
229,火柴棒摆数,4999,question_4999-image_0,content,..\data\xes3g5m\metadata\images\question_4999-image_0.png,kc_candidate_question_outputs\images\question_4999-image_0.png
229,火柴棒摆数,5000,question_5000-image_0,content,..\data\xes3g5m\metadata\images\question_5000-image_0.png,kc_candidate_question_outputs\images\question_5000-image_0.png
229,火柴棒摆数,5001,question_5001-image_0,content,..\data\xes3g5m\metadata\images\question_5001-image_0.png,kc_candidate_question_outputs\images\question_5001-image_0.png
229,火柴棒摆数,5003,question_5003-image_0,content,..\data\xes3g5m\metadata\images\question_5003-image_0.png,kc_candidate_question_outputs\images\question_5003-image_0.png
229,火柴棒摆数,5053,question_5053-image_0,content,..\data\xes3g5m\metadata\images\question_5053-image_0.png,kc_candidate_question_outputs\images\question_5053-image_0.png
229,火柴棒摆数,5054,question_5054-image_0,content,..\data\xes3g5m\metadata\images\question_5054-image_0.png,kc_candidate_question_outputs\images\question_5054-image_0.png
229,火柴棒摆数,5603,question_5603-image_0,content,..\data\xes3g5m\metadata\images\question_5603-image_0.png,kc_candidate_question_outputs\images\question_5603-image_0.png
229,火柴棒摆数,5604,question_5604-image_0,content,..\data\xes3g5m\metadata\images\question_5604-image_0.png,kc_candidate_question_outputs\images\question_5604-image_0.png
229,火柴棒摆数,5899,question_5899-image_0,content,..\data\xes3g5m\metadata\images\question_5899-image_0.png,kc_candidate_question_outputs\images\question_5899-image_0.png
229,火柴棒摆数,5965,question_5965-image_0,content,..\data\xes3g5m\metadata\images\question_5965-image_0.png,kc_candidate_question_outputs\images\question_5965-image_0.png
229,火柴棒摆数,5966,question_5966-image_0,content,..\data\xes3g5m\metadata\images\question_5966-image_0.png,kc_candidate_question_outputs\images\question_5966-image_0.png
229,火柴棒摆数,6621,question_6621-image_0,content,..\data\xes3g5m\metadata\images\question_6621-image_0.png,kc_candidate_question_outputs\images\question_6621-image_0.png
229,火柴棒摆数,6623,question_6623-image_0,content,..\data\xes3g5m\metadata\images\question_6623-image_0.png,kc_candidate_question_outputs\images\question_6623-image_0.png
229,火柴棒摆数,6624,question_6624-image_0,content,..\data\xes3g5m\metadata\images\question_6624-image_0.png,kc_candidate_question_outputs\images\question_6624-image_0.png
229,火柴棒摆数,6625,question_6625-image_0,content,..\data\xes3g5m\metadata\images\question_6625-image_0.png,kc_candidate_question_outputs\images\question_6625-image_0.png
229,火柴棒摆数,6688,question_6688-image_0,content,..\data\xes3g5m\metadata\images\question_6688-image_0.png,kc_candidate_question_outputs\images\question_6688-image_0.png
118,除法竖式谜,203,question_203-image_0,content,..\data\xes3g5m\metadata\images\question_203-image_0.png,kc_candidate_question_outputs\images\question_203-image_0.png
118,除法竖式谜,207,question_207-image_0,content,..\data\xes3g5m\metadata\images\question_207-image_0.png,kc_candidate_question_outputs\images\question_207-image_0.png
118,除法竖式谜,211,question_211-image_0,content,..\data\xes3g5m\metadata\images\question_211-image_0.png,kc_candidate_question_outputs\images\question_211-image_0.png
118,除法竖式谜,719,question_719-image_0,content,..\data\xes3g5m\metadata\images\question_719-image_0.png,kc_candidate_question_outputs\images\question_719-image_0.png
118,除法竖式谜,747,question_747-image_0,content,..\data\xes3g5m\metadata\images\question_747-image_0.png,kc_candidate_question_outputs\images\question_747-image_0.png
118,除法竖式谜,1509,question_1509-image_0,content,..\data\xes3g5m\metadata\images\question_1509-image_0.png,kc_candidate_question_outputs\images\question_1509-image_0.png
118,除法竖式谜,2156,question_2156-image_0,content,..\data\xes3g5m\metadata\images\question_2156-image_0.png,kc_candidate_question_outputs\images\question_2156-image_0.png
118,除法竖式谜,2156,analysis_2156-image_0,analysis,..\data\xes3g5m\metadata\images\analysis_2156-image_0.png,kc_candidate_question_outputs\images\analysis_2156-image_0.png
118,除法竖式谜,2157,question_2157-image_0,content,..\data\xes3g5m\metadata\images\question_2157-image_0.png,kc_candidate_question_outputs\images\question_2157-image_0.png
118,除法竖式谜,3101,question_3101-image_0,content,..\data\xes3g5m\metadata\images\question_3101-image_0.png,kc_candidate_question_outputs\images\question_3101-image_0.png
118,除法竖式谜,5540,question_5540-image_0,content,..\data\xes3g5m\metadata\images\question_5540-image_0.png,kc_candidate_question_outputs\images\question_5540-image_0.png
118,除法竖式谜,5541,question_5541-image_0,content,..\data\xes3g5m\metadata\images\question_5541-image_0.png,kc_candidate_question_outputs\images\question_5541-image_0.png
118,除法竖式谜,5541,analysis_5541-image_0,analysis,..\data\xes3g5m\metadata\images\analysis_5541-image_0.png,kc_candidate_question_outputs\images\analysis_5541-image_0.png
118,除法竖式谜,5842,question_5842-image_0,content,..\data\xes3g5m\metadata\images\question_5842-image_0.png,kc_candidate_question_outputs\images\question_5842-image_0.png
118,除法竖式谜,6078,question_6078-image_0,content,..\data\xes3g5m\metadata\images\question_6078-image_0.png,kc_candidate_question_outputs\images\question_6078-image_0.png
118,除法竖式谜,6078,analysis_6078-image_0,analysis,..\data\xes3g5m\metadata\images\analysis_6078-image_0.png,kc_candidate_question_outputs\images\analysis_6078-image_0.png
118,除法竖式谜,6316,question_6316-image_0,content,..\data\xes3g5m\metadata\images\question_6316-image_0.png,kc_candidate_question_outputs\images\question_6316-image_0.png
118,除法竖式谜,6316,analysis_6316-image_0,analysis,..\data\xes3g5m\metadata\images\analysis_6316-image_0.png,kc_candidate_question_outputs\images\analysis_6316-image_0.png
128,调运中的统筹,1625,question_1625-image_0,content,..\data\xes3g5m\metadata\images\question_1625-image_0.png,kc_candidate_question_outputs\images\question_1625-image_0.png
128,调运中的统筹,1626,question_1626-image_0,content,..\data\xes3g5m\metadata\images\question_1626-image_0.png,kc_candidate_question_outputs\images\question_1626-image_0.png
128,调运中的统筹,1627,question_1627-image_0,content,..\data\xes3g5m\metadata\images\question_1627-image_0.png,kc_candidate_question_outputs\images\question_1627-image_0.png
128,调运中的统筹,1629,question_1629-image_0,content,..\data\xes3g5m\metadata\images\question_1629-image_0.png,kc_candidate_question_outputs\images\question_1629-image_0.png
128,调运中的统筹,1630,question_1630-image_0,content,..\data\xes3g5m\metadata\images\question_1630-image_0.png,kc_candidate_question_outputs\images\question_1630-image_0.png
128,调运中的统筹,2175,question_2175-image_0,content,..\data\xes3g5m\metadata\images\question_2175-image_0.png,kc_candidate_question_outputs\images\question_2175-image_0.png
128,调运中的统筹,2176,question_2176-image_0,content,..\data\xes3g5m\metadata\images\question_2176-image_0.png,kc_candidate_question_outputs\images\question_2176-image_0.png
128,调运中的统筹,4118,question_4118-image_0,content,..\data\xes3g5m\metadata\images\question_4118-image_0.png,kc_candidate_question_outputs\images\question_4118-image_0.png
128,调运中的统筹,4119,question_4119-image_0,content,..\data\xes3g5m\metadata\images\question_4119-image_0.png,kc_candidate_question_outputs\images\question_4119-image_0.png
128,调运中的统筹,4429,question_4429-image_0,content,..\data\xes3g5m\metadata\images\question_4429-image_0.png,kc_candidate_question_outputs\images\question_4429-image_0.png
128,调运中的统筹,4431,question_4431-image_0,content,..\data\xes3g5m\metadata\images\question_4431-image_0.png,kc_candidate_question_outputs\images\question_4431-image_0.png
128,调运中的统筹,5482,question_5482-image_0,content,..\data\xes3g5m\metadata\images\question_5482-image_0.png,kc_candidate_question_outputs\images\question_5482-image_0.png
232,加法竖式谜,464,question_464-image_0,content,..\data\xes3g5m\metadata\images\question_464-image_0.png,kc_candidate_question_outputs\images\question_464-image_0.png
232,加法竖式谜,464,analysis_464-image_0,analysis,..\data\xes3g5m\metadata\images\analysis_464-image_0.png,kc_candidate_question_outputs\images\analysis_464-image_0.png
232,加法竖式谜,466,question_466-image_0,content,..\data\xes3g5m\metadata\images\question_466-image_0.png,kc_candidate_question_outputs\images\question_466-image_0.png
232,加法竖式谜,850,question_850-image_0,content,..\data\xes3g5m\metadata\images\question_850-image_0.png,kc_candidate_question_outputs\images\question_850-image_0.png
232,加法竖式谜,851,question_851-image_0,content,..\data\xes3g5m\metadata\images\question_851-image_0.png,kc_candidate_question_outputs\images\question_851-image_0.png
232,加法竖式谜,852,question_852-image_0,content,..\data\xes3g5m\metadata\images\question_852-image_0.png,kc_candidate_question_outputs\images\question_852-image_0.png
232,加法竖式谜,852,analysis_852-image_0,analysis,..\data\xes3g5m\metadata\images\analysis_852-image_0.png,kc_candidate_question_outputs\images\analysis_852-image_0.png
232,加法竖式谜,1374,question_1374-image_0,content,..\data\xes3g5m\metadata\images\question_1374-image_0.png,kc_candidate_question_outputs\images\question_1374-image_0.png
232,加法竖式谜,1376,question_1376-image_0,content,..\data\xes3g5m\metadata\images\question_1376-image_0.png,kc_candidate_question_outputs\images\question_1376-image_0.png
232,加法竖式谜,1377,question_1377-image_0,content,..\data\xes3g5m\metadata\images\question_1377-image_0.png,kc_candidate_question_outputs\images\question_1377-image_0.png
232,加法竖式谜,1378,question_1378-image_0,content,..\data\xes3g5m\metadata\images\question_1378-image_0.png,kc_candidate_question_outputs\images\question_1378-image_0.png
232,加法竖式谜,1378,analysis_1378-image_0,analysis,..\data\xes3g5m\metadata\images\analysis_1378-image_0.png,kc_candidate_question_outputs\images\analysis_1378-image_0.png
232,加法竖式谜,1379,question_1379-image_0,content,..\data\xes3g5m\metadata\images\question_1379-image_0.png,kc_candidate_question_outputs\images\question_1379-image_0.png
232,加法竖式谜,1381,question_1381-image_0,content,..\data\xes3g5m\metadata\images\question_1381-image_0.png,kc_candidate_question_outputs\images\question_1381-image_0.png
232,加法竖式谜,1382,question_1382-image_0,content,..\data\xes3g5m\metadata\images\question_1382-image_0.png,kc_candidate_question_outputs\images\question_1382-image_0.png
232,加法竖式谜,1383,question_1383-image_0,content,..\data\xes3g5m\metadata\images\question_1383-image_0.png,kc_candidate_question_outputs\images\question_1383-image_0.png
232,加法竖式谜,1383,analysis_1383-image_0,analysis,..\data\xes3g5m\metadata\images\analysis_1383-image_0.png,kc_candidate_question_outputs\images\analysis_1383-image_0.png
232,加法竖式谜,1384,question_1384-image_0,content,..\data\xes3g5m\metadata\images\question_1384-image_0.png,kc_candidate_question_outputs\images\question_1384-image_0.png
232,加法竖式谜,1385,question_1385-image_0,content,..\data\xes3g5m\metadata\images\question_1385-image_0.png,kc_candidate_question_outputs\images\question_1385-image_0.png
232,加法竖式谜,1386,question_1386-image_0,content,..\data\xes3g5m\metadata\images\question_1386-image_0.png,kc_candidate_question_outputs\images\question_1386-image_0.png
232,加法竖式谜,1539,question_1539-image_0,content,..\data\xes3g5m\metadata\images\question_1539-image_0.png,kc_candidate_question_outputs\images\question_1539-image_0.png
232,加法竖式谜,1539,analysis_1539-image_0,analysis,..\data\xes3g5m\metadata\images\analysis_1539-image_0.png,kc_candidate_question_outputs\images\analysis_1539-image_0.png
232,加法竖式谜,1542,question_1542-image_0,content,..\data\xes3g5m\metadata\images\question_1542-image_0.png,kc_candidate_question_outputs\images\question_1542-image_0.png
232,加法竖式谜,1937,question_1937-image_0,content,..\data\xes3g5m\metadata\images\question_1937-image_0.png,kc_candidate_question_outputs\images\question_1937-image_0.png
232,加法竖式谜,2006,question_2006-image_0,content,..\data\xes3g5m\metadata\images\question_2006-image_0.png,kc_candidate_question_outputs\images\question_2006-image_0.png
232,加法竖式谜,2007,question_2007-image_0,content,..\data\xes3g5m\metadata\images\question_2007-image_0.png,kc_candidate_question_outputs\images\question_2007-image_0.png
232,加法竖式谜,2008,question_2008-image_0,content,..\data\xes3g5m\metadata\images\question_2008-image_0.png,kc_candidate_question_outputs\images\question_2008-image_0.png
232,加法竖式谜,2009,question_2009-image_0,content,..\data\xes3g5m\metadata\images\question_2009-image_0.png,kc_candidate_question_outputs\images\question_2009-image_0.png
232,加法竖式谜,2009,analysis_2009-image_0,analysis,..\data\xes3g5m\metadata\images\analysis_2009-image_0.png,kc_candidate_question_outputs\images\analysis_2009-image_0.png
232,加法竖式谜,2009,analysis_2009-image_1,analysis,..\data\xes3g5m\metadata\images\analysis_2009-image_1.png,kc_candidate_question_outputs\images\analysis_2009-image_1.png
232,加法竖式谜,2315,question_2315-image_0,content,..\data\xes3g5m\metadata\images\question_2315-image_0.png,kc_candidate_question_outputs\images\question_2315-image_0.png
232,加法竖式谜,2318,question_2318-image_0,content,..\data\xes3g5m\metadata\images\question_2318-image_0.png,kc_candidate_question_outputs\images\question_2318-image_0.png
232,加法竖式谜,2318,question_2318-image_1,content,..\data\xes3g5m\metadata\images\question_2318-image_1.png,kc_candidate_question_outputs\images\question_2318-image_1.png
232,加法竖式谜,2318,analysis_2318-image_0,analysis,..\data\xes3g5m\metadata\images\analysis_2318-image_0.png,kc_candidate_question_outputs\images\analysis_2318-image_0.png
232,加法竖式谜,2318,analysis_2318-image_1,analysis,..\data\xes3g5m\metadata\images\analysis_2318-image_1.png,kc_candidate_question_outputs\images\analysis_2318-image_1.png
232,加法竖式谜,2321,question_2321-image_0,content,..\data\xes3g5m\metadata\images\question_2321-image_0.png,kc_candidate_question_outputs\images\question_2321-image_0.png
232,加法竖式谜,2321,analysis_2321-image_0,analysis,..\data\xes3g5m\metadata\images\analysis_2321-image_0.png,kc_candidate_question_outputs\images\analysis_2321-image_0.png
232,加法竖式谜,2321,analysis_2321-image_1,analysis,..\data\xes3g5m\metadata\images\analysis_2321-image_1.png,kc_candidate_question_outputs\images\analysis_2321-image_1.png
232,加法竖式谜,2321,analysis_2321-image_2,analysis,..\data\xes3g5m\metadata\images\analysis_2321-image_2.png,kc_candidate_question_outputs\images\analysis_2321-image_2.png
232,加法竖式谜,2322,question_2322-image_0,content,..\data\xes3g5m\metadata\images\question_2322-image_0.png,kc_candidate_question_outputs\images\question_2322-image_0.png
232,加法竖式谜,2903,question_2903-image_0,content,..\data\xes3g5m\metadata\images\question_2903-image_0.png,kc_candidate_question_outputs\images\question_2903-image_0.png
232,加法竖式谜,2904,question_2904-image_0,content,..\data\xes3g5m\metadata\images\question_2904-image_0.png,kc_candidate_question_outputs\images\question_2904-image_0.png
232,加法竖式谜,2905,question_2905-image_0,content,..\data\xes3g5m\metadata\images\question_2905-image_0.png,kc_candidate_question_outputs\images\question_2905-image_0.png
232,加法竖式谜,3033,question_3033-image_0,content,..\data\xes3g5m\metadata\images\question_3033-image_0.png,kc_candidate_question_outputs\images\question_3033-image_0.png
232,加法竖式谜,3035,question_3035-image_0,content,..\data\xes3g5m\metadata\images\question_3035-image_0.png,kc_candidate_question_outputs\images\question_3035-image_0.png
232,加法竖式谜,3037,question_3037-image_0,content,..\data\xes3g5m\metadata\images\question_3037-image_0.png,kc_candidate_question_outputs\images\question_3037-image_0.png
232,加法竖式谜,3604,question_3604-image_0,content,..\data\xes3g5m\metadata\images\question_3604-image_0.png,kc_candidate_question_outputs\images\question_3604-image_0.png
232,加法竖式谜,3604,analysis_3604-image_0,analysis,..\data\xes3g5m\metadata\images\analysis_3604-image_0.png,kc_candidate_question_outputs\images\analysis_3604-image_0.png
232,加法竖式谜,3788,question_3788-image_0,content,..\data\xes3g5m\metadata\images\question_3788-image_0.png,kc_candidate_question_outputs\images\question_3788-image_0.png
232,加法竖式谜,4250,question_4250-image_0,content,..\data\xes3g5m\metadata\images\question_4250-image_0.png,kc_candidate_question_outputs\images\question_4250-image_0.png
232,加法竖式谜,4250,analysis_4250-image_0,analysis,..\data\xes3g5m\metadata\images\analysis_4250-image_0.png,kc_candidate_question_outputs\images\analysis_4250-image_0.png
232,加法竖式谜,4252,question_4252-image_0,content,..\data\xes3g5m\metadata\images\question_4252-image_0.png,kc_candidate_question_outputs\images\question_4252-image_0.png
232,加法竖式谜,4254,question_4254-image_0,content,..\data\xes3g5m\metadata\images\question_4254-image_0.png,kc_candidate_question_outputs\images\question_4254-image_0.png
232,加法竖式谜,5266,question_5266-image_0,content,..\data\xes3g5m\metadata\images\question_5266-image_0.png,kc_candidate_question_outputs\images\question_5266-image_0.png
232,加法竖式谜,5266,analysis_5266-image_0,analysis,..\data\xes3g5m\metadata\images\analysis_5266-image_0.png,kc_candidate_question_outputs\images\analysis_5266-image_0.png
232,加法竖式谜,5363,question_5363-image_0,content,..\data\xes3g5m\metadata\images\question_5363-image_0.png,kc_candidate_question_outputs\images\question_5363-image_0.png
232,加法竖式谜,5384,question_5384-image_0,content,..\data\xes3g5m\metadata\images\question_5384-image_0.png,kc_candidate_question_outputs\images\question_5384-image_0.png
232,加法竖式谜,5385,question_5385-image_0,content,..\data\xes3g5m\metadata\images\question_5385-image_0.png,kc_candidate_question_outputs\images\question_5385-image_0.png
232,加法竖式谜,5385,analysis_5385-image_0,analysis,..\data\xes3g5m\metadata\images\analysis_5385-image_0.png,kc_candidate_question_outputs\images\analysis_5385-image_0.png
232,加法竖式谜,5389,question_5389-image_0,content,..\data\xes3g5m\metadata\images\question_5389-image_0.png,kc_candidate_question_outputs\images\question_5389-image_0.png
232,加法竖式谜,5394,question_5394-image_0,content,..\data\xes3g5m\metadata\images\question_5394-image_0.png,kc_candidate_question_outputs\images\question_5394-image_0.png
232,加法竖式谜,5426,question_5426-image_0,content,..\data\xes3g5m\metadata\images\question_5426-image_0.png,kc_candidate_question_outputs\images\question_5426-image_0.png
232,加法竖式谜,5427,question_5427-image_0,content,..\data\xes3g5m\metadata\images\question_5427-image_0.png,kc_candidate_question_outputs\images\question_5427-image_0.png
232,加法竖式谜,5564,question_5564-image_0,content,..\data\xes3g5m\metadata\images\question_5564-image_0.png,kc_candidate_question_outputs\images\question_5564-image_0.png
232,加法竖式谜,5565,question_5565-image_0,content,..\data\xes3g5m\metadata\images\question_5565-image_0.png,kc_candidate_question_outputs\images\question_5565-image_0.png
232,加法竖式谜,5571,question_5571-image_0,content,..\data\xes3g5m\metadata\images\question_5571-image_0.png,kc_candidate_question_outputs\images\question_5571-image_0.png
232,加法竖式谜,5574,question_5574-image_0,content,..\data\xes3g5m\metadata\images\question_5574-image_0.png,kc_candidate_question_outputs\images\question_5574-image_0.png
232,加法竖式谜,5575,question_5575-image_0,content,..\data\xes3g5m\metadata\images\question_5575-image_0.png,kc_candidate_question_outputs\images\question_5575-image_0.png
232,加法竖式谜,5575,analysis_5575-image_0,analysis,..\data\xes3g5m\metadata\images\analysis_5575-image_0.png,kc_candidate_question_outputs\images\analysis_5575-image_0.png
232,加法竖式谜,5575,analysis_5575-image_1,analysis,..\data\xes3g5m\metadata\images\analysis_5575-image_1.png,kc_candidate_question_outputs\images\analysis_5575-image_1.png
232,加法竖式谜,5576,question_5576-image_0,content,..\data\xes3g5m\metadata\images\question_5576-image_0.png,kc_candidate_question_outputs\images\question_5576-image_0.png
232,加法竖式谜,5577,question_5577-image_0,content,..\data\xes3g5m\metadata\images\question_5577-image_0.png,kc_candidate_question_outputs\images\question_5577-image_0.png
232,加法竖式谜,5843,question_5843-image_0,content,..\data\xes3g5m\metadata\images\question_5843-image_0.png,kc_candidate_question_outputs\images\question_5843-image_0.png
232,加法竖式谜,5843,analysis_5843-image_0,analysis,..\data\xes3g5m\metadata\images\analysis_5843-image_0.png,kc_candidate_question_outputs\images\analysis_5843-image_0.png
232,加法竖式谜,5871,question_5871-image_0,content,..\data\xes3g5m\metadata\images\question_5871-image_0.png,kc_candidate_question_outputs\images\question_5871-image_0.png
232,加法竖式谜,5871,analysis_5871-image_0,analysis,..\data\xes3g5m\metadata\images\analysis_5871-image_0.png,kc_candidate_question_outputs\images\analysis_5871-image_0.png
232,加法竖式谜,5902,question_5902-image_0,content,..\data\xes3g5m\metadata\images\question_5902-image_0.png,kc_candidate_question_outputs\images\question_5902-image_0.png
232,加法竖式谜,6130,question_6130-image_0,content,..\data\xes3g5m\metadata\images\question_6130-image_0.png,kc_candidate_question_outputs\images\question_6130-image_0.png
232,加法竖式谜,6130,analysis_6130-image_0,analysis,..\data\xes3g5m\metadata\images\analysis_6130-image_0.png,kc_candidate_question_outputs\images\analysis_6130-image_0.png
232,加法竖式谜,6133,question_6133-image_0,content,..\data\xes3g5m\metadata\images\question_6133-image_0.png,kc_candidate_question_outputs\images\question_6133-image_0.png
232,加法竖式谜,6134,question_6134-image_0,content,..\data\xes3g5m\metadata\images\question_6134-image_0.png,kc_candidate_question_outputs\images\question_6134-image_0.png
232,加法竖式谜,6134,analysis_6134-image_0,analysis,..\data\xes3g5m\metadata\images\analysis_6134-image_0.png,kc_candidate_question_outputs\images\analysis_6134-image_0.png
232,加法竖式谜,6277,question_6277-image_0,content,..\data\xes3g5m\metadata\images\question_6277-image_0.png,kc_candidate_question_outputs\images\question_6277-image_0.png
232,加法竖式谜,6277,analysis_6277-image_0,analysis,..\data\xes3g5m\metadata\images\analysis_6277-image_0.png,kc_candidate_question_outputs\images\analysis_6277-image_0.png
232,加法竖式谜,7251,question_7251-image_0,content,..\data\xes3g5m\metadata\images\question_7251-image_0.png,kc_candidate_question_outputs\images\question_7251-image_0.png
232,加法竖式谜,7251,analysis_7251-image_0,analysis,..\data\xes3g5m\metadata\images\analysis_7251-image_0.png,kc_candidate_question_outputs\images\analysis_7251-image_0.png
232,加法竖式谜,7251,analysis_7251-image_1,analysis,..\data\xes3g5m\metadata\images\analysis_7251-image_1.png,kc_candidate_question_outputs\images\analysis_7251-image_1.png
232,加法竖式谜,7252,question_7252-image_0,content,..\data\xes3g5m\metadata\images\question_7252-image_0.png,kc_candidate_question_outputs\images\question_7252-image_0.png
232,加法竖式谜,7254,question_7254-image_0,content,..\data\xes3g5m\metadata\images\question_7254-image_0.png,kc_candidate_question_outputs\images\question_7254-image_0.png
232,加法竖式谜,7255,question_7255-image_0,content,..\data\xes3g5m\metadata\images\question_7255-image_0.png,kc_candidate_question_outputs\images\question_7255-image_0.png
232,加法竖式谜,7256,question_7256-image_0,content,..\data\xes3g5m\metadata\images\question_7256-image_0.png,kc_candidate_question_outputs\images\question_7256-image_0.png
232,加法竖式谜,7459,question_7459-image_0,content,..\data\xes3g5m\metadata\images\question_7459-image_0.png,kc_candidate_question_outputs\images\question_7459-image_0.png
232,加法竖式谜,7459,analysis_7459-image_0,analysis,..\data\xes3g5m\metadata\images\analysis_7459-image_0.png,kc_candidate_question_outputs\images\analysis_7459-image_0.png
232,加法竖式谜,7460,question_7460-image_0,content,..\data\xes3g5m\metadata\images\question_7460-image_0.png,kc_candidate_question_outputs\images\question_7460-image_0.png
3,染色计数问题,2,question_2-image_0,content,..\data\xes3g5m\metadata\images\question_2-image_0.png,kc_candidate_question_outputs\images\question_2-image_0.png
3,染色计数问题,3,question_3-image_0,content,..\data\xes3g5m\metadata\images\question_3-image_0.png,kc_candidate_question_outputs\images\question_3-image_0.png
3,染色计数问题,5,question_5-image_0,content,..\data\xes3g5m\metadata\images\question_5-image_0.png,kc_candidate_question_outputs\images\question_5-image_0.png
3,染色计数问题,505,question_505-image_0,content,..\data\xes3g5m\metadata\images\question_505-image_0.png,kc_candidate_question_outputs\images\question_505-image_0.png
3,染色计数问题,505,analysis_505-image_0,analysis,..\data\xes3g5m\metadata\images\analysis_505-image_0.png,kc_candidate_question_outputs\images\analysis_505-image_0.png
3,染色计数问题,1549,question_1549-image_0,content,..\data\xes3g5m\metadata\images\question_1549-image_0.png,kc_candidate_question_outputs\images\question_1549-image_0.png
3,染色计数问题,1558,question_1558-image_0,content,..\data\xes3g5m\metadata\images\question_1558-image_0.png,kc_candidate_question_outputs\images\question_1558-image_0.png
3,染色计数问题,1559,question_1559-image_0,content,..\data\xes3g5m\metadata\images\question_1559-image_0.png,kc_candidate_question_outputs\images\question_1559-image_0.png
3,染色计数问题,1586,question_1586-image_0,content,..\data\xes3g5m\metadata\images\question_1586-image_0.png,kc_candidate_question_outputs\images\question_1586-image_0.png
3,染色计数问题,2041,question_2041-image_0,content,..\data\xes3g5m\metadata\images\question_2041-image_0.png,kc_candidate_question_outputs\images\question_2041-image_0.png
3,染色计数问题,2044,question_2044-image_0,content,..\data\xes3g5m\metadata\images\question_2044-image_0.png,kc_candidate_question_outputs\images\question_2044-image_0.png
3,染色计数问题,3949,question_3949-image_0,content,..\data\xes3g5m\metadata\images\question_3949-image_0.png,kc_candidate_question_outputs\images\question_3949-image_0.png
3,染色计数问题,3950,question_3950-image_0,content,..\data\xes3g5m\metadata\images\question_3950-image_0.png,kc_candidate_question_outputs\images\question_3950-image_0.png
3,染色计数问题,4974,question_4974-image_0,content,..\data\xes3g5m\metadata\images\question_4974-image_0.png,kc_candidate_question_outputs\images\question_4974-image_0.png
3,染色计数问题,4975,question_4975-image_0,content,..\data\xes3g5m\metadata\images\question_4975-image_0.png,kc_candidate_question_outputs\images\question_4975-image_0.png
3,染色计数问题,4975,analysis_4975-image_0,analysis,..\data\xes3g5m\metadata\images\analysis_4975-image_0.png,kc_candidate_question_outputs\images\analysis_4975-image_0.png
3,染色计数问题,5471,question_5471-image_0,content,..\data\xes3g5m\metadata\images\question_5471-image_0.png,kc_candidate_question_outputs\images\question_5471-image_0.png
3,染色计数问题,5620,question_5620-image_0,content,..\data\xes3g5m\metadata\images\question_5620-image_0.png,kc_candidate_question_outputs\images\question_5620-image_0.png
3,染色计数问题,5657,question_5657-image_0,content,..\data\xes3g5m\metadata\images\question_5657-image_0.png,kc_candidate_question_outputs\images\question_5657-image_0.png
3,染色计数问题,5658,question_5658-image_0,content,..\data\xes3g5m\metadata\images\question_5658-image_0.png,kc_candidate_question_outputs\images\question_5658-image_0.png
3,染色计数问题,5661,question_5661-image_0,content,..\data\xes3g5m\metadata\images\question_5661-image_0.png,kc_candidate_question_outputs\images\question_5661-image_0.png
3,染色计数问题,6308,question_6308-image_0,content,..\data\xes3g5m\metadata\images\question_6308-image_0.png,kc_candidate_question_outputs\images\question_6308-image_0.png
3,染色计数问题,7484,question_7484-image_0,content,..\data\xes3g5m\metadata\images\question_7484-image_0.png,kc_candidate_question_outputs\images\question_7484-image_0.png
41,正方形,67,question_67-image_0,content,..\data\xes3g5m\metadata\images\question_67-image_0.png,kc_candidate_question_outputs\images\question_67-image_0.png
41,正方形,393,question_393-image_0,content,..\data\xes3g5m\metadata\images\question_393-image_0.png,kc_candidate_question_outputs\images\question_393-image_0.png
41,正方形,394,question_394-image_0,content,..\data\xes3g5m\metadata\images\question_394-image_0.png,kc_candidate_question_outputs\images\question_394-image_0.png
41,正方形,395,question_395-image_0,content,..\data\xes3g5m\metadata\images\question_395-image_0.png,kc_candidate_question_outputs\images\question_395-image_0.png
41,正方形,398,question_398-image_0,content,..\data\xes3g5m\metadata\images\question_398-image_0.png,kc_candidate_question_outputs\images\question_398-image_0.png
41,正方形,494,question_494-image_0,content,..\data\xes3g5m\metadata\images\question_494-image_0.png,kc_candidate_question_outputs\images\question_494-image_0.png
41,正方形,494,analysis_494-image_0,analysis,..\data\xes3g5m\metadata\images\analysis_494-image_0.png,kc_candidate_question_outputs\images\analysis_494-image_0.png
41,正方形,495,question_495-image_0,content,..\data\xes3g5m\metadata\images\question_495-image_0.png,kc_candidate_question_outputs\images\question_495-image_0.png
41,正方形,495,analysis_495-image_0,analysis,..\data\xes3g5m\metadata\images\analysis_495-image_0.png,kc_candidate_question_outputs\images\analysis_495-image_0.png
41,正方形,496,question_496-image_0,content,..\data\xes3g5m\metadata\images\question_496-image_0.png,kc_candidate_question_outputs\images\question_496-image_0.png
41,正方形,1230,question_1230-image_0,content,..\data\xes3g5m\metadata\images\question_1230-image_0.png,kc_candidate_question_outputs\images\question_1230-image_0.png
41,正方形,1231,question_1231-image_0,content,..\data\xes3g5m\metadata\images\question_1231-image_0.png,kc_candidate_question_outputs\images\question_1231-image_0.png
41,正方形,1232,question_1232-image_0,content,..\data\xes3g5m\metadata\images\question_1232-image_0.png,kc_candidate_question_outputs\images\question_1232-image_0.png
41,正方形,1234,question_1234-image_0,content,..\data\xes3g5m\metadata\images\question_1234-image_0.png,kc_candidate_question_outputs\images\question_1234-image_0.png
41,正方形,1235,question_1235-image_0,content,..\data\xes3g5m\metadata\images\question_1235-image_0.png,kc_candidate_question_outputs\images\question_1235-image_0.png
41,正方形,1255,question_1255-image_0,content,..\data\xes3g5m\metadata\images\question_1255-image_0.png,kc_candidate_question_outputs\images\question_1255-image_0.png
41,正方形,1419,question_1419-image_0,content,..\data\xes3g5m\metadata\images\question_1419-image_0.png,kc_candidate_question_outputs\images\question_1419-image_0.png
41,正方形,1423,question_1423-image_0,content,..\data\xes3g5m\metadata\images\question_1423-image_0.png,kc_candidate_question_outputs\images\question_1423-image_0.png
41,正方形,1426,question_1426-image_0,content,..\data\xes3g5m\metadata\images\question_1426-image_0.png,kc_candidate_question_outputs\images\question_1426-image_0.png
41,正方形,1768,question_1768-image_0,content,..\data\xes3g5m\metadata\images\question_1768-image_0.png,kc_candidate_question_outputs\images\question_1768-image_0.png
41,正方形,2360,question_2360-image_0,content,..\data\xes3g5m\metadata\images\question_2360-image_0.png,kc_candidate_question_outputs\images\question_2360-image_0.png
41,正方形,2361,question_2361-image_0,content,..\data\xes3g5m\metadata\images\question_2361-image_0.png,kc_candidate_question_outputs\images\question_2361-image_0.png
41,正方形,2544,question_2544-image_0,content,..\data\xes3g5m\metadata\images\question_2544-image_0.png,kc_candidate_question_outputs\images\question_2544-image_0.png
41,正方形,2545,question_2545-image_0,content,..\data\xes3g5m\metadata\images\question_2545-image_0.png,kc_candidate_question_outputs\images\question_2545-image_0.png
41,正方形,2635,question_2635-image_0,content,..\data\xes3g5m\metadata\images\question_2635-image_0.png,kc_candidate_question_outputs\images\question_2635-image_0.png
41,正方形,2636,question_2636-image_0,content,..\data\xes3g5m\metadata\images\question_2636-image_0.png,kc_candidate_question_outputs\images\question_2636-image_0.png
41,正方形,2637,question_2637-image_0,content,..\data\xes3g5m\metadata\images\question_2637-image_0.png,kc_candidate_question_outputs\images\question_2637-image_0.png
41,正方形,2814,question_2814-image_0,content,..\data\xes3g5m\metadata\images\question_2814-image_0.png,kc_candidate_question_outputs\images\question_2814-image_0.png
41,正方形,2818,question_2818-image_0,content,..\data\xes3g5m\metadata\images\question_2818-image_0.png,kc_candidate_question_outputs\images\question_2818-image_0.png
41,正方形,3096,question_3096-image_0,content,..\data\xes3g5m\metadata\images\question_3096-image_0.png,kc_candidate_question_outputs\images\question_3096-image_0.png
41,正方形,3154,question_3154-image_0,content,..\data\xes3g5m\metadata\images\question_3154-image_0.png,kc_candidate_question_outputs\images\question_3154-image_0.png
41,正方形,3405,question_3405-image_0,content,..\data\xes3g5m\metadata\images\question_3405-image_0.png,kc_candidate_question_outputs\images\question_3405-image_0.png
41,正方形,3408,question_3408-image_0,content,..\data\xes3g5m\metadata\images\question_3408-image_0.png,kc_candidate_question_outputs\images\question_3408-image_0.png
41,正方形,3408,analysis_3408-image_0,analysis,..\data\xes3g5m\metadata\images\analysis_3408-image_0.png,kc_candidate_question_outputs\images\analysis_3408-image_0.png
41,正方形,3408,analysis_3408-image_1,analysis,..\data\xes3g5m\metadata\images\analysis_3408-image_1.png,kc_candidate_question_outputs\images\analysis_3408-image_1.png
41,正方形,3408,analysis_3408-image_2,analysis,..\data\xes3g5m\metadata\images\analysis_3408-image_2.png,kc_candidate_question_outputs\images\analysis_3408-image_2.png
41,正方形,3408,analysis_3408-image_3,analysis,..\data\xes3g5m\metadata\images\analysis_3408-image_3.png,kc_candidate_question_outputs\images\analysis_3408-image_3.png
41,正方形,3409,question_3409-image_0,content,..\data\xes3g5m\metadata\images\question_3409-image_0.png,kc_candidate_question_outputs\images\question_3409-image_0.png
41,正方形,3410,question_3410-image_0,content,..\data\xes3g5m\metadata\images\question_3410-image_0.png,kc_candidate_question_outputs\images\question_3410-image_0.png
41,正方形,3475,question_3475-image_0,content,..\data\xes3g5m\metadata\images\question_3475-image_0.png,kc_candidate_question_outputs\images\question_3475-image_0.png
41,正方形,4042,question_4042-image_0,content,..\data\xes3g5m\metadata\images\question_4042-image_0.png,kc_candidate_question_outputs\images\question_4042-image_0.png
41,正方形,4042,analysis_4042-image_0,analysis,..\data\xes3g5m\metadata\images\analysis_4042-image_0.png,kc_candidate_question_outputs\images\analysis_4042-image_0.png
41,正方形,4042,analysis_4042-image_1,analysis,..\data\xes3g5m\metadata\images\analysis_4042-image_1.png,kc_candidate_question_outputs\images\analysis_4042-image_1.png
41,正方形,4043,question_4043-image_0,content,..\data\xes3g5m\metadata\images\question_4043-image_0.png,kc_candidate_question_outputs\images\question_4043-image_0.png
41,正方形,4043,analysis_4043-image_0,analysis,..\data\xes3g5m\metadata\images\analysis_4043-image_0.png,kc_candidate_question_outputs\images\analysis_4043-image_0.png
41,正方形,4044,question_4044-image_0,content,..\data\xes3g5m\metadata\images\question_4044-image_0.png,kc_candidate_question_outputs\images\question_4044-image_0.png
41,正方形,4161,question_4161-image_0,content,..\data\xes3g5m\metadata\images\question_4161-image_0.png,kc_candidate_question_outputs\images\question_4161-image_0.png
41,正方形,4161,analysis_4161-image_0,analysis,..\data\xes3g5m\metadata\images\analysis_4161-image_0.png,kc_candidate_question_outputs\images\analysis_4161-image_0.png
41,正方形,4161,analysis_4161-image_1,analysis,..\data\xes3g5m\metadata\images\analysis_4161-image_1.png,kc_candidate_question_outputs\images\analysis_4161-image_1.png
41,正方形,4161,analysis_4161-image_2,analysis,..\data\xes3g5m\metadata\images\analysis_4161-image_2.png,kc_candidate_question_outputs\images\analysis_4161-image_2.png
41,正方形,4162,question_4162-image_0,content,..\data\xes3g5m\metadata\images\question_4162-image_0.png,kc_candidate_question_outputs\images\question_4162-image_0.png
41,正方形,4162,analysis_4162-image_0,analysis,..\data\xes3g5m\metadata\images\analysis_4162-image_0.png,kc_candidate_question_outputs\images\analysis_4162-image_0.png
41,正方形,4165,question_4165-image_0,content,..\data\xes3g5m\metadata\images\question_4165-image_0.png,kc_candidate_question_outputs\images\question_4165-image_0.png
41,正方形,4166,question_4166-image_0,content,..\data\xes3g5m\metadata\images\question_4166-image_0.png,kc_candidate_question_outputs\images\question_4166-image_0.png
41,正方形,4167,question_4167-image_0,content,..\data\xes3g5m\metadata\images\question_4167-image_0.png,kc_candidate_question_outputs\images\question_4167-image_0.png
41,正方形,4455,question_4455-image_0,content,..\data\xes3g5m\metadata\images\question_4455-image_0.png,kc_candidate_question_outputs\images\question_4455-image_0.png
41,正方形,4455,analysis_4455-image_0,analysis,..\data\xes3g5m\metadata\images\analysis_4455-image_0.png,kc_candidate_question_outputs\images\analysis_4455-image_0.png
41,正方形,4455,analysis_4455-image_1,analysis,..\data\xes3g5m\metadata\images\analysis_4455-image_1.png,kc_candidate_question_outputs\images\analysis_4455-image_1.png
41,正方形,4455,analysis_4455-image_2,analysis,..\data\xes3g5m\metadata\images\analysis_4455-image_2.png,kc_candidate_question_outputs\images\analysis_4455-image_2.png
41,正方形,5192,question_5192-image_0,content,..\data\xes3g5m\metadata\images\question_5192-image_0.png,kc_candidate_question_outputs\images\question_5192-image_0.png
41,正方形,5192,question_5192-image_1,content,..\data\xes3g5m\metadata\images\question_5192-image_1.png,kc_candidate_question_outputs\images\question_5192-image_1.png
41,正方形,5776,question_5776-image_0,content,..\data\xes3g5m\metadata\images\question_5776-image_0.png,kc_candidate_question_outputs\images\question_5776-image_0.png
41,正方形,6149,question_6149-image_0,content,..\data\xes3g5m\metadata\images\question_6149-image_0.png,kc_candidate_question_outputs\images\question_6149-image_0.png
41,正方形,6149,question_6149-image_1,content,..\data\xes3g5m\metadata\images\question_6149-image_1.png,kc_candidate_question_outputs\images\question_6149-image_1.png
41,正方形,6168,question_6168-image_0,content,..\data\xes3g5m\metadata\images\question_6168-image_0.png,kc_candidate_question_outputs\images\question_6168-image_0.png
41,正方形,6322,question_6322-image_0,content,..\data\xes3g5m\metadata\images\question_6322-image_0.png,kc_candidate_question_outputs\images\question_6322-image_0.png
41,正方形,6322,analysis_6322-image_0,analysis,..\data\xes3g5m\metadata\images\analysis_6322-image_0.png,kc_candidate_question_outputs\images\analysis_6322-image_0.png
41,正方形,6322,analysis_6322-image_1,analysis,..\data\xes3g5m\metadata\images\analysis_6322-image_1.png,kc_candidate_question_outputs\images\analysis_6322-image_1.png
41,正方形,6322,analysis_6322-image_2,analysis,..\data\xes3g5m\metadata\images\analysis_6322-image_2.png,kc_candidate_question_outputs\images\analysis_6322-image_2.png
41,正方形,6322,analysis_6322-image_3,analysis,..\data\xes3g5m\metadata\images\analysis_6322-image_3.png,kc_candidate_question_outputs\images\analysis_6322-image_3.png
41,正方形,6325,question_6325-image_0,content,..\data\xes3g5m\metadata\images\question_6325-image_0.png,kc_candidate_question_outputs\images\question_6325-image_0.png
41,正方形,6326,question_6326-image_0,content,..\data\xes3g5m\metadata\images\question_6326-image_0.png,kc_candidate_question_outputs\images\question_6326-image_0.png
41,正方形,6383,question_6383-image_0,content,..\data\xes3g5m\metadata\images\question_6383-image_0.png,kc_candidate_question_outputs\images\question_6383-image_0.png
41,正方形,6383,question_6383-image_1,content,..\data\xes3g5m\metadata\images\question_6383-image_1.png,kc_candidate_question_outputs\images\question_6383-image_1.png
41,正方形,6384,question_6384-image_0,content,..\data\xes3g5m\metadata\images\question_6384-image_0.png,kc_candidate_question_outputs\images\question_6384-image_0.png
41,正方形,6384,analysis_6384-image_0,analysis,..\data\xes3g5m\metadata\images\analysis_6384-image_0.png,kc_candidate_question_outputs\images\analysis_6384-image_0.png
41,正方形,6615,question_6615-image_0,content,..\data\xes3g5m\metadata\images\question_6615-image_0.png,kc_candidate_question_outputs\images\question_6615-image_0.png
41,正方形,6615,analysis_6615-image_0,analysis,..\data\xes3g5m\metadata\images\analysis_6615-image_0.png,kc_candidate_question_outputs\images\analysis_6615-image_0.png
41,正方形,6615,analysis_6615-image_1,analysis,..\data\xes3g5m\metadata\images\analysis_6615-image_1.png,kc_candidate_question_outputs\images\analysis_6615-image_1.png
41,正方形,6615,analysis_6615-image_2,analysis,..\data\xes3g5m\metadata\images\analysis_6615-image_2.png,kc_candidate_question_outputs\images\analysis_6615-image_2.png
41,正方形,6615,analysis_6615-image_3,analysis,..\data\xes3g5m\metadata\images\analysis_6615-image_3.png,kc_candidate_question_outputs\images\analysis_6615-image_3.png
41,正方形,6897,question_6897-image_0,content,..\data\xes3g5m\metadata\images\question_6897-image_0.png,kc_candidate_question_outputs\images\question_6897-image_0.png
41,正方形,6995,question_6995-image_0,content,..\data\xes3g5m\metadata\images\question_6995-image_0.png,kc_candidate_question_outputs\images\question_6995-image_0.png
41,正方形,6996,question_6996-image_0,content,..\data\xes3g5m\metadata\images\question_6996-image_0.png,kc_candidate_question_outputs\images\question_6996-image_0.png
41,正方形,6997,question_6997-image_0,content,..\data\xes3g5m\metadata\images\question_6997-image_0.png,kc_candidate_question_outputs\images\question_6997-image_0.png
41,正方形,6998,question_6998-image_0,content,..\data\xes3g5m\metadata\images\question_6998-image_0.png,kc_candidate_question_outputs\images\question_6998-image_0.png
41,正方形,7034,question_7034-image_0,content,..\data\xes3g5m\metadata\images\question_7034-image_0.png,kc_candidate_question_outputs\images\question_7034-image_0.png
41,正方形,7087,question_7087-image_0,content,..\data\xes3g5m\metadata\images\question_7087-image_0.png,kc_candidate_question_outputs\images\question_7087-image_0.png
41,正方形,7516,question_7516-image_0,content,..\data\xes3g5m\metadata\images\question_7516-image_0.png,kc_candidate_question_outputs\images\question_7516-image_0.png
41,正方形,7516,question_7516-image_2,content,..\data\xes3g5m\metadata\images\question_7516-image_2.png,kc_candidate_question_outputs\images\question_7516-image_2.png
142,数字组数（不可重复）,7477,question_7477-image_0,content,..\data\xes3g5m\metadata\images\question_7477-image_0.png,kc_candidate_question_outputs\images\question_7477-image_0.png
43,认识线段,69,question_69-image_0,content,..\data\xes3g5m\metadata\images\question_69-image_0.png,kc_candidate_question_outputs\images\question_69-image_0.png
43,认识线段,392,question_392-image_0,content,..\data\xes3g5m\metadata\images\question_392-image_0.png,kc_candidate_question_outputs\images\question_392-image_0.png
43,认识线段,400,question_400-image_0,content,..\data\xes3g5m\metadata\images\question_400-image_0.png,kc_candidate_question_outputs\images\question_400-image_0.png
43,认识线段,1014,question_1014-image_0,content,..\data\xes3g5m\metadata\images\question_1014-image_0.png,kc_candidate_question_outputs\images\question_1014-image_0.png
43,认识线段,1233,question_1233-image_0,content,..\data\xes3g5m\metadata\images\question_1233-image_0.png,kc_candidate_question_outputs\images\question_1233-image_0.png
43,认识线段,1250,question_1250-image_0,content,..\data\xes3g5m\metadata\images\question_1250-image_0.png,kc_candidate_question_outputs\images\question_1250-image_0.png
43,认识线段,1430,question_1430-image_0,content,..\data\xes3g5m\metadata\images\question_1430-image_0.png,kc_candidate_question_outputs\images\question_1430-image_0.png
43,认识线段,1765,question_1765-image_0,content,..\data\xes3g5m\metadata\images\question_1765-image_0.png,kc_candidate_question_outputs\images\question_1765-image_0.png
43,认识线段,2359,question_2359-image_0,content,..\data\xes3g5m\metadata\images\question_2359-image_0.png,kc_candidate_question_outputs\images\question_2359-image_0.png
43,认识线段,2359,question_2359-image_1,content,..\data\xes3g5m\metadata\images\question_2359-image_1.png,kc_candidate_question_outputs\images\question_2359-image_1.png
43,认识线段,2543,question_2543-image_0,content,..\data\xes3g5m\metadata\images\question_2543-image_0.png,kc_candidate_question_outputs\images\question_2543-image_0.png
43,认识线段,2563,question_2563-image_0,content,..\data\xes3g5m\metadata\images\question_2563-image_0.png,kc_candidate_question_outputs\images\question_2563-image_0.png
43,认识线段,2820,question_2820-image_0,content,..\data\xes3g5m\metadata\images\question_2820-image_0.png,kc_candidate_question_outputs\images\question_2820-image_0.png
43,认识线段,3142,question_3142-image_0,content,..\data\xes3g5m\metadata\images\question_3142-image_0.png,kc_candidate_question_outputs\images\question_3142-image_0.png
43,认识线段,3665,question_3665-image_0,content,..\data\xes3g5m\metadata\images\question_3665-image_0.png,kc_candidate_question_outputs\images\question_3665-image_0.png
43,认识线段,5035,question_5035-image_0,content,..\data\xes3g5m\metadata\images\question_5035-image_0.png,kc_candidate_question_outputs\images\question_5035-image_0.png
43,认识线段,5035,question_5035-image_1,content,..\data\xes3g5m\metadata\images\question_5035-image_1.png,kc_candidate_question_outputs\images\question_5035-image_1.png
43,认识线段,6494,question_6494-image_0,content,..\data\xes3g5m\metadata\images\question_6494-image_0.png,kc_candidate_question_outputs\images\question_6494-image_0.png
43,认识线段,6523,question_6523-image_0,content,..\data\xes3g5m\metadata\images\question_6523-image_0.png,kc_candidate_question_outputs\images\question_6523-image_0.png
43,认识线段,6531,question_6531-image_0,content,..\data\xes3g5m\metadata\images\question_6531-image_0.png,kc_candidate_question_outputs\images\question_6531-image_0.png
43,认识线段,6731,question_6731-image_0,content,..\data\xes3g5m\metadata\images\question_6731-image_0.png,kc_candidate_question_outputs\images\question_6731-image_0.png
43,认识线段,7057,question_7057-image_0,content,..\data\xes3g5m\metadata\images\question_7057-image_0.png,kc_candidate_question_outputs\images\question_7057-image_0.png
43,认识线段,7338,question_7338-image_0,content,..\data\xes3g5m\metadata\images\question_7338-image_0.png,kc_candidate_question_outputs\images\question_7338-image_0.png
43,认识线段,7466,question_7466-image_0,content,..\data\xes3g5m\metadata\images\question_7466-image_0.png,kc_candidate_question_outputs\images\question_7466-image_0.png
43,认识线段,7466,analysis_7466-image_0,analysis,..\data\xes3g5m\metadata\images\analysis_7466-image_0.png,kc_candidate_question_outputs\images\analysis_7466-image_0.png
39,扫雷游戏,65,question_65-image_0,content,..\data\xes3g5m\metadata\images\question_65-image_0.png,kc_candidate_question_outputs\images\question_65-image_0.png
39,扫雷游戏,572,question_572-image_0,content,..\data\xes3g5m\metadata\images\question_572-image_0.png,kc_candidate_question_outputs\images\question_572-image_0.png
39,扫雷游戏,572,analysis_572-image_0,analysis,..\data\xes3g5m\metadata\images\analysis_572-image_0.png,kc_candidate_question_outputs\images\analysis_572-image_0.png
39,扫雷游戏,778,question_778-image_0,content,..\data\xes3g5m\metadata\images\question_778-image_0.png,kc_candidate_question_outputs\images\question_778-image_0.png
39,扫雷游戏,778,analysis_778-image_0,analysis,..\data\xes3g5m\metadata\images\analysis_778-image_0.png,kc_candidate_question_outputs\images\analysis_778-image_0.png
39,扫雷游戏,787,question_787-image_0,content,..\data\xes3g5m\metadata\images\question_787-image_0.png,kc_candidate_question_outputs\images\question_787-image_0.png
39,扫雷游戏,1529,question_1529-image_0,content,..\data\xes3g5m\metadata\images\question_1529-image_0.png,kc_candidate_question_outputs\images\question_1529-image_0.png
39,扫雷游戏,1529,analysis_1529-image_0,analysis,..\data\xes3g5m\metadata\images\analysis_1529-image_0.png,kc_candidate_question_outputs\images\analysis_1529-image_0.png
39,扫雷游戏,1531,question_1531-image_0,content,..\data\xes3g5m\metadata\images\question_1531-image_0.png,kc_candidate_question_outputs\images\question_1531-image_0.png
39,扫雷游戏,1531,analysis_1531-image_0,analysis,..\data\xes3g5m\metadata\images\analysis_1531-image_0.png,kc_candidate_question_outputs\images\analysis_1531-image_0.png
39,扫雷游戏,1658,question_1658-image_0,content,..\data\xes3g5m\metadata\images\question_1658-image_0.png,kc_candidate_question_outputs\images\question_1658-image_0.png
39,扫雷游戏,1658,analysis_1658-image_0,analysis,..\data\xes3g5m\metadata\images\analysis_1658-image_0.png,kc_candidate_question_outputs\images\analysis_1658-image_0.png
39,扫雷游戏,1666,question_1666-image_0,content,..\data\xes3g5m\metadata\images\question_1666-image_0.png,kc_candidate_question_outputs\images\question_1666-image_0.png
39,扫雷游戏,1900,question_1900-image_0,content,..\data\xes3g5m\metadata\images\question_1900-image_0.png,kc_candidate_question_outputs\images\question_1900-image_0.png
39,扫雷游戏,1900,analysis_1900-image_0,analysis,..\data\xes3g5m\metadata\images\analysis_1900-image_0.png,kc_candidate_question_outputs\images\analysis_1900-image_0.png
39,扫雷游戏,2738,question_2738-image_0,content,..\data\xes3g5m\metadata\images\question_2738-image_0.png,kc_candidate_question_outputs\images\question_2738-image_0.png
39,扫雷游戏,2743,question_2743-image_0,content,..\data\xes3g5m\metadata\images\question_2743-image_0.png,kc_candidate_question_outputs\images\question_2743-image_0.png
39,扫雷游戏,2743,analysis_2743-image_0,analysis,..\data\xes3g5m\metadata\images\analysis_2743-image_0.png,kc_candidate_question_outputs\images\analysis_2743-image_0.png
39,扫雷游戏,2743,analysis_2743-image_1,analysis,..\data\xes3g5m\metadata\images\analysis_2743-image_1.png,kc_candidate_question_outputs\images\analysis_2743-image_1.png
39,扫雷游戏,2743,analysis_2743-image_2,analysis,..\data\xes3g5m\metadata\images\analysis_2743-image_2.png,kc_candidate_question_outputs\images\analysis_2743-image_2.png
39,扫雷游戏,2744,question_2744-image_0,content,..\data\xes3g5m\metadata\images\question_2744-image_0.png,kc_candidate_question_outputs\images\question_2744-image_0.png
39,扫雷游戏,2744,analysis_2744-image_0,analysis,..\data\xes3g5m\metadata\images\analysis_2744-image_0.png,kc_candidate_question_outputs\images\analysis_2744-image_0.png
39,扫雷游戏,3087,question_3087-image_0,content,..\data\xes3g5m\metadata\images\question_3087-image_0.png,kc_candidate_question_outputs\images\question_3087-image_0.png
39,扫雷游戏,3087,analysis_3087-image_0,analysis,..\data\xes3g5m\metadata\images\analysis_3087-image_0.png,kc_candidate_question_outputs\images\analysis_3087-image_0.png
39,扫雷游戏,3089,question_3089-image_0,content,..\data\xes3g5m\metadata\images\question_3089-image_0.png,kc_candidate_question_outputs\images\question_3089-image_0.png
39,扫雷游戏,3089,analysis_3089-image_0,analysis,..\data\xes3g5m\metadata\images\analysis_3089-image_0.png,kc_candidate_question_outputs\images\analysis_3089-image_0.png
39,扫雷游戏,3276,question_3276-image_0,content,..\data\xes3g5m\metadata\images\question_3276-image_0.png,kc_candidate_question_outputs\images\question_3276-image_0.png
39,扫雷游戏,3276,analysis_3276-image_0,analysis,..\data\xes3g5m\metadata\images\analysis_3276-image_0.png,kc_candidate_question_outputs\images\analysis_3276-image_0.png
39,扫雷游戏,3435,question_3435-image_0,content,..\data\xes3g5m\metadata\images\question_3435-image_0.png,kc_candidate_question_outputs\images\question_3435-image_0.png
39,扫雷游戏,3435,analysis_3435-image_0,analysis,..\data\xes3g5m\metadata\images\analysis_3435-image_0.png,kc_candidate_question_outputs\images\analysis_3435-image_0.png
39,扫雷游戏,3878,question_3878-image_0,content,..\data\xes3g5m\metadata\images\question_3878-image_0.png,kc_candidate_question_outputs\images\question_3878-image_0.png
39,扫雷游戏,3878,analysis_3878-image_0,analysis,..\data\xes3g5m\metadata\images\analysis_3878-image_0.png,kc_candidate_question_outputs\images\analysis_3878-image_0.png
39,扫雷游戏,3879,question_3879-image_0,content,..\data\xes3g5m\metadata\images\question_3879-image_0.png,kc_candidate_question_outputs\images\question_3879-image_0.png
39,扫雷游戏,3879,analysis_3879-image_0,analysis,..\data\xes3g5m\metadata\images\analysis_3879-image_0.png,kc_candidate_question_outputs\images\analysis_3879-image_0.png
39,扫雷游戏,5273,question_5273-image_0,content,..\data\xes3g5m\metadata\images\question_5273-image_0.png,kc_candidate_question_outputs\images\question_5273-image_0.png
39,扫雷游戏,5273,analysis_5273-image_0,analysis,..\data\xes3g5m\metadata\images\analysis_5273-image_0.png,kc_candidate_question_outputs\images\analysis_5273-image_0.png
39,扫雷游戏,5274,question_5274-image_0,content,..\data\xes3g5m\metadata\images\question_5274-image_0.png,kc_candidate_question_outputs\images\question_5274-image_0.png
39,扫雷游戏,5274,analysis_5274-image_0,analysis,..\data\xes3g5m\metadata\images\analysis_5274-image_0.png,kc_candidate_question_outputs\images\analysis_5274-image_0.png
39,扫雷游戏,5417,question_5417-image_0,content,..\data\xes3g5m\metadata\images\question_5417-image_0.png,kc_candidate_question_outputs\images\question_5417-image_0.png
39,扫雷游戏,5417,analysis_5417-image_0,analysis,..\data\xes3g5m\metadata\images\analysis_5417-image_0.png,kc_candidate_question_outputs\images\analysis_5417-image_0.png
39,扫雷游戏,5484,question_5484-image_0,content,..\data\xes3g5m\metadata\images\question_5484-image_0.png,kc_candidate_question_outputs\images\question_5484-image_0.png
39,扫雷游戏,5486,question_5486-image_0,content,..\data\xes3g5m\metadata\images\question_5486-image_0.png,kc_candidate_question_outputs\images\question_5486-image_0.png
39,扫雷游戏,5486,analysis_5486-image_0,analysis,..\data\xes3g5m\metadata\images\analysis_5486-image_0.png,kc_candidate_question_outputs\images\analysis_5486-image_0.png
39,扫雷游戏,5979,question_5979-image_0,content,..\data\xes3g5m\metadata\images\question_5979-image_0.png,kc_candidate_question_outputs\images\question_5979-image_0.png
39,扫雷游戏,6184,question_6184-image_0,content,..\data\xes3g5m\metadata\images\question_6184-image_0.png,kc_candidate_question_outputs\images\question_6184-image_0.png
39,扫雷游戏,6184,analysis_6184-image_0,analysis,..\data\xes3g5m\metadata\images\analysis_6184-image_0.png,kc_candidate_question_outputs\images\analysis_6184-image_0.png
39,扫雷游戏,6834,question_6834-image_0,content,..\data\xes3g5m\metadata\images\question_6834-image_0.png,kc_candidate_question_outputs\images\question_6834-image_0.png
39,扫雷游戏,6834,analysis_6834-image_0,analysis,..\data\xes3g5m\metadata\images\analysis_6834-image_0.png,kc_candidate_question_outputs\images\analysis_6834-image_0.png
39,扫雷游戏,7310,question_7310-image_0,content,..\data\xes3g5m\metadata\images\question_7310-image_0.png,kc_candidate_question_outputs\images\question_7310-image_0.png
39,扫雷游戏,7310,analysis_7310-image_0,analysis,..\data\xes3g5m\metadata\images\analysis_7310-image_0.png,kc_candidate_question_outputs\images\analysis_7310-image_0.png
39,扫雷游戏,7311,question_7311-image_0,content,..\data\xes3g5m\metadata\images\question_7311-image_0.png,kc_candidate_question_outputs\images\question_7311-image_0.png
39,扫雷游戏,7311,analysis_7311-image_0,analysis,..\data\xes3g5m\metadata\images\analysis_7311-image_0.png,kc_candidate_question_outputs\images\analysis_7311-image_0.png
39,扫雷游戏,7312,question_7312-image_0,content,..\data\xes3g5m\metadata\images\question_7312-image_0.png,kc_candidate_question_outputs\images\question_7312-image_0.png
39,扫雷游戏,7312,analysis_7312-image_0,analysis,..\data\xes3g5m\metadata\images\analysis_7312-image_0.png,kc_candidate_question_outputs\images\analysis_7312-image_0.png
206,必填符号型,2368,question_2368-image_0,content,..\data\xes3g5m\metadata\images\question_2368-image_0.png,kc_candidate_question_outputs\images\question_2368-image_0.png
206,必填符号型,2368,question_2368-image_1,content,..\data\xes3g5m\metadata\images\question_2368-image_1.png,kc_candidate_question_outputs\images\question_2368-image_1.png
206,必填符号型,4621,question_4621-image_0,content,..\data\xes3g5m\metadata\images\question_4621-image_0.png,kc_candidate_question_outputs\images\question_4621-image_0.png
206,必填符号型,6267,question_6267-image_0,content,..\data\xes3g5m\metadata\images\question_6267-image_0.png,kc_candidate_question_outputs\images\question_6267-image_0.png
112,乘法竖式谜,188,question_188-image_0,content,..\data\xes3g5m\metadata\images\question_188-image_0.png,kc_candidate_question_outputs\images\question_188-image_0.png
112,乘法竖式谜,196,question_196-image_0,content,..\data\xes3g5m\metadata\images\question_196-image_0.png,kc_candidate_question_outputs\images\question_196-image_0.png
112,乘法竖式谜,201,question_201-image_0,content,..\data\xes3g5m\metadata\images\question_201-image_0.png,kc_candidate_question_outputs\images\question_201-image_0.png
112,乘法竖式谜,206,question_206-image_0,content,..\data\xes3g5m\metadata\images\question_206-image_0.png,kc_candidate_question_outputs\images\question_206-image_0.png
112,乘法竖式谜,720,question_720-image_0,content,..\data\xes3g5m\metadata\images\question_720-image_0.png,kc_candidate_question_outputs\images\question_720-image_0.png
112,乘法竖式谜,1507,question_1507-image_0,content,..\data\xes3g5m\metadata\images\question_1507-image_0.png,kc_candidate_question_outputs\images\question_1507-image_0.png
112,乘法竖式谜,2150,question_2150-image_0,content,..\data\xes3g5m\metadata\images\question_2150-image_0.png,kc_candidate_question_outputs\images\question_2150-image_0.png
112,乘法竖式谜,2151,question_2151-image_0,content,..\data\xes3g5m\metadata\images\question_2151-image_0.png,kc_candidate_question_outputs\images\question_2151-image_0.png
112,乘法竖式谜,2151,question_2151-image_1,content,..\data\xes3g5m\metadata\images\question_2151-image_1.png,kc_candidate_question_outputs\images\question_2151-image_1.png
112,乘法竖式谜,2151,question_2151-image_2,content,..\data\xes3g5m\metadata\images\question_2151-image_2.png,kc_candidate_question_outputs\images\question_2151-image_2.png
112,乘法竖式谜,2152,question_2152-image_0,content,..\data\xes3g5m\metadata\images\question_2152-image_0.png,kc_candidate_question_outputs\images\question_2152-image_0.png
112,乘法竖式谜,2152,analysis_2152-image_0,analysis,..\data\xes3g5m\metadata\images\analysis_2152-image_0.png,kc_candidate_question_outputs\images\analysis_2152-image_0.png
112,乘法竖式谜,2153,question_2153-image_0,content,..\data\xes3g5m\metadata\images\question_2153-image_0.png,kc_candidate_question_outputs\images\question_2153-image_0.png
112,乘法竖式谜,2153,analysis_2153-image_0,analysis,..\data\xes3g5m\metadata\images\analysis_2153-image_0.png,kc_candidate_question_outputs\images\analysis_2153-image_0.png
112,乘法竖式谜,2153,analysis_2153-image_1,analysis,..\data\xes3g5m\metadata\images\analysis_2153-image_1.png,kc_candidate_question_outputs\images\analysis_2153-image_1.png
112,乘法竖式谜,2154,question_2154-image_0,content,..\data\xes3g5m\metadata\images\question_2154-image_0.png,kc_candidate_question_outputs\images\question_2154-image_0.png
112,乘法竖式谜,2155,question_2155-image_0,content,..\data\xes3g5m\metadata\images\question_2155-image_0.png,kc_candidate_question_outputs\images\question_2155-image_0.png
112,乘法竖式谜,2155,analysis_2155-image_0,analysis,..\data\xes3g5m\metadata\images\analysis_2155-image_0.png,kc_candidate_question_outputs\images\analysis_2155-image_0.png
112,乘法竖式谜,2327,question_2327-image_0,content,..\data\xes3g5m\metadata\images\question_2327-image_0.png,kc_candidate_question_outputs\images\question_2327-image_0.png
112,乘法竖式谜,5191,question_5191-image_0,content,..\data\xes3g5m\metadata\images\question_5191-image_0.png,kc_candidate_question_outputs\images\question_5191-image_0.png
112,乘法竖式谜,5539,question_5539-image_0,content,..\data\xes3g5m\metadata\images\question_5539-image_0.png,kc_candidate_question_outputs\images\question_5539-image_0.png
112,乘法竖式谜,5539,analysis_5539-image_0,analysis,..\data\xes3g5m\metadata\images\analysis_5539-image_0.png,kc_candidate_question_outputs\images\analysis_5539-image_0.png
112,乘法竖式谜,5864,question_5864-image_0,content,..\data\xes3g5m\metadata\images\question_5864-image_0.png,kc_candidate_question_outputs\images\question_5864-image_0.png
112,乘法竖式谜,6287,question_6287-image_0,content,..\data\xes3g5m\metadata\images\question_6287-image_0.png,kc_candidate_question_outputs\images\question_6287-image_0.png
112,乘法竖式谜,6287,analysis_6287-image_0,analysis,..\data\xes3g5m\metadata\images\analysis_6287-image_0.png,kc_candidate_question_outputs\images\analysis_6287-image_0.png
112,乘法竖式谜,6287,analysis_6287-image_1,analysis,..\data\xes3g5m\metadata\images\analysis_6287-image_1.png,kc_candidate_question_outputs\images\analysis_6287-image_1.png
112,乘法竖式谜,6766,question_6766-image_0,content,..\data\xes3g5m\metadata\images\question_6766-image_0.png,kc_candidate_question_outputs\images\question_6766-image_0.png
112,乘法竖式谜,6904,question_6904-image_0,content,..\data\xes3g5m\metadata\images\question_6904-image_0.png,kc_candidate_question_outputs\images\question_6904-image_0.png
112,乘法竖式谜,6905,question_6905-image_0,content,..\data\xes3g5m\metadata\images\question_6905-image_0.png,kc_candidate_question_outputs\images\question_6905-image_0.png
112,乘法竖式谜,6906,question_6906-image_0,content,..\data\xes3g5m\metadata\images\question_6906-image_0.png,kc_candidate_question_outputs\images\question_6906-image_0.png
112,乘法竖式谜,6907,question_6907-image_0,content,..\data\xes3g5m\metadata\images\question_6907-image_0.png,kc_candidate_question_outputs\images\question_6907-image_0.png
112,乘法竖式谜,6908,question_6908-image_0,content,..\data\xes3g5m\metadata\images\question_6908-image_0.png,kc_candidate_question_outputs\images\question_6908-image_0.png
112,乘法竖式谜,6969,question_6969-image_0,content,..\data\xes3g5m\metadata\images\question_6969-image_0.png,kc_candidate_question_outputs\images\question_6969-image_0.png
112,乘法竖式谜,6970,question_6970-image_0,content,..\data\xes3g5m\metadata\images\question_6970-image_0.png,kc_candidate_question_outputs\images\question_6970-image_0.png
112,乘法竖式谜,6971,question_6971-image_0,content,..\data\xes3g5m\metadata\images\question_6971-image_0.png,kc_candidate_question_outputs\images\question_6971-image_0.png
112,乘法竖式谜,6971,analysis_6971-image_0,analysis,..\data\xes3g5m\metadata\images\analysis_6971-image_0.png,kc_candidate_question_outputs\images\analysis_6971-image_0.png
112,乘法竖式谜,7069,question_7069-image_0,content,..\data\xes3g5m\metadata\images\question_7069-image_0.png,kc_candidate_question_outputs\images\question_7069-image_0.png
112,乘法竖式谜,7081,question_7081-image_0,content,..\data\xes3g5m\metadata\images\question_7081-image_0.png,kc_candidate_question_outputs\images\question_7081-image_0.png
112,乘法竖式谜,7081,analysis_7081-image_0,analysis,..\data\xes3g5m\metadata\images\analysis_7081-image_0.png,kc_candidate_question_outputs\images\analysis_7081-image_0.png
112,乘法竖式谜,7081,analysis_7081-image_1,analysis,..\data\xes3g5m\metadata\images\analysis_7081-image_1.png,kc_candidate_question_outputs\images\analysis_7081-image_1.png
112,乘法竖式谜,7081,analysis_7081-image_2,analysis,..\data\xes3g5m\metadata\images\analysis_7081-image_2.png,kc_candidate_question_outputs\images\analysis_7081-image_2.png
112,乘法竖式谜,7081,analysis_7081-image_3,analysis,..\data\xes3g5m\metadata\images\analysis_7081-image_3.png,kc_candidate_question_outputs\images\analysis_7081-image_3.png
112,乘法竖式谜,7081,analysis_7081-image_4,analysis,..\data\xes3g5m\metadata\images\analysis_7081-image_4.png,kc_candidate_question_outputs\images\analysis_7081-image_4.png
112,乘法竖式谜,7081,analysis_7081-image_5,analysis,..\data\xes3g5m\metadata\images\analysis_7081-image_5.png,kc_candidate_question_outputs\images\analysis_7081-image_5.png
112,乘法竖式谜,7081,analysis_7081-image_6,analysis,..\data\xes3g5m\metadata\images\analysis_7081-image_6.png,kc_candidate_question_outputs\images\analysis_7081-image_6.png
112,乘法竖式谜,7081,analysis_7081-image_7,analysis,..\data\xes3g5m\metadata\images\analysis_7081-image_7.png,kc_candidate_question_outputs\images\analysis_7081-image_7.png
112,乘法竖式谜,7081,analysis_7081-image_8,analysis,..\data\xes3g5m\metadata\images\analysis_7081-image_8.png,kc_candidate_question_outputs\images\analysis_7081-image_8.png
112,乘法竖式谜,7081,analysis_7081-image_9,analysis,..\data\xes3g5m\metadata\images\analysis_7081-image_9.png,kc_candidate_question_outputs\images\analysis_7081-image_9.png
112,乘法竖式谜,7155,question_7155-image_0,content,..\data\xes3g5m\metadata\images\question_7155-image_0.png,kc_candidate_question_outputs\images\question_7155-image_0.png
112,乘法竖式谜,7612,question_7612-image_0,content,..\data\xes3g5m\metadata\images\question_7612-image_0.png,kc_candidate_question_outputs\images\question_7612-image_0.png
112,乘法竖式谜,7622,question_7622-image_0,content,..\data\xes3g5m\metadata\images\question_7622-image_0.png,kc_candidate_question_outputs\images\question_7622-image_0.png
67,三角形,106,question_106-image_0,content,..\data\xes3g5m\metadata\images\question_106-image_0.png,kc_candidate_question_outputs\images\question_106-image_0.png
67,三角形,1015,question_1015-image_0,content,..\data\xes3g5m\metadata\images\question_1015-image_0.png,kc_candidate_question_outputs\images\question_1015-image_0.png
67,三角形,1229,question_1229-image_0,content,..\data\xes3g5m\metadata\images\question_1229-image_0.png,kc_candidate_question_outputs\images\question_1229-image_0.png
67,三角形,1236,question_1236-image_0,content,..\data\xes3g5m\metadata\images\question_1236-image_0.png,kc_candidate_question_outputs\images\question_1236-image_0.png
67,三角形,1237,question_1237-image_0,content,..\data\xes3g5m\metadata\images\question_1237-image_0.png,kc_candidate_question_outputs\images\question_1237-image_0.png
67,三角形,1256,question_1256-image_0,content,..\data\xes3g5m\metadata\images\question_1256-image_0.png,kc_candidate_question_outputs\images\question_1256-image_0.png
67,三角形,1420,question_1420-image_0,content,..\data\xes3g5m\metadata\images\question_1420-image_0.png,kc_candidate_question_outputs\images\question_1420-image_0.png
67,三角形,1421,question_1421-image_0,content,..\data\xes3g5m\metadata\images\question_1421-image_0.png,kc_candidate_question_outputs\images\question_1421-image_0.png
67,三角形,1422,question_1422-image_0,content,..\data\xes3g5m\metadata\images\question_1422-image_0.png,kc_candidate_question_outputs\images\question_1422-image_0.png
67,三角形,1422,analysis_1422-image_0,analysis,..\data\xes3g5m\metadata\images\analysis_1422-image_0.png,kc_candidate_question_outputs\images\analysis_1422-image_0.png
67,三角形,1422,analysis_1422-image_1,analysis,..\data\xes3g5m\metadata\images\analysis_1422-image_1.png,kc_candidate_question_outputs\images\analysis_1422-image_1.png
67,三角形,1428,question_1428-image_0,content,..\data\xes3g5m\metadata\images\question_1428-image_0.png,kc_candidate_question_outputs\images\question_1428-image_0.png
67,三角形,1431,question_1431-image_0,content,..\data\xes3g5m\metadata\images\question_1431-image_0.png,kc_candidate_question_outputs\images\question_1431-image_0.png
67,三角形,1767,question_1767-image_0,content,..\data\xes3g5m\metadata\images\question_1767-image_0.png,kc_candidate_question_outputs\images\question_1767-image_0.png
67,三角形,2555,question_2555-image_0,content,..\data\xes3g5m\metadata\images\question_2555-image_0.png,kc_candidate_question_outputs\images\question_2555-image_0.png
67,三角形,2559,question_2559-image_0,content,..\data\xes3g5m\metadata\images\question_2559-image_0.png,kc_candidate_question_outputs\images\question_2559-image_0.png
67,三角形,2559,analysis_2559-image_0,analysis,..\data\xes3g5m\metadata\images\analysis_2559-image_0.png,kc_candidate_question_outputs\images\analysis_2559-image_0.png
67,三角形,2582,question_2582-image_0,content,..\data\xes3g5m\metadata\images\question_2582-image_0.png,kc_candidate_question_outputs\images\question_2582-image_0.png
67,三角形,2634,question_2634-image_0,content,..\data\xes3g5m\metadata\images\question_2634-image_0.png,kc_candidate_question_outputs\images\question_2634-image_0.png
67,三角形,2718,question_2718-image_0,content,..\data\xes3g5m\metadata\images\question_2718-image_0.png,kc_candidate_question_outputs\images\question_2718-image_0.png
67,三角形,2815,question_2815-image_0,content,..\data\xes3g5m\metadata\images\question_2815-image_0.png,kc_candidate_question_outputs\images\question_2815-image_0.png
67,三角形,2817,question_2817-image_0,content,..\data\xes3g5m\metadata\images\question_2817-image_0.png,kc_candidate_question_outputs\images\question_2817-image_0.png
67,三角形,2820,question_2820-image_0,content,..\data\xes3g5m\metadata\images\question_2820-image_0.png,kc_candidate_question_outputs\images\question_2820-image_0.png
67,三角形,3097,question_3097-image_0,content,..\data\xes3g5m\metadata\images\question_3097-image_0.png,kc_candidate_question_outputs\images\question_3097-image_0.png
67,三角形,3138,question_3138-image_0,content,..\data\xes3g5m\metadata\images\question_3138-image_0.png,kc_candidate_question_outputs\images\question_3138-image_0.png
67,三角形,3138,analysis_3138-image_0,analysis,..\data\xes3g5m\metadata\images\analysis_3138-image_0.png,kc_candidate_question_outputs\images\analysis_3138-image_0.png
67,三角形,3138,analysis_3138-image_1,analysis,..\data\xes3g5m\metadata\images\analysis_3138-image_1.png,kc_candidate_question_outputs\images\analysis_3138-image_1.png
67,三角形,3139,question_3139-image_0,content,..\data\xes3g5m\metadata\images\question_3139-image_0.png,kc_candidate_question_outputs\images\question_3139-image_0.png
67,三角形,3151,question_3151-image_0,content,..\data\xes3g5m\metadata\images\question_3151-image_0.png,kc_candidate_question_outputs\images\question_3151-image_0.png
67,三角形,3151,question_3151-image_1,content,..\data\xes3g5m\metadata\images\question_3151-image_1.png,kc_candidate_question_outputs\images\question_3151-image_1.png
67,三角形,3151,question_3151-image_2,content,..\data\xes3g5m\metadata\images\question_3151-image_2.png,kc_candidate_question_outputs\images\question_3151-image_2.png
67,三角形,3407,question_3407-image_0,content,..\data\xes3g5m\metadata\images\question_3407-image_0.png,kc_candidate_question_outputs\images\question_3407-image_0.png
67,三角形,3407,analysis_3407-image_0,analysis,..\data\xes3g5m\metadata\images\analysis_3407-image_0.png,kc_candidate_question_outputs\images\analysis_3407-image_0.png
67,三角形,3410,question_3410-image_0,content,..\data\xes3g5m\metadata\images\question_3410-image_0.png,kc_candidate_question_outputs\images\question_3410-image_0.png
67,三角形,3412,question_3412-image_0,content,..\data\xes3g5m\metadata\images\question_3412-image_0.png,kc_candidate_question_outputs\images\question_3412-image_0.png
67,三角形,3703,question_3703-image_0,content,..\data\xes3g5m\metadata\images\question_3703-image_0.png,kc_candidate_question_outputs\images\question_3703-image_0.png
67,三角形,3791,question_3791-image_0,content,..\data\xes3g5m\metadata\images\question_3791-image_0.png,kc_candidate_question_outputs\images\question_3791-image_0.png
67,三角形,4035,question_4035-image_0,content,..\data\xes3g5m\metadata\images\question_4035-image_0.png,kc_candidate_question_outputs\images\question_4035-image_0.png
67,三角形,4152,question_4152-image_0,content,..\data\xes3g5m\metadata\images\question_4152-image_0.png,kc_candidate_question_outputs\images\question_4152-image_0.png
67,三角形,4153,question_4153-image_0,content,..\data\xes3g5m\metadata\images\question_4153-image_0.png,kc_candidate_question_outputs\images\question_4153-image_0.png
67,三角形,4154,question_4154-image_0,content,..\data\xes3g5m\metadata\images\question_4154-image_0.png,kc_candidate_question_outputs\images\question_4154-image_0.png
67,三角形,4155,question_4155-image_0,content,..\data\xes3g5m\metadata\images\question_4155-image_0.png,kc_candidate_question_outputs\images\question_4155-image_0.png
67,三角形,4156,question_4156-image_0,content,..\data\xes3g5m\metadata\images\question_4156-image_0.png,kc_candidate_question_outputs\images\question_4156-image_0.png
67,三角形,4157,question_4157-image_0,content,..\data\xes3g5m\metadata\images\question_4157-image_0.png,kc_candidate_question_outputs\images\question_4157-image_0.png
67,三角形,4157,analysis_4157-image_0,analysis,..\data\xes3g5m\metadata\images\analysis_4157-image_0.png,kc_candidate_question_outputs\images\analysis_4157-image_0.png
67,三角形,4168,question_4168-image_0,content,..\data\xes3g5m\metadata\images\question_4168-image_0.png,kc_candidate_question_outputs\images\question_4168-image_0.png
67,三角形,5592,question_5592-image_0,content,..\data\xes3g5m\metadata\images\question_5592-image_0.png,kc_candidate_question_outputs\images\question_5592-image_0.png
67,三角形,5605,question_5605-image_0,content,..\data\xes3g5m\metadata\images\question_5605-image_0.png,kc_candidate_question_outputs\images\question_5605-image_0.png
67,三角形,5687,question_5687-image_0,content,..\data\xes3g5m\metadata\images\question_5687-image_0.png,kc_candidate_question_outputs\images\question_5687-image_0.png
67,三角形,5704,question_5704-image_0,content,..\data\xes3g5m\metadata\images\question_5704-image_0.png,kc_candidate_question_outputs\images\question_5704-image_0.png
67,三角形,5809,question_5809-image_0,content,..\data\xes3g5m\metadata\images\question_5809-image_0.png,kc_candidate_question_outputs\images\question_5809-image_0.png
67,三角形,6160,question_6160-image_0,content,..\data\xes3g5m\metadata\images\question_6160-image_0.png,kc_candidate_question_outputs\images\question_6160-image_0.png
67,三角形,6182,question_6182-image_0,content,..\data\xes3g5m\metadata\images\question_6182-image_0.png,kc_candidate_question_outputs\images\question_6182-image_0.png
67,三角形,6324,question_6324-image_0,content,..\data\xes3g5m\metadata\images\question_6324-image_0.png,kc_candidate_question_outputs\images\question_6324-image_0.png
67,三角形,6324,analysis_6324-image_0,analysis,..\data\xes3g5m\metadata\images\analysis_6324-image_0.png,kc_candidate_question_outputs\images\analysis_6324-image_0.png
67,三角形,6326,question_6326-image_0,content,..\data\xes3g5m\metadata\images\question_6326-image_0.png,kc_candidate_question_outputs\images\question_6326-image_0.png
67,三角形,6497,question_6497-image_0,content,..\data\xes3g5m\metadata\images\question_6497-image_0.png,kc_candidate_question_outputs\images\question_6497-image_0.png
67,三角形,6523,question_6523-image_0,content,..\data\xes3g5m\metadata\images\question_6523-image_0.png,kc_candidate_question_outputs\images\question_6523-image_0.png
67,三角形,6532,question_6532-image_0,content,..\data\xes3g5m\metadata\images\question_6532-image_0.png,kc_candidate_question_outputs\images\question_6532-image_0.png
67,三角形,6614,question_6614-image_0,content,..\data\xes3g5m\metadata\images\question_6614-image_0.png,kc_candidate_question_outputs\images\question_6614-image_0.png
67,三角形,6614,analysis_6614-image_0,analysis,..\data\xes3g5m\metadata\images\analysis_6614-image_0.png,kc_candidate_question_outputs\images\analysis_6614-image_0.png
67,三角形,6614,analysis_6614-image_1,analysis,..\data\xes3g5m\metadata\images\analysis_6614-image_1.png,kc_candidate_question_outputs\images\analysis_6614-image_1.png
67,三角形,6614,analysis_6614-image_2,analysis,..\data\xes3g5m\metadata\images\analysis_6614-image_2.png,kc_candidate_question_outputs\images\analysis_6614-image_2.png
67,三角形,6730,question_6730-image_0,content,..\data\xes3g5m\metadata\images\question_6730-image_0.png,kc_candidate_question_outputs\images\question_6730-image_0.png
67,三角形,6893,question_6893-image_0,content,..\data\xes3g5m\metadata\images\question_6893-image_0.png,kc_candidate_question_outputs\images\question_6893-image_0.png
67,三角形,6893,question_6893-image_1,content,..\data\xes3g5m\metadata\images\question_6893-image_1.png,kc_candidate_question_outputs\images\question_6893-image_1.png
67,三角形,6895,question_6895-image_0,content,..\data\xes3g5m\metadata\images\question_6895-image_0.png,kc_candidate_question_outputs\images\question_6895-image_0.png
67,三角形,6896,question_6896-image_0,content,..\data\xes3g5m\metadata\images\question_6896-image_0.png,kc_candidate_question_outputs\images\question_6896-image_0.png
67,三角形,6999,question_6999-image_0,content,..\data\xes3g5m\metadata\images\question_6999-image_0.png,kc_candidate_question_outputs\images\question_6999-image_0.png
67,三角形,7035,question_7035-image_0,content,..\data\xes3g5m\metadata\images\question_7035-image_0.png,kc_candidate_question_outputs\images\question_7035-image_0.png
67,三角形,7035,analysis_7035-image_0,analysis,..\data\xes3g5m\metadata\images\analysis_7035-image_0.png,kc_candidate_question_outputs\images\analysis_7035-image_0.png
67,三角形,7035,analysis_7035-image_1,analysis,..\data\xes3g5m\metadata\images\analysis_7035-image_1.png,kc_candidate_question_outputs\images\analysis_7035-image_1.png
67,三角形,7138,question_7138-image_0,content,..\data\xes3g5m\metadata\images\question_7138-image_0.png,kc_candidate_question_outputs\images\question_7138-image_0.png
67,三角形,7154,question_7154-image_0,content,..\data\xes3g5m\metadata\images\question_7154-image_0.png,kc_candidate_question_outputs\images\question_7154-image_0.png
67,三角形,7154,question_7154-image_1,content,..\data\xes3g5m\metadata\images\question_7154-image_1.png,kc_candidate_question_outputs\images\question_7154-image_1.png
67,三角形,7206,question_7206-image_0,content,..\data\xes3g5m\metadata\images\question_7206-image_0.png,kc_candidate_question_outputs\images\question_7206-image_0.png
67,三角形,7222,question_7222-image_0,content,..\data\xes3g5m\metadata\images\question_7222-image_0.png,kc_candidate_question_outputs\images\question_7222-image_0.png
67,三角形,7337,question_7337-image_0,content,..\data\xes3g5m\metadata\images\question_7337-image_0.png,kc_candidate_question_outputs\images\question_7337-image_0.png
67,三角形,7338,question_7338-image_0,content,..\data\xes3g5m\metadata\images\question_7338-image_0.png,kc_candidate_question_outputs\images\question_7338-image_0.png
67,三角形,7339,question_7339-image_0,content,..\data\xes3g5m\metadata\images\question_7339-image_0.png,kc_candidate_question_outputs\images\question_7339-image_0.png
67,三角形,7499,question_7499-image_0,content,..\data\xes3g5m\metadata\images\question_7499-image_0.png,kc_candidate_question_outputs\images\question_7499-image_0.png
145,图文加法竖式数字谜,272,question_272-image_0,content,..\data\xes3g5m\metadata\images\question_272-image_0.png,kc_candidate_question_outputs\images\question_272-image_0.png
145,图文加法竖式数字谜,465,question_465-image_0,content,..\data\xes3g5m\metadata\images\question_465-image_0.png,kc_candidate_question_outputs\images\question_465-image_0.png
145,图文加法竖式数字谜,848,question_848-image_0,content,..\data\xes3g5m\metadata\images\question_848-image_0.png,kc_candidate_question_outputs\images\question_848-image_0.png
145,图文加法竖式数字谜,868,question_868-image_0,content,..\data\xes3g5m\metadata\images\question_868-image_0.png,kc_candidate_question_outputs\images\question_868-image_0.png
145,图文加法竖式数字谜,1540,question_1540-image_0,content,..\data\xes3g5m\metadata\images\question_1540-image_0.png,kc_candidate_question_outputs\images\question_1540-image_0.png
145,图文加法竖式数字谜,1541,question_1541-image_0,content,..\data\xes3g5m\metadata\images\question_1541-image_0.png,kc_candidate_question_outputs\images\question_1541-image_0.png
145,图文加法竖式数字谜,2317,question_2317-image_0,content,..\data\xes3g5m\metadata\images\question_2317-image_0.png,kc_candidate_question_outputs\images\question_2317-image_0.png
145,图文加法竖式数字谜,2741,question_2741-image_0,content,..\data\xes3g5m\metadata\images\question_2741-image_0.png,kc_candidate_question_outputs\images\question_2741-image_0.png
145,图文加法竖式数字谜,2911,question_2911-image_0,content,..\data\xes3g5m\metadata\images\question_2911-image_0.png,kc_candidate_question_outputs\images\question_2911-image_0.png
145,图文加法竖式数字谜,2912,question_2912-image_0,content,..\data\xes3g5m\metadata\images\question_2912-image_0.png,kc_candidate_question_outputs\images\question_2912-image_0.png
145,图文加法竖式数字谜,2913,question_2913-image_0,content,..\data\xes3g5m\metadata\images\question_2913-image_0.png,kc_candidate_question_outputs\images\question_2913-image_0.png
145,图文加法竖式数字谜,2914,question_2914-image_0,content,..\data\xes3g5m\metadata\images\question_2914-image_0.png,kc_candidate_question_outputs\images\question_2914-image_0.png
145,图文加法竖式数字谜,2914,analysis_2914-image_0,analysis,..\data\xes3g5m\metadata\images\analysis_2914-image_0.png,kc_candidate_question_outputs\images\analysis_2914-image_0.png
145,图文加法竖式数字谜,3605,question_3605-image_0,content,..\data\xes3g5m\metadata\images\question_3605-image_0.png,kc_candidate_question_outputs\images\question_3605-image_0.png
145,图文加法竖式数字谜,3702,question_3702-image_0,content,..\data\xes3g5m\metadata\images\question_3702-image_0.png,kc_candidate_question_outputs\images\question_3702-image_0.png
145,图文加法竖式数字谜,5364,question_5364-image_0,content,..\data\xes3g5m\metadata\images\question_5364-image_0.png,kc_candidate_question_outputs\images\question_5364-image_0.png
145,图文加法竖式数字谜,5566,question_5566-image_0,content,..\data\xes3g5m\metadata\images\question_5566-image_0.png,kc_candidate_question_outputs\images\question_5566-image_0.png
145,图文加法竖式数字谜,5567,question_5567-image_0,content,..\data\xes3g5m\metadata\images\question_5567-image_0.png,kc_candidate_question_outputs\images\question_5567-image_0.png
145,图文加法竖式数字谜,5902,question_5902-image_0,content,..\data\xes3g5m\metadata\images\question_5902-image_0.png,kc_candidate_question_outputs\images\question_5902-image_0.png
145,图文加法竖式数字谜,6069,question_6069-image_0,content,..\data\xes3g5m\metadata\images\question_6069-image_0.png,kc_candidate_question_outputs\images\question_6069-image_0.png
145,图文加法竖式数字谜,6137,question_6137-image_0,content,..\data\xes3g5m\metadata\images\question_6137-image_0.png,kc_candidate_question_outputs\images\question_6137-image_0.png
145,图文加法竖式数字谜,7276,question_7276-image_0,content,..\data\xes3g5m\metadata\images\question_7276-image_0.png,kc_candidate_question_outputs\images\question_7276-image_0.png
145,图文加法竖式数字谜,7276,analysis_7276-image_0,analysis,..\data\xes3g5m\metadata\images\analysis_7276-image_0.png,kc_candidate_question_outputs\images\analysis_7276-image_0.png
145,图文加法竖式数字谜,7276,analysis_7276-image_1,analysis,..\data\xes3g5m\metadata\images\analysis_7276-image_1.png,kc_candidate_question_outputs\images\analysis_7276-image_1.png
145,图文加法竖式数字谜,7457,question_7457-image_0,content,..\data\xes3g5m\metadata\images\question_7457-image_0.png,kc_candidate_question_outputs\images\question_7457-image_0.png
183,奇数阶幻方填法,352,analysis_352-image_0,analysis,..\data\xes3g5m\metadata\images\analysis_352-image_0.png,kc_candidate_question_outputs\images\analysis_352-image_0.png
183,奇数阶幻方填法,352,analysis_352-image_1,analysis,..\data\xes3g5m\metadata\images\analysis_352-image_1.png,kc_candidate_question_outputs\images\analysis_352-image_1.png
183,奇数阶幻方填法,352,analysis_352-image_2,analysis,..\data\xes3g5m\metadata\images\analysis_352-image_2.png,kc_candidate_question_outputs\images\analysis_352-image_2.png
183,奇数阶幻方填法,352,question_352-image_1,options.A,..\data\xes3g5m\metadata\images\question_352-image_1.png,kc_candidate_question_outputs\images\question_352-image_1.png
183,奇数阶幻方填法,352,question_352-image_1,options.B,..\data\xes3g5m\metadata\images\question_352-image_1.png,kc_candidate_question_outputs\images\question_352-image_1.png
183,奇数阶幻方填法,352,question_352-image_1,options.C,..\data\xes3g5m\metadata\images\question_352-image_1.png,kc_candidate_question_outputs\images\question_352-image_1.png
183,奇数阶幻方填法,352,question_352-image_1,options.D,..\data\xes3g5m\metadata\images\question_352-image_1.png,kc_candidate_question_outputs\images\question_352-image_1.png
183,奇数阶幻方填法,354,question_354-image_0,content,..\data\xes3g5m\metadata\images\question_354-image_0.png,kc_candidate_question_outputs\images\question_354-image_0.png
183,奇数阶幻方填法,356,question_356-image_0,content,..\data\xes3g5m\metadata\images\question_356-image_0.png,kc_candidate_question_outputs\images\question_356-image_0.png
183,奇数阶幻方填法,957,question_957-image_0,content,..\data\xes3g5m\metadata\images\question_957-image_0.png,kc_candidate_question_outputs\images\question_957-image_0.png
183,奇数阶幻方填法,961,question_961-image_0,content,..\data\xes3g5m\metadata\images\question_961-image_0.png,kc_candidate_question_outputs\images\question_961-image_0.png
183,奇数阶幻方填法,961,analysis_961-image_0,analysis,..\data\xes3g5m\metadata\images\analysis_961-image_0.png,kc_candidate_question_outputs\images\analysis_961-image_0.png
183,奇数阶幻方填法,962,question_962-image_0,content,..\data\xes3g5m\metadata\images\question_962-image_0.png,kc_candidate_question_outputs\images\question_962-image_0.png
183,奇数阶幻方填法,978,question_978-image_0,content,..\data\xes3g5m\metadata\images\question_978-image_0.png,kc_candidate_question_outputs\images\question_978-image_0.png
183,奇数阶幻方填法,1164,question_1164-image_0,content,..\data\xes3g5m\metadata\images\question_1164-image_0.png,kc_candidate_question_outputs\images\question_1164-image_0.png
183,奇数阶幻方填法,1165,question_1165-image_0,content,..\data\xes3g5m\metadata\images\question_1165-image_0.png,kc_candidate_question_outputs\images\question_1165-image_0.png
183,奇数阶幻方填法,1167,question_1167-image_0,content,..\data\xes3g5m\metadata\images\question_1167-image_0.png,kc_candidate_question_outputs\images\question_1167-image_0.png
183,奇数阶幻方填法,1167,analysis_1167-image_0,analysis,..\data\xes3g5m\metadata\images\analysis_1167-image_0.png,kc_candidate_question_outputs\images\analysis_1167-image_0.png
183,奇数阶幻方填法,1167,analysis_1167-image_1,analysis,..\data\xes3g5m\metadata\images\analysis_1167-image_1.png,kc_candidate_question_outputs\images\analysis_1167-image_1.png
183,奇数阶幻方填法,1167,analysis_1167-image_2,analysis,..\data\xes3g5m\metadata\images\analysis_1167-image_2.png,kc_candidate_question_outputs\images\analysis_1167-image_2.png
183,奇数阶幻方填法,1168,question_1168-image_0,content,..\data\xes3g5m\metadata\images\question_1168-image_0.png,kc_candidate_question_outputs\images\question_1168-image_0.png
183,奇数阶幻方填法,1200,question_1200-image_0,content,..\data\xes3g5m\metadata\images\question_1200-image_0.png,kc_candidate_question_outputs\images\question_1200-image_0.png
183,奇数阶幻方填法,1201,question_1201-image_0,content,..\data\xes3g5m\metadata\images\question_1201-image_0.png,kc_candidate_question_outputs\images\question_1201-image_0.png
183,奇数阶幻方填法,1967,question_1967-image_0,content,..\data\xes3g5m\metadata\images\question_1967-image_0.png,kc_candidate_question_outputs\images\question_1967-image_0.png
183,奇数阶幻方填法,2245,question_2245-image_0,content,..\data\xes3g5m\metadata\images\question_2245-image_0.png,kc_candidate_question_outputs\images\question_2245-image_0.png
183,奇数阶幻方填法,2245,analysis_2245-image_0,analysis,..\data\xes3g5m\metadata\images\analysis_2245-image_0.png,kc_candidate_question_outputs\images\analysis_2245-image_0.png
183,奇数阶幻方填法,2490,question_2490-image_0,content,..\data\xes3g5m\metadata\images\question_2490-image_0.png,kc_candidate_question_outputs\images\question_2490-image_0.png
183,奇数阶幻方填法,2704,question_2704-image_0,content,..\data\xes3g5m\metadata\images\question_2704-image_0.png,kc_candidate_question_outputs\images\question_2704-image_0.png
183,奇数阶幻方填法,2704,analysis_2704-image_0,analysis,..\data\xes3g5m\metadata\images\analysis_2704-image_0.png,kc_candidate_question_outputs\images\analysis_2704-image_0.png
183,奇数阶幻方填法,3355,question_3355-image_0,content,..\data\xes3g5m\metadata\images\question_3355-image_0.png,kc_candidate_question_outputs\images\question_3355-image_0.png
183,奇数阶幻方填法,3355,question_3355-image_1,content,..\data\xes3g5m\metadata\images\question_3355-image_1.png,kc_candidate_question_outputs\images\question_3355-image_1.png
183,奇数阶幻方填法,3355,question_3355-image_2,content,..\data\xes3g5m\metadata\images\question_3355-image_2.png,kc_candidate_question_outputs\images\question_3355-image_2.png
183,奇数阶幻方填法,3355,question_3355-image_3,content,..\data\xes3g5m\metadata\images\question_3355-image_3.png,kc_candidate_question_outputs\images\question_3355-image_3.png
183,奇数阶幻方填法,3358,question_3358-image_0,content,..\data\xes3g5m\metadata\images\question_3358-image_0.png,kc_candidate_question_outputs\images\question_3358-image_0.png
183,奇数阶幻方填法,3387,question_3387-image_0,content,..\data\xes3g5m\metadata\images\question_3387-image_0.png,kc_candidate_question_outputs\images\question_3387-image_0.png
183,奇数阶幻方填法,3390,question_3390-image_0,content,..\data\xes3g5m\metadata\images\question_3390-image_0.png,kc_candidate_question_outputs\images\question_3390-image_0.png
183,奇数阶幻方填法,3390,analysis_3390-image_0,analysis,..\data\xes3g5m\metadata\images\analysis_3390-image_0.png,kc_candidate_question_outputs\images\analysis_3390-image_0.png
183,奇数阶幻方填法,3390,analysis_3390-image_1,analysis,..\data\xes3g5m\metadata\images\analysis_3390-image_1.png,kc_candidate_question_outputs\images\analysis_3390-image_1.png
183,奇数阶幻方填法,3390,analysis_3390-image_2,analysis,..\data\xes3g5m\metadata\images\analysis_3390-image_2.png,kc_candidate_question_outputs\images\analysis_3390-image_2.png
183,奇数阶幻方填法,3452,question_3452-image_0,content,..\data\xes3g5m\metadata\images\question_3452-image_0.png,kc_candidate_question_outputs\images\question_3452-image_0.png
183,奇数阶幻方填法,3452,analysis_3452-image_0,analysis,..\data\xes3g5m\metadata\images\analysis_3452-image_0.png,kc_candidate_question_outputs\images\analysis_3452-image_0.png
183,奇数阶幻方填法,3452,question_3452-image_1,options.A,..\data\xes3g5m\metadata\images\question_3452-image_1.png,kc_candidate_question_outputs\images\question_3452-image_1.png
183,奇数阶幻方填法,3452,question_3452-image_1,options.B,..\data\xes3g5m\metadata\images\question_3452-image_1.png,kc_candidate_question_outputs\images\question_3452-image_1.png
183,奇数阶幻方填法,3452,question_3452-image_1,options.C,..\data\xes3g5m\metadata\images\question_3452-image_1.png,kc_candidate_question_outputs\images\question_3452-image_1.png
183,奇数阶幻方填法,3452,question_3452-image_1,options.D,..\data\xes3g5m\metadata\images\question_3452-image_1.png,kc_candidate_question_outputs\images\question_3452-image_1.png
183,奇数阶幻方填法,3465,question_3465-image_0,content,..\data\xes3g5m\metadata\images\question_3465-image_0.png,kc_candidate_question_outputs\images\question_3465-image_0.png
183,奇数阶幻方填法,3465,analysis_3465-image_0,analysis,..\data\xes3g5m\metadata\images\analysis_3465-image_0.png,kc_candidate_question_outputs\images\analysis_3465-image_0.png
183,奇数阶幻方填法,3538,question_3538-image_0,content,..\data\xes3g5m\metadata\images\question_3538-image_0.png,kc_candidate_question_outputs\images\question_3538-image_0.png
183,奇数阶幻方填法,3538,analysis_3538-image_0,analysis,..\data\xes3g5m\metadata\images\analysis_3538-image_0.png,kc_candidate_question_outputs\images\analysis_3538-image_0.png
183,奇数阶幻方填法,3544,question_3544-image_0,content,..\data\xes3g5m\metadata\images\question_3544-image_0.png,kc_candidate_question_outputs\images\question_3544-image_0.png
183,奇数阶幻方填法,3550,question_3550-image_0,content,..\data\xes3g5m\metadata\images\question_3550-image_0.png,kc_candidate_question_outputs\images\question_3550-image_0.png
183,奇数阶幻方填法,3550,analysis_3550-image_0,analysis,..\data\xes3g5m\metadata\images\analysis_3550-image_0.png,kc_candidate_question_outputs\images\analysis_3550-image_0.png
183,奇数阶幻方填法,3829,question_3829-image_0,content,..\data\xes3g5m\metadata\images\question_3829-image_0.png,kc_candidate_question_outputs\images\question_3829-image_0.png
183,奇数阶幻方填法,3830,question_3830-image_0,content,..\data\xes3g5m\metadata\images\question_3830-image_0.png,kc_candidate_question_outputs\images\question_3830-image_0.png
183,奇数阶幻方填法,3830,analysis_3830-image_0,analysis,..\data\xes3g5m\metadata\images\analysis_3830-image_0.png,kc_candidate_question_outputs\images\analysis_3830-image_0.png
183,奇数阶幻方填法,3831,question_3831-image_0,content,..\data\xes3g5m\metadata\images\question_3831-image_0.png,kc_candidate_question_outputs\images\question_3831-image_0.png
183,奇数阶幻方填法,5198,question_5198-image_0,content,..\data\xes3g5m\metadata\images\question_5198-image_0.png,kc_candidate_question_outputs\images\question_5198-image_0.png
183,奇数阶幻方填法,5223,question_5223-image_0,content,..\data\xes3g5m\metadata\images\question_5223-image_0.png,kc_candidate_question_outputs\images\question_5223-image_0.png
183,奇数阶幻方填法,5223,analysis_5223-image_0,analysis,..\data\xes3g5m\metadata\images\analysis_5223-image_0.png,kc_candidate_question_outputs\images\analysis_5223-image_0.png
183,奇数阶幻方填法,5224,question_5224-image_0,content,..\data\xes3g5m\metadata\images\question_5224-image_0.png,kc_candidate_question_outputs\images\question_5224-image_0.png
183,奇数阶幻方填法,5226,question_5226-image_0,content,..\data\xes3g5m\metadata\images\question_5226-image_0.png,kc_candidate_question_outputs\images\question_5226-image_0.png
183,奇数阶幻方填法,5227,question_5227-image_0,content,..\data\xes3g5m\metadata\images\question_5227-image_0.png,kc_candidate_question_outputs\images\question_5227-image_0.png
183,奇数阶幻方填法,5227,analysis_5227-image_0,analysis,..\data\xes3g5m\metadata\images\analysis_5227-image_0.png,kc_candidate_question_outputs\images\analysis_5227-image_0.png
183,奇数阶幻方填法,5241,question_5241-image_0,content,..\data\xes3g5m\metadata\images\question_5241-image_0.png,kc_candidate_question_outputs\images\question_5241-image_0.png
183,奇数阶幻方填法,5241,analysis_5241-image_0,analysis,..\data\xes3g5m\metadata\images\analysis_5241-image_0.png,kc_candidate_question_outputs\images\analysis_5241-image_0.png
183,奇数阶幻方填法,5242,question_5242-image_0,content,..\data\xes3g5m\metadata\images\question_5242-image_0.png,kc_candidate_question_outputs\images\question_5242-image_0.png
183,奇数阶幻方填法,5242,analysis_5242-image_0,analysis,..\data\xes3g5m\metadata\images\analysis_5242-image_0.png,kc_candidate_question_outputs\images\analysis_5242-image_0.png
183,奇数阶幻方填法,5311,question_5311-image_0,content,..\data\xes3g5m\metadata\images\question_5311-image_0.png,kc_candidate_question_outputs\images\question_5311-image_0.png
183,奇数阶幻方填法,5615,question_5615-image_0,content,..\data\xes3g5m\metadata\images\question_5615-image_0.png,kc_candidate_question_outputs\images\question_5615-image_0.png
183,奇数阶幻方填法,5615,analysis_5615-image_0,analysis,..\data\xes3g5m\metadata\images\analysis_5615-image_0.png,kc_candidate_question_outputs\images\analysis_5615-image_0.png
183,奇数阶幻方填法,5804,question_5804-image_0,content,..\data\xes3g5m\metadata\images\question_5804-image_0.png,kc_candidate_question_outputs\images\question_5804-image_0.png
183,奇数阶幻方填法,6200,question_6200-image_0,content,..\data\xes3g5m\metadata\images\question_6200-image_0.png,kc_candidate_question_outputs\images\question_6200-image_0.png
183,奇数阶幻方填法,6475,question_6475-image_0,content,..\data\xes3g5m\metadata\images\question_6475-image_0.png,kc_candidate_question_outputs\images\question_6475-image_0.png
183,奇数阶幻方填法,6609,question_6609-image_0,content,..\data\xes3g5m\metadata\images\question_6609-image_0.png,kc_candidate_question_outputs\images\question_6609-image_0.png
183,奇数阶幻方填法,6609,question_6609-image_2,content,..\data\xes3g5m\metadata\images\question_6609-image_2.png,kc_candidate_question_outputs\images\question_6609-image_2.png
183,奇数阶幻方填法,6609,question_6609-image_4,content,..\data\xes3g5m\metadata\images\question_6609-image_4.png,kc_candidate_question_outputs\images\question_6609-image_4.png
183,奇数阶幻方填法,6728,question_6728-image_0,content,..\data\xes3g5m\metadata\images\question_6728-image_0.png,kc_candidate_question_outputs\images\question_6728-image_0.png
183,奇数阶幻方填法,6728,analysis_6728-image_0,analysis,..\data\xes3g5m\metadata\images\analysis_6728-image_0.png,kc_candidate_question_outputs\images\analysis_6728-image_0.png
183,奇数阶幻方填法,6729,question_6729-image_0,content,..\data\xes3g5m\metadata\images\question_6729-image_0.png,kc_candidate_question_outputs\images\question_6729-image_0.png
183,奇数阶幻方填法,6729,analysis_6729-image_0,analysis,..\data\xes3g5m\metadata\images\analysis_6729-image_0.png,kc_candidate_question_outputs\images\analysis_6729-image_0.png
183,奇数阶幻方填法,6892,question_6892-image_0,content,..\data\xes3g5m\metadata\images\question_6892-image_0.png,kc_candidate_question_outputs\images\question_6892-image_0.png
183,奇数阶幻方填法,6992,question_6992-image_0,content,..\data\xes3g5m\metadata\images\question_6992-image_0.png,kc_candidate_question_outputs\images\question_6992-image_0.png
183,奇数阶幻方填法,6994,question_6994-image_0,content,..\data\xes3g5m\metadata\images\question_6994-image_0.png,kc_candidate_question_outputs\images\question_6994-image_0.png
183,奇数阶幻方填法,6994,analysis_6994-image_0,analysis,..\data\xes3g5m\metadata\images\analysis_6994-image_0.png,kc_candidate_question_outputs\images\analysis_6994-image_0.png
183,奇数阶幻方填法,7150,question_7150-image_0,content,..\data\xes3g5m\metadata\images\question_7150-image_0.png,kc_candidate_question_outputs\images\question_7150-image_0.png
183,奇数阶幻方填法,7151,question_7151-image_0,content,..\data\xes3g5m\metadata\images\question_7151-image_0.png,kc_candidate_question_outputs\images\question_7151-image_0.png
183,奇数阶幻方填法,7152,question_7152-image_0,content,..\data\xes3g5m\metadata\images\question_7152-image_0.png,kc_candidate_question_outputs\images\question_7152-image_0.png
183,奇数阶幻方填法,7153,question_7153-image_0,content,..\data\xes3g5m\metadata\images\question_7153-image_0.png,kc_candidate_question_outputs\images\question_7153-image_0.png
183,奇数阶幻方填法,7153,analysis_7153-image_0,analysis,..\data\xes3g5m\metadata\images\analysis_7153-image_0.png,kc_candidate_question_outputs\images\analysis_7153-image_0.png
183,奇数阶幻方填法,7153,analysis_7153-image_1,analysis,..\data\xes3g5m\metadata\images\analysis_7153-image_1.png,kc_candidate_question_outputs\images\analysis_7153-image_1.png
183,奇数阶幻方填法,7574,question_7574-image_0,content,..\data\xes3g5m\metadata\images\question_7574-image_0.png,kc_candidate_question_outputs\images\question_7574-image_0.png
183,奇数阶幻方填法,7574,analysis_7574-image_0,analysis,..\data\xes3g5m\metadata\images\analysis_7574-image_0.png,kc_candidate_question_outputs\images\analysis_7574-image_0.png
138,最短路线,260,question_260-image_0,content,..\data\xes3g5m\metadata\images\question_260-image_0.png,kc_candidate_question_outputs\images\question_260-image_0.png
138,最短路线,261,question_261-image_0,content,..\data\xes3g5m\metadata\images\question_261-image_0.png,kc_candidate_question_outputs\images\question_261-image_0.png
138,最短路线,261,analysis_261-image_0,analysis,..\data\xes3g5m\metadata\images\analysis_261-image_0.png,kc_candidate_question_outputs\images\analysis_261-image_0.png
138,最短路线,262,question_262-image_0,content,..\data\xes3g5m\metadata\images\question_262-image_0.png,kc_candidate_question_outputs\images\question_262-image_0.png
138,最短路线,262,analysis_262-image_0,analysis,..\data\xes3g5m\metadata\images\analysis_262-image_0.png,kc_candidate_question_outputs\images\analysis_262-image_0.png
138,最短路线,406,question_406-image_0,content,..\data\xes3g5m\metadata\images\question_406-image_0.png,kc_candidate_question_outputs\images\question_406-image_0.png
138,最短路线,406,analysis_406-image_0,analysis,..\data\xes3g5m\metadata\images\analysis_406-image_0.png,kc_candidate_question_outputs\images\analysis_406-image_0.png
138,最短路线,411,question_411-image_0,content,..\data\xes3g5m\metadata\images\question_411-image_0.png,kc_candidate_question_outputs\images\question_411-image_0.png
138,最短路线,412,question_412-image_0,content,..\data\xes3g5m\metadata\images\question_412-image_0.png,kc_candidate_question_outputs\images\question_412-image_0.png
138,最短路线,412,analysis_412-image_0,analysis,..\data\xes3g5m\metadata\images\analysis_412-image_0.png,kc_candidate_question_outputs\images\analysis_412-image_0.png
138,最短路线,413,question_413-image_0,content,..\data\xes3g5m\metadata\images\question_413-image_0.png,kc_candidate_question_outputs\images\question_413-image_0.png
138,最短路线,413,analysis_413-image_0,analysis,..\data\xes3g5m\metadata\images\analysis_413-image_0.png,kc_candidate_question_outputs\images\analysis_413-image_0.png
138,最短路线,416,question_416-image_0,content,..\data\xes3g5m\metadata\images\question_416-image_0.png,kc_candidate_question_outputs\images\question_416-image_0.png
138,最短路线,416,analysis_416-image_0,analysis,..\data\xes3g5m\metadata\images\analysis_416-image_0.png,kc_candidate_question_outputs\images\analysis_416-image_0.png
138,最短路线,451,question_451-image_0,content,..\data\xes3g5m\metadata\images\question_451-image_0.png,kc_candidate_question_outputs\images\question_451-image_0.png
138,最短路线,451,analysis_451-image_0,analysis,..\data\xes3g5m\metadata\images\analysis_451-image_0.png,kc_candidate_question_outputs\images\analysis_451-image_0.png
138,最短路线,780,question_780-image_0,content,..\data\xes3g5m\metadata\images\question_780-image_0.png,kc_candidate_question_outputs\images\question_780-image_0.png
138,最短路线,780,analysis_780-image_0,analysis,..\data\xes3g5m\metadata\images\analysis_780-image_0.png,kc_candidate_question_outputs\images\analysis_780-image_0.png
138,最短路线,781,question_781-image_0,content,..\data\xes3g5m\metadata\images\question_781-image_0.png,kc_candidate_question_outputs\images\question_781-image_0.png
138,最短路线,781,analysis_781-image_0,analysis,..\data\xes3g5m\metadata\images\analysis_781-image_0.png,kc_candidate_question_outputs\images\analysis_781-image_0.png
138,最短路线,781,analysis_781-image_1,analysis,..\data\xes3g5m\metadata\images\analysis_781-image_1.png,kc_candidate_question_outputs\images\analysis_781-image_1.png
138,最短路线,781,analysis_781-image_2,analysis,..\data\xes3g5m\metadata\images\analysis_781-image_2.png,kc_candidate_question_outputs\images\analysis_781-image_2.png
138,最短路线,782,question_782-image_0,content,..\data\xes3g5m\metadata\images\question_782-image_0.png,kc_candidate_question_outputs\images\question_782-image_0.png
138,最短路线,782,analysis_782-image_0,analysis,..\data\xes3g5m\metadata\images\analysis_782-image_0.png,kc_candidate_question_outputs\images\analysis_782-image_0.png
138,最短路线,782,analysis_782-image_1,analysis,..\data\xes3g5m\metadata\images\analysis_782-image_1.png,kc_candidate_question_outputs\images\analysis_782-image_1.png
138,最短路线,783,question_783-image_0,content,..\data\xes3g5m\metadata\images\question_783-image_0.png,kc_candidate_question_outputs\images\question_783-image_0.png
138,最短路线,783,analysis_783-image_0,analysis,..\data\xes3g5m\metadata\images\analysis_783-image_0.png,kc_candidate_question_outputs\images\analysis_783-image_0.png
138,最短路线,784,question_784-image_0,content,..\data\xes3g5m\metadata\images\question_784-image_0.png,kc_candidate_question_outputs\images\question_784-image_0.png
138,最短路线,784,analysis_784-image_0,analysis,..\data\xes3g5m\metadata\images\analysis_784-image_0.png,kc_candidate_question_outputs\images\analysis_784-image_0.png
138,最短路线,1055,question_1055-image_0,content,..\data\xes3g5m\metadata\images\question_1055-image_0.png,kc_candidate_question_outputs\images\question_1055-image_0.png
138,最短路线,1055,analysis_1055-image_0,analysis,..\data\xes3g5m\metadata\images\analysis_1055-image_0.png,kc_candidate_question_outputs\images\analysis_1055-image_0.png
138,最短路线,1056,question_1056-image_0,content,..\data\xes3g5m\metadata\images\question_1056-image_0.png,kc_candidate_question_outputs\images\question_1056-image_0.png
138,最短路线,1056,analysis_1056-image_0,analysis,..\data\xes3g5m\metadata\images\analysis_1056-image_0.png,kc_candidate_question_outputs\images\analysis_1056-image_0.png
138,最短路线,1059,question_1059-image_0,content,..\data\xes3g5m\metadata\images\question_1059-image_0.png,kc_candidate_question_outputs\images\question_1059-image_0.png
138,最短路线,1059,analysis_1059-image_0,analysis,..\data\xes3g5m\metadata\images\analysis_1059-image_0.png,kc_candidate_question_outputs\images\analysis_1059-image_0.png
138,最短路线,1059,analysis_1059-image_1,analysis,..\data\xes3g5m\metadata\images\analysis_1059-image_1.png,kc_candidate_question_outputs\images\analysis_1059-image_1.png
138,最短路线,1059,analysis_1059-image_2,analysis,..\data\xes3g5m\metadata\images\analysis_1059-image_2.png,kc_candidate_question_outputs\images\analysis_1059-image_2.png
138,最短路线,1080,question_1080-image_0,content,..\data\xes3g5m\metadata\images\question_1080-image_0.png,kc_candidate_question_outputs\images\question_1080-image_0.png
138,最短路线,1080,analysis_1080-image_0,analysis,..\data\xes3g5m\metadata\images\analysis_1080-image_0.png,kc_candidate_question_outputs\images\analysis_1080-image_0.png
138,最短路线,1087,question_1087-image_0,content,..\data\xes3g5m\metadata\images\question_1087-image_0.png,kc_candidate_question_outputs\images\question_1087-image_0.png
138,最短路线,1087,analysis_1087-image_0,analysis,..\data\xes3g5m\metadata\images\analysis_1087-image_0.png,kc_candidate_question_outputs\images\analysis_1087-image_0.png
138,最短路线,1281,question_1281-image_0,content,..\data\xes3g5m\metadata\images\question_1281-image_0.png,kc_candidate_question_outputs\images\question_1281-image_0.png
138,最短路线,1281,analysis_1281-image_0,analysis,..\data\xes3g5m\metadata\images\analysis_1281-image_0.png,kc_candidate_question_outputs\images\analysis_1281-image_0.png
138,最短路线,1282,question_1282-image_0,content,..\data\xes3g5m\metadata\images\question_1282-image_0.png,kc_candidate_question_outputs\images\question_1282-image_0.png
138,最短路线,1282,analysis_1282-image_0,analysis,..\data\xes3g5m\metadata\images\analysis_1282-image_0.png,kc_candidate_question_outputs\images\analysis_1282-image_0.png
138,最短路线,1284,question_1284-image_0,content,..\data\xes3g5m\metadata\images\question_1284-image_0.png,kc_candidate_question_outputs\images\question_1284-image_0.png
138,最短路线,1284,analysis_1284-image_0,analysis,..\data\xes3g5m\metadata\images\analysis_1284-image_0.png,kc_candidate_question_outputs\images\analysis_1284-image_0.png
138,最短路线,1285,question_1285-image_0,content,..\data\xes3g5m\metadata\images\question_1285-image_0.png,kc_candidate_question_outputs\images\question_1285-image_0.png
138,最短路线,1285,analysis_1285-image_0,analysis,..\data\xes3g5m\metadata\images\analysis_1285-image_0.png,kc_candidate_question_outputs\images\analysis_1285-image_0.png
138,最短路线,1286,question_1286-image_0,content,..\data\xes3g5m\metadata\images\question_1286-image_0.png,kc_candidate_question_outputs\images\question_1286-image_0.png
138,最短路线,1286,analysis_1286-image_0,analysis,..\data\xes3g5m\metadata\images\analysis_1286-image_0.png,kc_candidate_question_outputs\images\analysis_1286-image_0.png
138,最短路线,1533,question_1533-image_0,content,..\data\xes3g5m\metadata\images\question_1533-image_0.png,kc_candidate_question_outputs\images\question_1533-image_0.png
138,最短路线,1533,analysis_1533-image_0,analysis,..\data\xes3g5m\metadata\images\analysis_1533-image_0.png,kc_candidate_question_outputs\images\analysis_1533-image_0.png
138,最短路线,2265,question_2265-image_0,content,..\data\xes3g5m\metadata\images\question_2265-image_0.png,kc_candidate_question_outputs\images\question_2265-image_0.png
138,最短路线,2265,analysis_2265-image_0,analysis,..\data\xes3g5m\metadata\images\analysis_2265-image_0.png,kc_candidate_question_outputs\images\analysis_2265-image_0.png
138,最短路线,2266,question_2266-image_0,content,..\data\xes3g5m\metadata\images\question_2266-image_0.png,kc_candidate_question_outputs\images\question_2266-image_0.png
138,最短路线,2266,analysis_2266-image_0,analysis,..\data\xes3g5m\metadata\images\analysis_2266-image_0.png,kc_candidate_question_outputs\images\analysis_2266-image_0.png
138,最短路线,2380,question_2380-image_0,content,..\data\xes3g5m\metadata\images\question_2380-image_0.png,kc_candidate_question_outputs\images\question_2380-image_0.png
138,最短路线,2380,analysis_2380-image_0,analysis,..\data\xes3g5m\metadata\images\analysis_2380-image_0.png,kc_candidate_question_outputs\images\analysis_2380-image_0.png
138,最短路线,2832,question_2832-image_0,content,..\data\xes3g5m\metadata\images\question_2832-image_0.png,kc_candidate_question_outputs\images\question_2832-image_0.png
138,最短路线,2832,analysis_2832-image_0,analysis,..\data\xes3g5m\metadata\images\analysis_2832-image_0.png,kc_candidate_question_outputs\images\analysis_2832-image_0.png
138,最短路线,2833,question_2833-image_0,content,..\data\xes3g5m\metadata\images\question_2833-image_0.png,kc_candidate_question_outputs\images\question_2833-image_0.png
138,最短路线,2833,analysis_2833-image_0,analysis,..\data\xes3g5m\metadata\images\analysis_2833-image_0.png,kc_candidate_question_outputs\images\analysis_2833-image_0.png
138,最短路线,2834,question_2834-image_0,content,..\data\xes3g5m\metadata\images\question_2834-image_0.png,kc_candidate_question_outputs\images\question_2834-image_0.png
138,最短路线,2834,analysis_2834-image_0,analysis,..\data\xes3g5m\metadata\images\analysis_2834-image_0.png,kc_candidate_question_outputs\images\analysis_2834-image_0.png
138,最短路线,2836,question_2836-image_0,content,..\data\xes3g5m\metadata\images\question_2836-image_0.png,kc_candidate_question_outputs\images\question_2836-image_0.png
138,最短路线,2836,analysis_2836-image_0,analysis,..\data\xes3g5m\metadata\images\analysis_2836-image_0.png,kc_candidate_question_outputs\images\analysis_2836-image_0.png
138,最短路线,3366,question_3366-image_0,content,..\data\xes3g5m\metadata\images\question_3366-image_0.png,kc_candidate_question_outputs\images\question_3366-image_0.png
138,最短路线,3484,question_3484-image_0,content,..\data\xes3g5m\metadata\images\question_3484-image_0.png,kc_candidate_question_outputs\images\question_3484-image_0.png
138,最短路线,3484,analysis_3484-image_0,analysis,..\data\xes3g5m\metadata\images\analysis_3484-image_0.png,kc_candidate_question_outputs\images\analysis_3484-image_0.png
138,最短路线,3656,question_3656-image_0,content,..\data\xes3g5m\metadata\images\question_3656-image_0.png,kc_candidate_question_outputs\images\question_3656-image_0.png
138,最短路线,3656,analysis_3656-image_0,analysis,..\data\xes3g5m\metadata\images\analysis_3656-image_0.png,kc_candidate_question_outputs\images\analysis_3656-image_0.png
138,最短路线,3658,question_3658-image_0,content,..\data\xes3g5m\metadata\images\question_3658-image_0.png,kc_candidate_question_outputs\images\question_3658-image_0.png
138,最短路线,3658,analysis_3658-image_0,analysis,..\data\xes3g5m\metadata\images\analysis_3658-image_0.png,kc_candidate_question_outputs\images\analysis_3658-image_0.png
138,最短路线,3716,question_3716-image_0,content,..\data\xes3g5m\metadata\images\question_3716-image_0.png,kc_candidate_question_outputs\images\question_3716-image_0.png
138,最短路线,3716,analysis_3716-image_0,analysis,..\data\xes3g5m\metadata\images\analysis_3716-image_0.png,kc_candidate_question_outputs\images\analysis_3716-image_0.png
138,最短路线,3872,question_3872-image_0,content,..\data\xes3g5m\metadata\images\question_3872-image_0.png,kc_candidate_question_outputs\images\question_3872-image_0.png
138,最短路线,3872,analysis_3872-image_0,analysis,..\data\xes3g5m\metadata\images\analysis_3872-image_0.png,kc_candidate_question_outputs\images\analysis_3872-image_0.png
138,最短路线,3873,question_3873-image_0,content,..\data\xes3g5m\metadata\images\question_3873-image_0.png,kc_candidate_question_outputs\images\question_3873-image_0.png
138,最短路线,3873,analysis_3873-image_0,analysis,..\data\xes3g5m\metadata\images\analysis_3873-image_0.png,kc_candidate_question_outputs\images\analysis_3873-image_0.png
138,最短路线,3874,question_3874-image_0,content,..\data\xes3g5m\metadata\images\question_3874-image_0.png,kc_candidate_question_outputs\images\question_3874-image_0.png
138,最短路线,3874,analysis_3874-image_0,analysis,..\data\xes3g5m\metadata\images\analysis_3874-image_0.png,kc_candidate_question_outputs\images\analysis_3874-image_0.png
138,最短路线,3900,question_3900-image_0,content,..\data\xes3g5m\metadata\images\question_3900-image_0.png,kc_candidate_question_outputs\images\question_3900-image_0.png
138,最短路线,3900,analysis_3900-image_0,analysis,..\data\xes3g5m\metadata\images\analysis_3900-image_0.png,kc_candidate_question_outputs\images\analysis_3900-image_0.png
138,最短路线,4135,question_4135-image_0,content,..\data\xes3g5m\metadata\images\question_4135-image_0.png,kc_candidate_question_outputs\images\question_4135-image_0.png
138,最短路线,4135,analysis_4135-image_0,analysis,..\data\xes3g5m\metadata\images\analysis_4135-image_0.png,kc_candidate_question_outputs\images\analysis_4135-image_0.png
138,最短路线,4137,question_4137-image_0,content,..\data\xes3g5m\metadata\images\question_4137-image_0.png,kc_candidate_question_outputs\images\question_4137-image_0.png
138,最短路线,4137,analysis_4137-image_0,analysis,..\data\xes3g5m\metadata\images\analysis_4137-image_0.png,kc_candidate_question_outputs\images\analysis_4137-image_0.png
138,最短路线,4138,question_4138-image_0,content,..\data\xes3g5m\metadata\images\question_4138-image_0.png,kc_candidate_question_outputs\images\question_4138-image_0.png
138,最短路线,4138,analysis_4138-image_0,analysis,..\data\xes3g5m\metadata\images\analysis_4138-image_0.png,kc_candidate_question_outputs\images\analysis_4138-image_0.png
138,最短路线,4139,question_4139-image_0,content,..\data\xes3g5m\metadata\images\question_4139-image_0.png,kc_candidate_question_outputs\images\question_4139-image_0.png
138,最短路线,4139,analysis_4139-image_0,analysis,..\data\xes3g5m\metadata\images\analysis_4139-image_0.png,kc_candidate_question_outputs\images\analysis_4139-image_0.png
138,最短路线,4181,question_4181-image_0,content,..\data\xes3g5m\metadata\images\question_4181-image_0.png,kc_candidate_question_outputs\images\question_4181-image_0.png
138,最短路线,4181,analysis_4181-image_0,analysis,..\data\xes3g5m\metadata\images\analysis_4181-image_0.png,kc_candidate_question_outputs\images\analysis_4181-image_0.png
138,最短路线,4182,question_4182-image_0,content,..\data\xes3g5m\metadata\images\question_4182-image_0.png,kc_candidate_question_outputs\images\question_4182-image_0.png
138,最短路线,4182,analysis_4182-image_0,analysis,..\data\xes3g5m\metadata\images\analysis_4182-image_0.png,kc_candidate_question_outputs\images\analysis_4182-image_0.png
138,最短路线,4182,analysis_4182-image_1,analysis,..\data\xes3g5m\metadata\images\analysis_4182-image_1.png,kc_candidate_question_outputs\images\analysis_4182-image_1.png
138,最短路线,4182,analysis_4182-image_2,analysis,..\data\xes3g5m\metadata\images\analysis_4182-image_2.png,kc_candidate_question_outputs\images\analysis_4182-image_2.png
138,最短路线,4183,question_4183-image_0,content,..\data\xes3g5m\metadata\images\question_4183-image_0.png,kc_candidate_question_outputs\images\question_4183-image_0.png
138,最短路线,4183,analysis_4183-image_0,analysis,..\data\xes3g5m\metadata\images\analysis_4183-image_0.png,kc_candidate_question_outputs\images\analysis_4183-image_0.png
138,最短路线,4184,question_4184-image_0,content,..\data\xes3g5m\metadata\images\question_4184-image_0.png,kc_candidate_question_outputs\images\question_4184-image_0.png
138,最短路线,4184,analysis_4184-image_0,analysis,..\data\xes3g5m\metadata\images\analysis_4184-image_0.png,kc_candidate_question_outputs\images\analysis_4184-image_0.png
138,最短路线,4184,analysis_4184-image_1,analysis,..\data\xes3g5m\metadata\images\analysis_4184-image_1.png,kc_candidate_question_outputs\images\analysis_4184-image_1.png
138,最短路线,4185,question_4185-image_0,content,..\data\xes3g5m\metadata\images\question_4185-image_0.png,kc_candidate_question_outputs\images\question_4185-image_0.png
138,最短路线,4185,analysis_4185-image_0,analysis,..\data\xes3g5m\metadata\images\analysis_4185-image_0.png,kc_candidate_question_outputs\images\analysis_4185-image_0.png
138,最短路线,4187,question_4187-image_0,content,..\data\xes3g5m\metadata\images\question_4187-image_0.png,kc_candidate_question_outputs\images\question_4187-image_0.png
138,最短路线,4187,analysis_4187-image_0,analysis,..\data\xes3g5m\metadata\images\analysis_4187-image_0.png,kc_candidate_question_outputs\images\analysis_4187-image_0.png
138,最短路线,4188,analysis_4188-image_0,analysis,..\data\xes3g5m\metadata\images\analysis_4188-image_0.png,kc_candidate_question_outputs\images\analysis_4188-image_0.png
138,最短路线,4190,question_4190-image_0,content,..\data\xes3g5m\metadata\images\question_4190-image_0.png,kc_candidate_question_outputs\images\question_4190-image_0.png
138,最短路线,4190,analysis_4190-image_0,analysis,..\data\xes3g5m\metadata\images\analysis_4190-image_0.png,kc_candidate_question_outputs\images\analysis_4190-image_0.png
138,最短路线,4326,question_4326-image_0,content,..\data\xes3g5m\metadata\images\question_4326-image_0.png,kc_candidate_question_outputs\images\question_4326-image_0.png
138,最短路线,4326,analysis_4326-image_0,analysis,..\data\xes3g5m\metadata\images\analysis_4326-image_0.png,kc_candidate_question_outputs\images\analysis_4326-image_0.png
138,最短路线,4326,analysis_4326-image_1,analysis,..\data\xes3g5m\metadata\images\analysis_4326-image_1.png,kc_candidate_question_outputs\images\analysis_4326-image_1.png
138,最短路线,4326,analysis_4326-image_2,analysis,..\data\xes3g5m\metadata\images\analysis_4326-image_2.png,kc_candidate_question_outputs\images\analysis_4326-image_2.png
138,最短路线,4327,question_4327-image_0,content,..\data\xes3g5m\metadata\images\question_4327-image_0.png,kc_candidate_question_outputs\images\question_4327-image_0.png
138,最短路线,4327,analysis_4327-image_0,analysis,..\data\xes3g5m\metadata\images\analysis_4327-image_0.png,kc_candidate_question_outputs\images\analysis_4327-image_0.png
138,最短路线,4349,question_4349-image_0,content,..\data\xes3g5m\metadata\images\question_4349-image_0.png,kc_candidate_question_outputs\images\question_4349-image_0.png
138,最短路线,4349,analysis_4349-image_0,analysis,..\data\xes3g5m\metadata\images\analysis_4349-image_0.png,kc_candidate_question_outputs\images\analysis_4349-image_0.png
138,最短路线,4625,question_4625-image_0,content,..\data\xes3g5m\metadata\images\question_4625-image_0.png,kc_candidate_question_outputs\images\question_4625-image_0.png
138,最短路线,4625,analysis_4625-image_0,analysis,..\data\xes3g5m\metadata\images\analysis_4625-image_0.png,kc_candidate_question_outputs\images\analysis_4625-image_0.png
138,最短路线,4628,question_4628-image_0,content,..\data\xes3g5m\metadata\images\question_4628-image_0.png,kc_candidate_question_outputs\images\question_4628-image_0.png
138,最短路线,4628,analysis_4628-image_0,analysis,..\data\xes3g5m\metadata\images\analysis_4628-image_0.png,kc_candidate_question_outputs\images\analysis_4628-image_0.png
138,最短路线,4629,question_4629-image_0,content,..\data\xes3g5m\metadata\images\question_4629-image_0.png,kc_candidate_question_outputs\images\question_4629-image_0.png
138,最短路线,4639,question_4639-image_0,content,..\data\xes3g5m\metadata\images\question_4639-image_0.png,kc_candidate_question_outputs\images\question_4639-image_0.png
138,最短路线,4639,analysis_4639-image_0,analysis,..\data\xes3g5m\metadata\images\analysis_4639-image_0.png,kc_candidate_question_outputs\images\analysis_4639-image_0.png
138,最短路线,4884,question_4884-image_0,content,..\data\xes3g5m\metadata\images\question_4884-image_0.png,kc_candidate_question_outputs\images\question_4884-image_0.png
138,最短路线,4884,analysis_4884-image_0,analysis,..\data\xes3g5m\metadata\images\analysis_4884-image_0.png,kc_candidate_question_outputs\images\analysis_4884-image_0.png
138,最短路线,4886,question_4886-image_0,content,..\data\xes3g5m\metadata\images\question_4886-image_0.png,kc_candidate_question_outputs\images\question_4886-image_0.png
138,最短路线,4886,analysis_4886-image_0,analysis,..\data\xes3g5m\metadata\images\analysis_4886-image_0.png,kc_candidate_question_outputs\images\analysis_4886-image_0.png
138,最短路线,4887,question_4887-image_0,content,..\data\xes3g5m\metadata\images\question_4887-image_0.png,kc_candidate_question_outputs\images\question_4887-image_0.png
138,最短路线,4887,analysis_4887-image_0,analysis,..\data\xes3g5m\metadata\images\analysis_4887-image_0.png,kc_candidate_question_outputs\images\analysis_4887-image_0.png
138,最短路线,4888,question_4888-image_0,content,..\data\xes3g5m\metadata\images\question_4888-image_0.png,kc_candidate_question_outputs\images\question_4888-image_0.png
138,最短路线,4888,analysis_4888-image_0,analysis,..\data\xes3g5m\metadata\images\analysis_4888-image_0.png,kc_candidate_question_outputs\images\analysis_4888-image_0.png
138,最短路线,4922,question_4922-image_0,content,..\data\xes3g5m\metadata\images\question_4922-image_0.png,kc_candidate_question_outputs\images\question_4922-image_0.png
138,最短路线,4922,analysis_4922-image_0,analysis,..\data\xes3g5m\metadata\images\analysis_4922-image_0.png,kc_candidate_question_outputs\images\analysis_4922-image_0.png
138,最短路线,4923,question_4923-image_0,content,..\data\xes3g5m\metadata\images\question_4923-image_0.png,kc_candidate_question_outputs\images\question_4923-image_0.png
138,最短路线,4923,analysis_4923-image_0,analysis,..\data\xes3g5m\metadata\images\analysis_4923-image_0.png,kc_candidate_question_outputs\images\analysis_4923-image_0.png
138,最短路线,4924,question_4924-image_0,content,..\data\xes3g5m\metadata\images\question_4924-image_0.png,kc_candidate_question_outputs\images\question_4924-image_0.png
138,最短路线,4924,analysis_4924-image_0,analysis,..\data\xes3g5m\metadata\images\analysis_4924-image_0.png,kc_candidate_question_outputs\images\analysis_4924-image_0.png
138,最短路线,4925,question_4925-image_0,content,..\data\xes3g5m\metadata\images\question_4925-image_0.png,kc_candidate_question_outputs\images\question_4925-image_0.png
138,最短路线,4925,analysis_4925-image_0,analysis,..\data\xes3g5m\metadata\images\analysis_4925-image_0.png,kc_candidate_question_outputs\images\analysis_4925-image_0.png
138,最短路线,4926,question_4926-image_0,content,..\data\xes3g5m\metadata\images\question_4926-image_0.png,kc_candidate_question_outputs\images\question_4926-image_0.png
138,最短路线,4926,analysis_4926-image_0,analysis,..\data\xes3g5m\metadata\images\analysis_4926-image_0.png,kc_candidate_question_outputs\images\analysis_4926-image_0.png
138,最短路线,4952,question_4952-image_0,content,..\data\xes3g5m\metadata\images\question_4952-image_0.png,kc_candidate_question_outputs\images\question_4952-image_0.png
138,最短路线,4952,analysis_4952-image_0,analysis,..\data\xes3g5m\metadata\images\analysis_4952-image_0.png,kc_candidate_question_outputs\images\analysis_4952-image_0.png
138,最短路线,5112,question_5112-image_0,content,..\data\xes3g5m\metadata\images\question_5112-image_0.png,kc_candidate_question_outputs\images\question_5112-image_0.png
138,最短路线,5112,analysis_5112-image_0,analysis,..\data\xes3g5m\metadata\images\analysis_5112-image_0.png,kc_candidate_question_outputs\images\analysis_5112-image_0.png
138,最短路线,5138,question_5138-image_0,content,..\data\xes3g5m\metadata\images\question_5138-image_0.png,kc_candidate_question_outputs\images\question_5138-image_0.png
138,最短路线,5138,analysis_5138-image_0,analysis,..\data\xes3g5m\metadata\images\analysis_5138-image_0.png,kc_candidate_question_outputs\images\analysis_5138-image_0.png
138,最短路线,5139,question_5139-image_0,content,..\data\xes3g5m\metadata\images\question_5139-image_0.png,kc_candidate_question_outputs\images\question_5139-image_0.png
138,最短路线,5139,analysis_5139-image_0,analysis,..\data\xes3g5m\metadata\images\analysis_5139-image_0.png,kc_candidate_question_outputs\images\analysis_5139-image_0.png
138,最短路线,5140,question_5140-image_0,content,..\data\xes3g5m\metadata\images\question_5140-image_0.png,kc_candidate_question_outputs\images\question_5140-image_0.png
138,最短路线,5140,analysis_5140-image_0,analysis,..\data\xes3g5m\metadata\images\analysis_5140-image_0.png,kc_candidate_question_outputs\images\analysis_5140-image_0.png
138,最短路线,5233,question_5233-image_0,content,..\data\xes3g5m\metadata\images\question_5233-image_0.png,kc_candidate_question_outputs\images\question_5233-image_0.png
138,最短路线,5233,analysis_5233-image_0,analysis,..\data\xes3g5m\metadata\images\analysis_5233-image_0.png,kc_candidate_question_outputs\images\analysis_5233-image_0.png
138,最短路线,5236,question_5236-image_0,content,..\data\xes3g5m\metadata\images\question_5236-image_0.png,kc_candidate_question_outputs\images\question_5236-image_0.png
138,最短路线,5236,analysis_5236-image_0,analysis,..\data\xes3g5m\metadata\images\analysis_5236-image_0.png,kc_candidate_question_outputs\images\analysis_5236-image_0.png
138,最短路线,5667,question_5667-image_0,content,..\data\xes3g5m\metadata\images\question_5667-image_0.png,kc_candidate_question_outputs\images\question_5667-image_0.png
138,最短路线,5667,analysis_5667-image_0,analysis,..\data\xes3g5m\metadata\images\analysis_5667-image_0.png,kc_candidate_question_outputs\images\analysis_5667-image_0.png
138,最短路线,5705,question_5705-image_0,content,..\data\xes3g5m\metadata\images\question_5705-image_0.png,kc_candidate_question_outputs\images\question_5705-image_0.png
138,最短路线,5705,analysis_5705-image_0,analysis,..\data\xes3g5m\metadata\images\analysis_5705-image_0.png,kc_candidate_question_outputs\images\analysis_5705-image_0.png
138,最短路线,5707,question_5707-image_0,content,..\data\xes3g5m\metadata\images\question_5707-image_0.png,kc_candidate_question_outputs\images\question_5707-image_0.png
138,最短路线,5707,analysis_5707-image_0,analysis,..\data\xes3g5m\metadata\images\analysis_5707-image_0.png,kc_candidate_question_outputs\images\analysis_5707-image_0.png
138,最短路线,5887,question_5887-image_0,content,..\data\xes3g5m\metadata\images\question_5887-image_0.png,kc_candidate_question_outputs\images\question_5887-image_0.png
138,最短路线,5887,analysis_5887-image_0,analysis,..\data\xes3g5m\metadata\images\analysis_5887-image_0.png,kc_candidate_question_outputs\images\analysis_5887-image_0.png
138,最短路线,5888,question_5888-image_0,content,..\data\xes3g5m\metadata\images\question_5888-image_0.png,kc_candidate_question_outputs\images\question_5888-image_0.png
138,最短路线,5888,analysis_5888-image_0,analysis,..\data\xes3g5m\metadata\images\analysis_5888-image_0.png,kc_candidate_question_outputs\images\analysis_5888-image_0.png
138,最短路线,5909,question_5909-image_0,content,..\data\xes3g5m\metadata\images\question_5909-image_0.png,kc_candidate_question_outputs\images\question_5909-image_0.png
138,最短路线,5909,analysis_5909-image_0,analysis,..\data\xes3g5m\metadata\images\analysis_5909-image_0.png,kc_candidate_question_outputs\images\analysis_5909-image_0.png
138,最短路线,5944,question_5944-image_0,content,..\data\xes3g5m\metadata\images\question_5944-image_0.png,kc_candidate_question_outputs\images\question_5944-image_0.png
138,最短路线,5944,analysis_5944-image_0,analysis,..\data\xes3g5m\metadata\images\analysis_5944-image_0.png,kc_candidate_question_outputs\images\analysis_5944-image_0.png
138,最短路线,5945,question_5945-image_0,content,..\data\xes3g5m\metadata\images\question_5945-image_0.png,kc_candidate_question_outputs\images\question_5945-image_0.png
138,最短路线,5968,question_5968-image_0,content,..\data\xes3g5m\metadata\images\question_5968-image_0.png,kc_candidate_question_outputs\images\question_5968-image_0.png
138,最短路线,5968,analysis_5968-image_0,analysis,..\data\xes3g5m\metadata\images\analysis_5968-image_0.png,kc_candidate_question_outputs\images\analysis_5968-image_0.png
138,最短路线,5968,analysis_5968-image_1,analysis,..\data\xes3g5m\metadata\images\analysis_5968-image_1.png,kc_candidate_question_outputs\images\analysis_5968-image_1.png
138,最短路线,6105,analysis_6105-image_0,analysis,..\data\xes3g5m\metadata\images\analysis_6105-image_0.png,kc_candidate_question_outputs\images\analysis_6105-image_0.png
138,最短路线,6107,analysis_6107-image_0,analysis,..\data\xes3g5m\metadata\images\analysis_6107-image_0.png,kc_candidate_question_outputs\images\analysis_6107-image_0.png
138,最短路线,6233,question_6233-image_0,content,..\data\xes3g5m\metadata\images\question_6233-image_0.png,kc_candidate_question_outputs\images\question_6233-image_0.png
138,最短路线,6233,analysis_6233-image_0,analysis,..\data\xes3g5m\metadata\images\analysis_6233-image_0.png,kc_candidate_question_outputs\images\analysis_6233-image_0.png
138,最短路线,6266,question_6266-image_0,content,..\data\xes3g5m\metadata\images\question_6266-image_0.png,kc_candidate_question_outputs\images\question_6266-image_0.png
138,最短路线,6266,analysis_6266-image_0,analysis,..\data\xes3g5m\metadata\images\analysis_6266-image_0.png,kc_candidate_question_outputs\images\analysis_6266-image_0.png
138,最短路线,6305,question_6305-image_0,content,..\data\xes3g5m\metadata\images\question_6305-image_0.png,kc_candidate_question_outputs\images\question_6305-image_0.png
138,最短路线,6305,analysis_6305-image_0,analysis,..\data\xes3g5m\metadata\images\analysis_6305-image_0.png,kc_candidate_question_outputs\images\analysis_6305-image_0.png
138,最短路线,6514,question_6514-image_0,content,..\data\xes3g5m\metadata\images\question_6514-image_0.png,kc_candidate_question_outputs\images\question_6514-image_0.png
138,最短路线,6514,analysis_6514-image_0,analysis,..\data\xes3g5m\metadata\images\analysis_6514-image_0.png,kc_candidate_question_outputs\images\analysis_6514-image_0.png
138,最短路线,6515,question_6515-image_0,content,..\data\xes3g5m\metadata\images\question_6515-image_0.png,kc_candidate_question_outputs\images\question_6515-image_0.png
138,最短路线,6515,question_6515-image_1,content,..\data\xes3g5m\metadata\images\question_6515-image_1.png,kc_candidate_question_outputs\images\question_6515-image_1.png
138,最短路线,6515,analysis_6515-image_0,analysis,..\data\xes3g5m\metadata\images\analysis_6515-image_0.png,kc_candidate_question_outputs\images\analysis_6515-image_0.png
138,最短路线,6515,analysis_6515-image_1,analysis,..\data\xes3g5m\metadata\images\analysis_6515-image_1.png,kc_candidate_question_outputs\images\analysis_6515-image_1.png
138,最短路线,6517,question_6517-image_0,content,..\data\xes3g5m\metadata\images\question_6517-image_0.png,kc_candidate_question_outputs\images\question_6517-image_0.png
138,最短路线,6517,analysis_6517-image_0,analysis,..\data\xes3g5m\metadata\images\analysis_6517-image_0.png,kc_candidate_question_outputs\images\analysis_6517-image_0.png
138,最短路线,6774,question_6774-image_0,content,..\data\xes3g5m\metadata\images\question_6774-image_0.png,kc_candidate_question_outputs\images\question_6774-image_0.png
138,最短路线,6774,analysis_6774-image_0,analysis,..\data\xes3g5m\metadata\images\analysis_6774-image_0.png,kc_candidate_question_outputs\images\analysis_6774-image_0.png
138,最短路线,6775,question_6775-image_0,content,..\data\xes3g5m\metadata\images\question_6775-image_0.png,kc_candidate_question_outputs\images\question_6775-image_0.png
138,最短路线,6775,analysis_6775-image_0,analysis,..\data\xes3g5m\metadata\images\analysis_6775-image_0.png,kc_candidate_question_outputs\images\analysis_6775-image_0.png
138,最短路线,6776,question_6776-image_0,content,..\data\xes3g5m\metadata\images\question_6776-image_0.png,kc_candidate_question_outputs\images\question_6776-image_0.png
138,最短路线,6776,analysis_6776-image_0,analysis,..\data\xes3g5m\metadata\images\analysis_6776-image_0.png,kc_candidate_question_outputs\images\analysis_6776-image_0.png
138,最短路线,6777,question_6777-image_0,content,..\data\xes3g5m\metadata\images\question_6777-image_0.png,kc_candidate_question_outputs\images\question_6777-image_0.png
138,最短路线,6777,analysis_6777-image_0,analysis,..\data\xes3g5m\metadata\images\analysis_6777-image_0.png,kc_candidate_question_outputs\images\analysis_6777-image_0.png
138,最短路线,6778,question_6778-image_0,content,..\data\xes3g5m\metadata\images\question_6778-image_0.png,kc_candidate_question_outputs\images\question_6778-image_0.png
138,最短路线,6778,analysis_6778-image_0,analysis,..\data\xes3g5m\metadata\images\analysis_6778-image_0.png,kc_candidate_question_outputs\images\analysis_6778-image_0.png
138,最短路线,6915,question_6915-image_0,content,..\data\xes3g5m\metadata\images\question_6915-image_0.png,kc_candidate_question_outputs\images\question_6915-image_0.png
138,最短路线,6915,analysis_6915-image_0,analysis,..\data\xes3g5m\metadata\images\analysis_6915-image_0.png,kc_candidate_question_outputs\images\analysis_6915-image_0.png
138,最短路线,6916,question_6916-image_0,content,..\data\xes3g5m\metadata\images\question_6916-image_0.png,kc_candidate_question_outputs\images\question_6916-image_0.png
138,最短路线,7010,question_7010-image_0,content,..\data\xes3g5m\metadata\images\question_7010-image_0.png,kc_candidate_question_outputs\images\question_7010-image_0.png
138,最短路线,7010,analysis_7010-image_0,analysis,..\data\xes3g5m\metadata\images\analysis_7010-image_0.png,kc_candidate_question_outputs\images\analysis_7010-image_0.png
138,最短路线,7564,question_7564-image_0,content,..\data\xes3g5m\metadata\images\question_7564-image_0.png,kc_candidate_question_outputs\images\question_7564-image_0.png
138,最短路线,7564,analysis_7564-image_0,analysis,..\data\xes3g5m\metadata\images\analysis_7564-image_0.png,kc_candidate_question_outputs\images\analysis_7564-image_0.png
138,最短路线,7565,question_7565-image_0,content,..\data\xes3g5m\metadata\images\question_7565-image_0.png,kc_candidate_question_outputs\images\question_7565-image_0.png
138,最短路线,7565,analysis_7565-image_0,analysis,..\data\xes3g5m\metadata\images\analysis_7565-image_0.png,kc_candidate_question_outputs\images\analysis_7565-image_0.png
138,最短路线,7565,analysis_7565-image_1,analysis,..\data\xes3g5m\metadata\images\analysis_7565-image_1.png,kc_candidate_question_outputs\images\analysis_7565-image_1.png
138,最短路线,7565,analysis_7565-image_2,analysis,..\data\xes3g5m\metadata\images\analysis_7565-image_2.png,kc_candidate_question_outputs\images\analysis_7565-image_2.png
138,最短路线,7566,question_7566-image_0,content,..\data\xes3g5m\metadata\images\question_7566-image_0.png,kc_candidate_question_outputs\images\question_7566-image_0.png
138,最短路线,7566,analysis_7566-image_0,analysis,..\data\xes3g5m\metadata\images\analysis_7566-image_0.png,kc_candidate_question_outputs\images\analysis_7566-image_0.png
138,最短路线,7566,analysis_7566-image_1,analysis,..\data\xes3g5m\metadata\images\analysis_7566-image_1.png,kc_candidate_question_outputs\images\analysis_7566-image_1.png
138,最短路线,7584,question_7584-image_0,content,..\data\xes3g5m\metadata\images\question_7584-image_0.png,kc_candidate_question_outputs\images\question_7584-image_0.png
138,最短路线,7584,question_7584-image_1,content,..\data\xes3g5m\metadata\images\question_7584-image_1.png,kc_candidate_question_outputs\images\question_7584-image_1.png
138,最短路线,7584,analysis_7584-image_0,analysis,..\data\xes3g5m\metadata\images\analysis_7584-image_0.png,kc_candidate_question_outputs\images\analysis_7584-image_0.png
138,最短路线,7585,question_7585-image_0,content,..\data\xes3g5m\metadata\images\question_7585-image_0.png,kc_candidate_question_outputs\images\question_7585-image_0.png
138,最短路线,7585,analysis_7585-image_0,analysis,..\data\xes3g5m\metadata\images\analysis_7585-image_0.png,kc_candidate_question_outputs\images\analysis_7585-image_0.png
138,最短路线,7632,question_7632-image_0,content,..\data\xes3g5m\metadata\images\question_7632-image_0.png,kc_candidate_question_outputs\images\question_7632-image_0.png
138,最短路线,7632,question_7632-image_1,content,..\data\xes3g5m\metadata\images\question_7632-image_1.png,kc_candidate_question_outputs\images\question_7632-image_1.png
138,最短路线,7632,analysis_7632-image_0,analysis,..\data\xes3g5m\metadata\images\analysis_7632-image_0.png,kc_candidate_question_outputs\images\analysis_7632-image_0.png
138,最短路线,7634,question_7634-image_0,content,..\data\xes3g5m\metadata\images\question_7634-image_0.png,kc_candidate_question_outputs\images\question_7634-image_0.png
138,最短路线,7634,analysis_7634-image_0,analysis,..\data\xes3g5m\metadata\images\analysis_7634-image_0.png,kc_candidate_question_outputs\images\analysis_7634-image_0.png
62,单归一问题,3726,question_3726-image_0,content,..\data\xes3g5m\metadata\images\question_3726-image_0.png,kc_candidate_question_outputs\images\question_3726-image_0.png
62,单归一问题,3726,question_3726-image_1,content,..\data\xes3g5m\metadata\images\question_3726-image_1.png,kc_candidate_question_outputs\images\question_3726-image_1.png
62,单归一问题,6656,question_6656-image_0,content,..\data\xes3g5m\metadata\images\question_6656-image_0.png,kc_candidate_question_outputs\images\question_6656-image_0.png
62,单归一问题,7075,question_7075-image_0,content,..\data\xes3g5m\metadata\images\question_7075-image_0.png,kc_candidate_question_outputs\images\question_7075-image_0.png
62,单归一问题,7175,question_7175-image_0,content,..\data\xes3g5m\metadata\images\question_7175-image_0.png,kc_candidate_question_outputs\images\question_7175-image_0.png
0,乘法原理里的其他类型,2401,question_2401-image_0,content,..\data\xes3g5m\metadata\images\question_2401-image_0.png,kc_candidate_question_outputs\images\question_2401-image_0.png
0,乘法原理里的其他类型,2733,question_2733-image_0,content,..\data\xes3g5m\metadata\images\question_2733-image_0.png,kc_candidate_question_outputs\images\question_2733-image_0.png
0,乘法原理里的其他类型,3660,question_3660-image_0,content,..\data\xes3g5m\metadata\images\question_3660-image_0.png,kc_candidate_question_outputs\images\question_3660-image_0.png
0,乘法原理里的其他类型,4651,question_4651-image_0,content,..\data\xes3g5m\metadata\images\question_4651-image_0.png,kc_candidate_question_outputs\images\question_4651-image_0.png
0,乘法原理里的其他类型,5043,question_5043-image_0,content,..\data\xes3g5m\metadata\images\question_5043-image_0.png,kc_candidate_question_outputs\images\question_5043-image_0.png
0,乘法原理里的其他类型,5100,question_5100-image_0,content,..\data\xes3g5m\metadata\images\question_5100-image_0.png,kc_candidate_question_outputs\images\question_5100-image_0.png
0,乘法原理里的其他类型,6258,question_6258-image_0,content,..\data\xes3g5m\metadata\images\question_6258-image_0.png,kc_candidate_question_outputs\images\question_6258-image_0.png
0,乘法原理里的其他类型,6808,question_6808-image_0,content,..\data\xes3g5m\metadata\images\question_6808-image_0.png,kc_candidate_question_outputs\images\question_6808-image_0.png
82,三量容斥,674,analysis_674-image_0,analysis,..\data\xes3g5m\metadata\images\analysis_674-image_0.png,kc_candidate_question_outputs\images\analysis_674-image_0.png
82,三量容斥,676,analysis_676-image_0,analysis,..\data\xes3g5m\metadata\images\analysis_676-image_0.png,kc_candidate_question_outputs\images\analysis_676-image_0.png
82,三量容斥,2139,analysis_2139-image_0,analysis,..\data\xes3g5m\metadata\images\analysis_2139-image_0.png,kc_candidate_question_outputs\images\analysis_2139-image_0.png
82,三量容斥,2141,question_2141-image_0,content,..\data\xes3g5m\metadata\images\question_2141-image_0.png,kc_candidate_question_outputs\images\question_2141-image_0.png
82,三量容斥,2141,analysis_2141-image_0,analysis,..\data\xes3g5m\metadata\images\analysis_2141-image_0.png,kc_candidate_question_outputs\images\analysis_2141-image_0.png
82,三量容斥,2520,analysis_2520-image_0,analysis,..\data\xes3g5m\metadata\images\analysis_2520-image_0.png,kc_candidate_question_outputs\images\analysis_2520-image_0.png
82,三量容斥,3197,analysis_3197-image_0,analysis,..\data\xes3g5m\metadata\images\analysis_3197-image_0.png,kc_candidate_question_outputs\images\analysis_3197-image_0.png
82,三量容斥,4319,analysis_4319-image_0,analysis,..\data\xes3g5m\metadata\images\analysis_4319-image_0.png,kc_candidate_question_outputs\images\analysis_4319-image_0.png
82,三量容斥,4799,analysis_4799-image_0,analysis,..\data\xes3g5m\metadata\images\analysis_4799-image_0.png,kc_candidate_question_outputs\images\analysis_4799-image_0.png
82,三量容斥,5010,question_5010-image_0,content,..\data\xes3g5m\metadata\images\question_5010-image_0.png,kc_candidate_question_outputs\images\question_5010-image_0.png
82,三量容斥,5318,analysis_5318-image_0,analysis,..\data\xes3g5m\metadata\images\analysis_5318-image_0.png,kc_candidate_question_outputs\images\analysis_5318-image_0.png
480,小马虎题型,3814,question_3814-image_0,content,..\data\xes3g5m\metadata\images\question_3814-image_0.png,kc_candidate_question_outputs\images\question_3814-image_0.png
56,单一变量还原问题,86,analysis_86-image_0,analysis,..\data\xes3g5m\metadata\images\analysis_86-image_0.png,kc_candidate_question_outputs\images\analysis_86-image_0.png
56,单一变量还原问题,88,analysis_88-image_0,analysis,..\data\xes3g5m\metadata\images\analysis_88-image_0.png,kc_candidate_question_outputs\images\analysis_88-image_0.png
56,单一变量还原问题,90,analysis_90-image_0,analysis,..\data\xes3g5m\metadata\images\analysis_90-image_0.png,kc_candidate_question_outputs\images\analysis_90-image_0.png
56,单一变量还原问题,93,analysis_93-image_0,analysis,..\data\xes3g5m\metadata\images\analysis_93-image_0.png,kc_candidate_question_outputs\images\analysis_93-image_0.png
56,单一变量还原问题,93,analysis_93-image_1,analysis,..\data\xes3g5m\metadata\images\analysis_93-image_1.png,kc_candidate_question_outputs\images\analysis_93-image_1.png
56,单一变量还原问题,93,analysis_93-image_2,analysis,..\data\xes3g5m\metadata\images\analysis_93-image_2.png,kc_candidate_question_outputs\images\analysis_93-image_2.png
56,单一变量还原问题,373,analysis_373-image_0,analysis,..\data\xes3g5m\metadata\images\analysis_373-image_0.png,kc_candidate_question_outputs\images\analysis_373-image_0.png
56,单一变量还原问题,374,analysis_374-image_0,analysis,..\data\xes3g5m\metadata\images\analysis_374-image_0.png,kc_candidate_question_outputs\images\analysis_374-image_0.png
56,单一变量还原问题,620,analysis_620-image_0,analysis,..\data\xes3g5m\metadata\images\analysis_620-image_0.png,kc_candidate_question_outputs\images\analysis_620-image_0.png
56,单一变量还原问题,622,analysis_622-image_0,analysis,..\data\xes3g5m\metadata\images\analysis_622-image_0.png,kc_candidate_question_outputs\images\analysis_622-image_0.png
56,单一变量还原问题,997,analysis_997-image_0,analysis,..\data\xes3g5m\metadata\images\analysis_997-image_0.png,kc_candidate_question_outputs\images\analysis_997-image_0.png
56,单一变量还原问题,998,analysis_998-image_0,analysis,..\data\xes3g5m\metadata\images\analysis_998-image_0.png,kc_candidate_question_outputs\images\analysis_998-image_0.png
56,单一变量还原问题,1471,analysis_1471-image_0,analysis,..\data\xes3g5m\metadata\images\analysis_1471-image_0.png,kc_candidate_question_outputs\images\analysis_1471-image_0.png
56,单一变量还原问题,1734,analysis_1734-image_0,analysis,..\data\xes3g5m\metadata\images\analysis_1734-image_0.png,kc_candidate_question_outputs\images\analysis_1734-image_0.png
56,单一变量还原问题,1734,analysis_1734-image_1,analysis,..\data\xes3g5m\metadata\images\analysis_1734-image_1.png,kc_candidate_question_outputs\images\analysis_1734-image_1.png
56,单一变量还原问题,1734,analysis_1734-image_2,analysis,..\data\xes3g5m\metadata\images\analysis_1734-image_2.png,kc_candidate_question_outputs\images\analysis_1734-image_2.png
56,单一变量还原问题,1734,analysis_1734-image_3,analysis,..\data\xes3g5m\metadata\images\analysis_1734-image_3.png,kc_candidate_question_outputs\images\analysis_1734-image_3.png
56,单一变量还原问题,1735,analysis_1735-image_0,analysis,..\data\xes3g5m\metadata\images\analysis_1735-image_0.png,kc_candidate_question_outputs\images\analysis_1735-image_0.png
56,单一变量还原问题,1736,analysis_1736-image_0,analysis,..\data\xes3g5m\metadata\images\analysis_1736-image_0.png,kc_candidate_question_outputs\images\analysis_1736-image_0.png
56,单一变量还原问题,1909,analysis_1909-image_0,analysis,..\data\xes3g5m\metadata\images\analysis_1909-image_0.png,kc_candidate_question_outputs\images\analysis_1909-image_0.png
56,单一变量还原问题,1918,analysis_1918-image_0,analysis,..\data\xes3g5m\metadata\images\analysis_1918-image_0.png,kc_candidate_question_outputs\images\analysis_1918-image_0.png
56,单一变量还原问题,1918,analysis_1918-image_1,analysis,..\data\xes3g5m\metadata\images\analysis_1918-image_1.png,kc_candidate_question_outputs\images\analysis_1918-image_1.png
56,单一变量还原问题,2106,analysis_2106-image_0,analysis,..\data\xes3g5m\metadata\images\analysis_2106-image_0.png,kc_candidate_question_outputs\images\analysis_2106-image_0.png
56,单一变量还原问题,2106,analysis_2106-image_1,analysis,..\data\xes3g5m\metadata\images\analysis_2106-image_1.png,kc_candidate_question_outputs\images\analysis_2106-image_1.png
56,单一变量还原问题,2106,analysis_2106-image_2,analysis,..\data\xes3g5m\metadata\images\analysis_2106-image_2.png,kc_candidate_question_outputs\images\analysis_2106-image_2.png
56,单一变量还原问题,2107,analysis_2107-image_0,analysis,..\data\xes3g5m\metadata\images\analysis_2107-image_0.png,kc_candidate_question_outputs\images\analysis_2107-image_0.png
56,单一变量还原问题,2525,analysis_2525-image_0,analysis,..\data\xes3g5m\metadata\images\analysis_2525-image_0.png,kc_candidate_question_outputs\images\analysis_2525-image_0.png
56,单一变量还原问题,2529,analysis_2529-image_0,analysis,..\data\xes3g5m\metadata\images\analysis_2529-image_0.png,kc_candidate_question_outputs\images\analysis_2529-image_0.png
56,单一变量还原问题,2763,analysis_2763-image_0,analysis,..\data\xes3g5m\metadata\images\analysis_2763-image_0.png,kc_candidate_question_outputs\images\analysis_2763-image_0.png
56,单一变量还原问题,3187,analysis_3187-image_0,analysis,..\data\xes3g5m\metadata\images\analysis_3187-image_0.png,kc_candidate_question_outputs\images\analysis_3187-image_0.png
56,单一变量还原问题,3671,analysis_3671-image_0,analysis,..\data\xes3g5m\metadata\images\analysis_3671-image_0.png,kc_candidate_question_outputs\images\analysis_3671-image_0.png
56,单一变量还原问题,3676,analysis_3676-image_0,analysis,..\data\xes3g5m\metadata\images\analysis_3676-image_0.png,kc_candidate_question_outputs\images\analysis_3676-image_0.png
56,单一变量还原问题,3678,question_3678-image_0,content,..\data\xes3g5m\metadata\images\question_3678-image_0.png,kc_candidate_question_outputs\images\question_3678-image_0.png
56,单一变量还原问题,3859,analysis_3859-image_0,analysis,..\data\xes3g5m\metadata\images\analysis_3859-image_0.png,kc_candidate_question_outputs\images\analysis_3859-image_0.png
56,单一变量还原问题,3859,analysis_3859-image_1,analysis,..\data\xes3g5m\metadata\images\analysis_3859-image_1.png,kc_candidate_question_outputs\images\analysis_3859-image_1.png
56,单一变量还原问题,4080,analysis_4080-image_0,analysis,..\data\xes3g5m\metadata\images\analysis_4080-image_0.png,kc_candidate_question_outputs\images\analysis_4080-image_0.png
56,单一变量还原问题,4080,analysis_4080-image_1,analysis,..\data\xes3g5m\metadata\images\analysis_4080-image_1.png,kc_candidate_question_outputs\images\analysis_4080-image_1.png
56,单一变量还原问题,4080,analysis_4080-image_2,analysis,..\data\xes3g5m\metadata\images\analysis_4080-image_2.png,kc_candidate_question_outputs\images\analysis_4080-image_2.png
56,单一变量还原问题,4083,analysis_4083-image_0,analysis,..\data\xes3g5m\metadata\images\analysis_4083-image_0.png,kc_candidate_question_outputs\images\analysis_4083-image_0.png
56,单一变量还原问题,4084,analysis_4084-image_0,analysis,..\data\xes3g5m\metadata\images\analysis_4084-image_0.png,kc_candidate_question_outputs\images\analysis_4084-image_0.png
56,单一变量还原问题,4086,analysis_4086-image_0,analysis,..\data\xes3g5m\metadata\images\analysis_4086-image_0.png,kc_candidate_question_outputs\images\analysis_4086-image_0.png
56,单一变量还原问题,4086,analysis_4086-image_1,analysis,..\data\xes3g5m\metadata\images\analysis_4086-image_1.png,kc_candidate_question_outputs\images\analysis_4086-image_1.png
56,单一变量还原问题,4439,analysis_4439-image_0,analysis,..\data\xes3g5m\metadata\images\analysis_4439-image_0.png,kc_candidate_question_outputs\images\analysis_4439-image_0.png
56,单一变量还原问题,4594,analysis_4594-image_0,analysis,..\data\xes3g5m\metadata\images\analysis_4594-image_0.png,kc_candidate_question_outputs\images\analysis_4594-image_0.png
56,单一变量还原问题,5135,analysis_5135-image_0,analysis,..\data\xes3g5m\metadata\images\analysis_5135-image_0.png,kc_candidate_question_outputs\images\analysis_5135-image_0.png
56,单一变量还原问题,5699,analysis_5699-image_0,analysis,..\data\xes3g5m\metadata\images\analysis_5699-image_0.png,kc_candidate_question_outputs\images\analysis_5699-image_0.png
56,单一变量还原问题,5702,analysis_5702-image_0,analysis,..\data\xes3g5m\metadata\images\analysis_5702-image_0.png,kc_candidate_question_outputs\images\analysis_5702-image_0.png
56,单一变量还原问题,5883,analysis_5883-image_0,analysis,..\data\xes3g5m\metadata\images\analysis_5883-image_0.png,kc_candidate_question_outputs\images\analysis_5883-image_0.png
56,单一变量还原问题,6261,analysis_6261-image_0,analysis,..\data\xes3g5m\metadata\images\analysis_6261-image_0.png,kc_candidate_question_outputs\images\analysis_6261-image_0.png
56,单一变量还原问题,6289,analysis_6289-image_0,analysis,..\data\xes3g5m\metadata\images\analysis_6289-image_0.png,kc_candidate_question_outputs\images\analysis_6289-image_0.png
56,单一变量还原问题,6289,analysis_6289-image_1,analysis,..\data\xes3g5m\metadata\images\analysis_6289-image_1.png,kc_candidate_question_outputs\images\analysis_6289-image_1.png
56,单一变量还原问题,6289,analysis_6289-image_2,analysis,..\data\xes3g5m\metadata\images\analysis_6289-image_2.png,kc_candidate_question_outputs\images\analysis_6289-image_2.png
56,单一变量还原问题,6289,analysis_6289-image_3,analysis,..\data\xes3g5m\metadata\images\analysis_6289-image_3.png,kc_candidate_question_outputs\images\analysis_6289-image_3.png
56,单一变量还原问题,7070,analysis_7070-image_0,analysis,..\data\xes3g5m\metadata\images\analysis_7070-image_0.png,kc_candidate_question_outputs\images\analysis_7070-image_0.png
56,单一变量还原问题,7070,analysis_7070-image_1,analysis,..\data\xes3g5m\metadata\images\analysis_7070-image_1.png,kc_candidate_question_outputs\images\analysis_7070-image_1.png
56,单一变量还原问题,7070,analysis_7070-image_2,analysis,..\data\xes3g5m\metadata\images\analysis_7070-image_2.png,kc_candidate_question_outputs\images\analysis_7070-image_2.png
56,单一变量还原问题,7070,analysis_7070-image_3,analysis,..\data\xes3g5m\metadata\images\analysis_7070-image_3.png,kc_candidate_question_outputs\images\analysis_7070-image_3.png
56,单一变量还原问题,7071,analysis_7071-image_0,analysis,..\data\xes3g5m\metadata\images\analysis_7071-image_0.png,kc_candidate_question_outputs\images\analysis_7071-image_0.png
56,单一变量还原问题,7224,analysis_7224-image_0,analysis,..\data\xes3g5m\metadata\images\analysis_7224-image_0.png,kc_candidate_question_outputs\images\analysis_7224-image_0.png
56,单一变量还原问题,7357,analysis_7357-image_0,analysis,..\data\xes3g5m\metadata\images\analysis_7357-image_0.png,kc_candidate_question_outputs\images\analysis_7357-image_0.png
148,直接求平均数,279,question_279-image_1,options.A,..\data\xes3g5m\metadata\images\question_279-image_1.png,kc_candidate_question_outputs\images\question_279-image_1.png
148,直接求平均数,279,question_279-image_1,options.B,..\data\xes3g5m\metadata\images\question_279-image_1.png,kc_candidate_question_outputs\images\question_279-image_1.png
148,直接求平均数,279,question_279-image_1,options.C,..\data\xes3g5m\metadata\images\question_279-image_1.png,kc_candidate_question_outputs\images\question_279-image_1.png
148,直接求平均数,279,question_279-image_1,options.D,..\data\xes3g5m\metadata\images\question_279-image_1.png,kc_candidate_question_outputs\images\question_279-image_1.png
148,直接求平均数,829,analysis_829-image_0,analysis,..\data\xes3g5m\metadata\images\analysis_829-image_0.png,kc_candidate_question_outputs\images\analysis_829-image_0.png
148,直接求平均数,2303,question_2303-image_0,content,..\data\xes3g5m\metadata\images\question_2303-image_0.png,kc_candidate_question_outputs\images\question_2303-image_0.png
148,直接求平均数,3391,question_3391-image_0,content,..\data\xes3g5m\metadata\images\question_3391-image_0.png,kc_candidate_question_outputs\images\question_3391-image_0.png
148,直接求平均数,5272,question_5272-image_0,content,..\data\xes3g5m\metadata\images\question_5272-image_0.png,kc_candidate_question_outputs\images\question_5272-image_0.png
148,直接求平均数,5682,question_5682-image_0,content,..\data\xes3g5m\metadata\images\question_5682-image_0.png,kc_candidate_question_outputs\images\question_5682-image_0.png
148,直接求平均数,5683,question_5683-image_0,content,..\data\xes3g5m\metadata\images\question_5683-image_0.png,kc_candidate_question_outputs\images\question_5683-image_0.png
148,直接求平均数,6032,question_6032-image_0,content,..\data\xes3g5m\metadata\images\question_6032-image_0.png,kc_candidate_question_outputs\images\question_6032-image_0.png
148,直接求平均数,6087,question_6087-image_0,content,..\data\xes3g5m\metadata\images\question_6087-image_0.png,kc_candidate_question_outputs\images\question_6087-image_0.png
148,直接求平均数,6381,question_6381-image_0,content,..\data\xes3g5m\metadata\images\question_6381-image_0.png,kc_candidate_question_outputs\images\question_6381-image_0.png
148,直接求平均数,6600,question_6600-image_0,content,..\data\xes3g5m\metadata\images\question_6600-image_0.png,kc_candidate_question_outputs\images\question_6600-image_0.png
148,直接求平均数,6862,question_6862-image_0,content,..\data\xes3g5m\metadata\images\question_6862-image_0.png,kc_candidate_question_outputs\images\question_6862-image_0.png
148,直接求平均数,7065,question_7065-image_0,content,..\data\xes3g5m\metadata\images\question_7065-image_0.png,kc_candidate_question_outputs\images\question_7065-image_0.png
148,直接求平均数,7317,question_7317-image_0,content,..\data\xes3g5m\metadata\images\question_7317-image_0.png,kc_candidate_question_outputs\images\question_7317-image_0.png
154,分数的意义,833,question_833-image_1,options.A,..\data\xes3g5m\metadata\images\question_833-image_1.png,kc_candidate_question_outputs\images\question_833-image_1.png
154,分数的意义,833,question_833-image_1,options.B,..\data\xes3g5m\metadata\images\question_833-image_1.png,kc_candidate_question_outputs\images\question_833-image_1.png
154,分数的意义,833,question_833-image_1,options.C,..\data\xes3g5m\metadata\images\question_833-image_1.png,kc_candidate_question_outputs\images\question_833-image_1.png
154,分数的意义,833,question_833-image_1,options.D,..\data\xes3g5m\metadata\images\question_833-image_1.png,kc_candidate_question_outputs\images\question_833-image_1.png
154,分数的意义,834,question_834-image_0,content,..\data\xes3g5m\metadata\images\question_834-image_0.png,kc_candidate_question_outputs\images\question_834-image_0.png
154,分数的意义,5127,question_5127-image_1,options.A,..\data\xes3g5m\metadata\images\question_5127-image_1.png,kc_candidate_question_outputs\images\question_5127-image_1.png
154,分数的意义,5127,question_5127-image_1,options.B,..\data\xes3g5m\metadata\images\question_5127-image_1.png,kc_candidate_question_outputs\images\question_5127-image_1.png
154,分数的意义,5127,question_5127-image_1,options.C,..\data\xes3g5m\metadata\images\question_5127-image_1.png,kc_candidate_question_outputs\images\question_5127-image_1.png
154,分数的意义,5760,question_5760-image_0,content,..\data\xes3g5m\metadata\images\question_5760-image_0.png,kc_candidate_question_outputs\images\question_5760-image_0.png
154,分数的意义,7262,question_7262-image_0,content,..\data\xes3g5m\metadata\images\question_7262-image_0.png,kc_candidate_question_outputs\images\question_7262-image_0.png
154,分数的意义,7263,question_7263-image_0,content,..\data\xes3g5m\metadata\images\question_7263-image_0.png,kc_candidate_question_outputs\images\question_7263-image_0.png
154,分数的意义,7263,question_7263-image_2,content,..\data\xes3g5m\metadata\images\question_7263-image_2.png,kc_candidate_question_outputs\images\question_7263-image_2.png
154,分数的意义,7264,question_7264-image_1,content,..\data\xes3g5m\metadata\images\question_7264-image_1.png,kc_candidate_question_outputs\images\question_7264-image_1.png
154,分数的意义,7264,question_7264-image_3,content,..\data\xes3g5m\metadata\images\question_7264-image_3.png,kc_candidate_question_outputs\images\question_7264-image_3.png
154,分数的意义,7265,question_7265-image_0,content,..\data\xes3g5m\metadata\images\question_7265-image_0.png,kc_candidate_question_outputs\images\question_7265-image_0.png
154,分数的意义,7569,question_7569-image_0,content,..\data\xes3g5m\metadata\images\question_7569-image_0.png,kc_candidate_question_outputs\images\question_7569-image_0.png
231,减法竖式谜,463,question_463-image_0,content,..\data\xes3g5m\metadata\images\question_463-image_0.png,kc_candidate_question_outputs\images\question_463-image_0.png
231,减法竖式谜,849,question_849-image_0,content,..\data\xes3g5m\metadata\images\question_849-image_0.png,kc_candidate_question_outputs\images\question_849-image_0.png
231,减法竖式谜,864,question_864-image_0,content,..\data\xes3g5m\metadata\images\question_864-image_0.png,kc_candidate_question_outputs\images\question_864-image_0.png
231,减法竖式谜,864,analysis_864-image_0,analysis,..\data\xes3g5m\metadata\images\analysis_864-image_0.png,kc_candidate_question_outputs\images\analysis_864-image_0.png
231,减法竖式谜,868,question_868-image_0,content,..\data\xes3g5m\metadata\images\question_868-image_0.png,kc_candidate_question_outputs\images\question_868-image_0.png
231,减法竖式谜,1386,question_1386-image_0,content,..\data\xes3g5m\metadata\images\question_1386-image_0.png,kc_candidate_question_outputs\images\question_1386-image_0.png
231,减法竖式谜,2318,question_2318-image_0,content,..\data\xes3g5m\metadata\images\question_2318-image_0.png,kc_candidate_question_outputs\images\question_2318-image_0.png
231,减法竖式谜,2318,question_2318-image_1,content,..\data\xes3g5m\metadata\images\question_2318-image_1.png,kc_candidate_question_outputs\images\question_2318-image_1.png
231,减法竖式谜,2318,analysis_2318-image_0,analysis,..\data\xes3g5m\metadata\images\analysis_2318-image_0.png,kc_candidate_question_outputs\images\analysis_2318-image_0.png
231,减法竖式谜,2318,analysis_2318-image_1,analysis,..\data\xes3g5m\metadata\images\analysis_2318-image_1.png,kc_candidate_question_outputs\images\analysis_2318-image_1.png
231,减法竖式谜,2323,question_2323-image_0,content,..\data\xes3g5m\metadata\images\question_2323-image_0.png,kc_candidate_question_outputs\images\question_2323-image_0.png
231,减法竖式谜,2585,question_2585-image_0,content,..\data\xes3g5m\metadata\images\question_2585-image_0.png,kc_candidate_question_outputs\images\question_2585-image_0.png
231,减法竖式谜,2586,question_2586-image_0,content,..\data\xes3g5m\metadata\images\question_2586-image_0.png,kc_candidate_question_outputs\images\question_2586-image_0.png
231,减法竖式谜,2586,analysis_2586-image_0,analysis,..\data\xes3g5m\metadata\images\analysis_2586-image_0.png,kc_candidate_question_outputs\images\analysis_2586-image_0.png
231,减法竖式谜,2586,analysis_2586-image_1,analysis,..\data\xes3g5m\metadata\images\analysis_2586-image_1.png,kc_candidate_question_outputs\images\analysis_2586-image_1.png
231,减法竖式谜,2586,analysis_2586-image_2,analysis,..\data\xes3g5m\metadata\images\analysis_2586-image_2.png,kc_candidate_question_outputs\images\analysis_2586-image_2.png
231,减法竖式谜,2588,question_2588-image_0,content,..\data\xes3g5m\metadata\images\question_2588-image_0.png,kc_candidate_question_outputs\images\question_2588-image_0.png
231,减法竖式谜,2588,analysis_2588-image_0,analysis,..\data\xes3g5m\metadata\images\analysis_2588-image_0.png,kc_candidate_question_outputs\images\analysis_2588-image_0.png
231,减法竖式谜,3035,question_3035-image_0,content,..\data\xes3g5m\metadata\images\question_3035-image_0.png,kc_candidate_question_outputs\images\question_3035-image_0.png
231,减法竖式谜,3036,question_3036-image_0,content,..\data\xes3g5m\metadata\images\question_3036-image_0.png,kc_candidate_question_outputs\images\question_3036-image_0.png
231,减法竖式谜,3681,question_3681-image_0,content,..\data\xes3g5m\metadata\images\question_3681-image_0.png,kc_candidate_question_outputs\images\question_3681-image_0.png
231,减法竖式谜,3683,question_3683-image_0,content,..\data\xes3g5m\metadata\images\question_3683-image_0.png,kc_candidate_question_outputs\images\question_3683-image_0.png
231,减法竖式谜,3819,question_3819-image_0,content,..\data\xes3g5m\metadata\images\question_3819-image_0.png,kc_candidate_question_outputs\images\question_3819-image_0.png
231,减法竖式谜,4248,question_4248-image_0,content,..\data\xes3g5m\metadata\images\question_4248-image_0.png,kc_candidate_question_outputs\images\question_4248-image_0.png
231,减法竖式谜,4249,question_4249-image_0,content,..\data\xes3g5m\metadata\images\question_4249-image_0.png,kc_candidate_question_outputs\images\question_4249-image_0.png
231,减法竖式谜,5266,question_5266-image_0,content,..\data\xes3g5m\metadata\images\question_5266-image_0.png,kc_candidate_question_outputs\images\question_5266-image_0.png
231,减法竖式谜,5266,analysis_5266-image_0,analysis,..\data\xes3g5m\metadata\images\analysis_5266-image_0.png,kc_candidate_question_outputs\images\analysis_5266-image_0.png
231,减法竖式谜,5573,question_5573-image_0,content,..\data\xes3g5m\metadata\images\question_5573-image_0.png,kc_candidate_question_outputs\images\question_5573-image_0.png
231,减法竖式谜,5577,question_5577-image_0,content,..\data\xes3g5m\metadata\images\question_5577-image_0.png,kc_candidate_question_outputs\images\question_5577-image_0.png
231,减法竖式谜,6044,question_6044-image_0,content,..\data\xes3g5m\metadata\images\question_6044-image_0.png,kc_candidate_question_outputs\images\question_6044-image_0.png
231,减法竖式谜,6136,question_6136-image_0,content,..\data\xes3g5m\metadata\images\question_6136-image_0.png,kc_candidate_question_outputs\images\question_6136-image_0.png
231,减法竖式谜,6136,analysis_6136-image_0,analysis,..\data\xes3g5m\metadata\images\analysis_6136-image_0.png,kc_candidate_question_outputs\images\analysis_6136-image_0.png
231,减法竖式谜,6136,analysis_6136-image_1,analysis,..\data\xes3g5m\metadata\images\analysis_6136-image_1.png,kc_candidate_question_outputs\images\analysis_6136-image_1.png
231,减法竖式谜,7250,question_7250-image_0,content,..\data\xes3g5m\metadata\images\question_7250-image_0.png,kc_candidate_question_outputs\images\question_7250-image_0.png
231,减法竖式谜,7253,question_7253-image_0,content,..\data\xes3g5m\metadata\images\question_7253-image_0.png,kc_candidate_question_outputs\images\question_7253-image_0.png
231,减法竖式谜,7257,question_7257-image_0,content,..\data\xes3g5m\metadata\images\question_7257-image_0.png,kc_candidate_question_outputs\images\question_7257-image_0.png
231,减法竖式谜,7459,question_7459-image_0,content,..\data\xes3g5m\metadata\images\question_7459-image_0.png,kc_candidate_question_outputs\images\question_7459-image_0.png
231,减法竖式谜,7459,analysis_7459-image_0,analysis,..\data\xes3g5m\metadata\images\analysis_7459-image_0.png,kc_candidate_question_outputs\images\analysis_7459-image_0.png
214,加法拆数（应用）,3721,question_3721-image_0,content,..\data\xes3g5m\metadata\images\question_3721-image_0.png,kc_candidate_question_outputs\images\question_3721-image_0.png
214,加法拆数（应用）,3806,analysis_3806-image_0,analysis,..\data\xes3g5m\metadata\images\analysis_3806-image_0.png,kc_candidate_question_outputs\images\analysis_3806-image_0.png
214,加法拆数（应用）,4930,question_4930-image_0,content,..\data\xes3g5m\metadata\images\question_4930-image_0.png,kc_candidate_question_outputs\images\question_4930-image_0.png
214,加法拆数（应用）,5001,question_5001-image_0,content,..\data\xes3g5m\metadata\images\question_5001-image_0.png,kc_candidate_question_outputs\images\question_5001-image_0.png
214,加法拆数（应用）,5038,question_5038-image_0,content,..\data\xes3g5m\metadata\images\question_5038-image_0.png,kc_candidate_question_outputs\images\question_5038-image_0.png
214,加法拆数（应用）,5039,question_5039-image_0,content,..\data\xes3g5m\metadata\images\question_5039-image_0.png,kc_candidate_question_outputs\images\question_5039-image_0.png
214,加法拆数（应用）,5040,question_5040-image_0,content,..\data\xes3g5m\metadata\images\question_5040-image_0.png,kc_candidate_question_outputs\images\question_5040-image_0.png
214,加法拆数（应用）,5054,question_5054-image_0,content,..\data\xes3g5m\metadata\images\question_5054-image_0.png,kc_candidate_question_outputs\images\question_5054-image_0.png
214,加法拆数（应用）,5933,question_5933-image_0,content,..\data\xes3g5m\metadata\images\question_5933-image_0.png,kc_candidate_question_outputs\images\question_5933-image_0.png
214,加法拆数（应用）,6075,analysis_6075-image_0,analysis,..\data\xes3g5m\metadata\images\analysis_6075-image_0.png,kc_candidate_question_outputs\images\analysis_6075-image_0.png
214,加法拆数（应用）,6369,question_6369-image_0,content,..\data\xes3g5m\metadata\images\question_6369-image_0.png,kc_candidate_question_outputs\images\question_6369-image_0.png
214,加法拆数（应用）,6679,analysis_6679-image_0,analysis,..\data\xes3g5m\metadata\images\analysis_6679-image_0.png,kc_candidate_question_outputs\images\analysis_6679-image_0.png
214,加法拆数（应用）,6683,question_6683-image_0,content,..\data\xes3g5m\metadata\images\question_6683-image_0.png,kc_candidate_question_outputs\images\question_6683-image_0.png
214,加法拆数（应用）,7013,question_7013-image_0,content,..\data\xes3g5m\metadata\images\question_7013-image_0.png,kc_candidate_question_outputs\images\question_7013-image_0.png
214,加法拆数（应用）,7090,question_7090-image_0,content,..\data\xes3g5m\metadata\images\question_7090-image_0.png,kc_candidate_question_outputs\images\question_7090-image_0.png
214,加法拆数（应用）,7332,question_7332-image_0,content,..\data\xes3g5m\metadata\images\question_7332-image_0.png,kc_candidate_question_outputs\images\question_7332-image_0.png
